{"type": "FeatureCollection", "features": [{"type": "Feature", "properties": {"NUTS_ID": "CZ020", "LEVL_CODE": 3, "CNTR_CODE": "CZ", "NAME_LATN": "Středočeský kraj", "NUTS_NAME": "Středočeský kraj", "MOUNT_TYPE": null, "URBN_TYPE": 2, "COAST_TYPE": null, "NAME_ENGL": "Czechia", "NAME_FREN": "Tchéquie", "ISO3_CODE": "CZE", "SVRG_UN": "UN Member State", "CAPT": "Prague", "EU_STAT": "T", "EFTA_STAT": "F", "CC_STAT": "F", "NAME_GERM": "Tschechien"}, "geometry": {"type": "MultiPolygon", "coordinates": [[[[14.954007402000059, 50.59676508700005], [14.959488818000068, 50.594519683000044], [14.969224094000026, 50.59749077200007], [14.972287634000054, 50.59842572700006], [14.974624978000065, 50.60365214900003], [14.978143168000031, 50.604839380000044], [14.98995829300003, 50.600481871000056], [14.998929709000038, 50.60065191900003], [15.00517962500004, 50.60352474200005], [15.010125985000059, 50.59678932000003], [15.017015107000077, 50.587408451000044], [15.020694347000074, 50.58582500300008], [15.021952936000048, 50.58539342000006], [15.026431241000068, 50.583296622000034], [15.037670321000064, 50.57803434600004], [15.039450487000067, 50.57252311800005], [15.041088526000067, 50.56745190300006], [15.054717199000038, 50.56953580700008], [15.06497272300004, 50.57110393600004], [15.067555480000067, 50.566934555000046], [15.068540147000022, 50.56534499400004], [15.075665240000035, 50.562635398000054], [15.076260070000046, 50.562355436000075], [15.09259095300007, 50.55466915200003], [15.09525691400006, 50.545127570000034], [15.098063447000072, 50.53508287600005], [15.104952636000064, 50.532267484000045], [15.108652883000047, 50.532572756000036], [15.114407320000055, 50.533047500000066], [15.117874218000054, 50.53024305100007], [15.118000042000062, 50.53014126900007], [15.11834441700006, 50.53012425800006], [15.130711048000023, 50.52951339500004], [15.13740110200007, 50.52767264200003], [15.14022165800003, 50.52459712700005], [15.141765730000031, 50.522913481000046], [15.146770550000042, 50.522942595000075], [15.141612331000033, 50.520811612000045], [15.13996867800006, 50.51838784500006], [15.136502500000063, 50.513276543000075], [15.128990164000072, 50.51103628300007], [15.114769392000028, 50.50679549500006], [15.114273997000055, 50.50295754700005], [15.118807889000038, 50.496751912000036], [15.122237254000026, 50.496744894000074], [15.122986132000051, 50.49674336100003], [15.134419863000062, 50.48872318800005], [15.135391896000044, 50.48483863000007], [15.13320163000003, 50.48245378900003], [15.130240076000064, 50.479229142000065], [15.13684442500005, 50.47770572500008], [15.14207521000003, 50.47649914700003], [15.143130130000031, 50.47252038100004], [15.138287559000048, 50.47012812300005], [15.136500904000059, 50.46924550500006], [15.137138752000055, 50.46554744800005], [15.137670964000051, 50.46246184100005], [15.135367866000024, 50.45848633400004], [15.130913711000062, 50.45079776800003], [15.133917495000048, 50.44808102300004], [15.13667807400003, 50.44868295400005], [15.138611694000076, 50.44910457000003], [15.147783971000024, 50.44688842900007], [15.152966107000054, 50.43929342700005], [15.150688095000078, 50.43195370700005], [15.16147355000004, 50.42563546000008], [15.156169600000055, 50.41003991500003], [15.15159214700003, 50.40496785300007], [15.149511478000022, 50.405473345000075], [15.147881652000024, 50.40665909200004], [15.147662051000054, 50.406818858000065], [15.144062585000029, 50.404201009000076], [15.14189101900007, 50.40457504200003], [15.139512684000067, 50.404503101000046], [15.137060932000054, 50.40416408300007], [15.140428158000077, 50.39817055700007], [15.137978471000054, 50.394473196000035], [15.13831323900007, 50.394089646000054], [15.143609593000065, 50.388021507000076], [15.125740578000034, 50.38811004400003], [15.125035909000076, 50.38811353500006], [15.124570896000023, 50.38785358000007], [15.123211953000066, 50.38709389500008], [15.12237968200003, 50.387373137000054], [15.117823991000023, 50.38890165500004], [15.115654422000034, 50.38589856400006], [15.114817361000064, 50.38473991400008], [15.114508583000031, 50.38448980800007], [15.104144322000025, 50.37609491100005], [15.110748124000054, 50.37166907900007], [15.119235727000046, 50.36598073400006], [15.12652074500005, 50.36544605300003], [15.126694550000025, 50.36274403800007], [15.122223233000057, 50.35876212200003], [15.121216498000024, 50.35786557800003], [15.126592165000034, 50.34912999000005], [15.141906986000038, 50.34184527300005], [15.15703604500004, 50.34021935000004], [15.162589514000047, 50.34389351100003], [15.165649449000057, 50.34591795500006], [15.185496150000063, 50.34006762100006], [15.188269990000038, 50.33721199200005], [15.186156076000032, 50.33611013400008], [15.182209176000072, 50.334052850000035], [15.182051258000058, 50.328731968000056], [15.195212261000052, 50.32986500800007], [15.20077430200007, 50.32457636500004], [15.207414609000068, 50.32211749500004], [15.216916010000034, 50.31859917700007], [15.216433445000064, 50.31578835900007], [15.20809967100007, 50.31362580900003], [15.207056751000039, 50.312369981000074], [15.204827310000042, 50.309685407000075], [15.206887048000056, 50.30774752500008], [15.208983210000042, 50.30577537400006], [15.208544250000045, 50.30202033300003], [15.207947515000058, 50.29691562000005], [15.214756357000056, 50.29502209300006], [15.230649545000063, 50.29081287000008], [15.235914841000067, 50.28668913100006], [15.249440280000044, 50.29084442300007], [15.259214328000041, 50.29384721100007], [15.26798670100004, 50.29311758700004], [15.29593038300004, 50.28765443300006], [15.298461047000046, 50.286595936000026], [15.30185896300003, 50.28422944400006], [15.304674084000055, 50.282268842000065], [15.306845151000061, 50.28122394900004], [15.308165172000031, 50.28216990700008], [15.312097379000022, 50.28538603700008], [15.319476791000056, 50.29142161500005], [15.33311870600005, 50.294124888000056], [15.35050472100005, 50.29787759200008], [15.354584489000047, 50.29688297900003], [15.358253810000065, 50.291227570000046], [15.359356800000057, 50.28952756700005], [15.36325344200003, 50.28889107400005], [15.371035212000038, 50.28761996900005], [15.377464849000035, 50.284074771000064], [15.378376484000057, 50.27539714800008], [15.376776997000036, 50.27243133800005], [15.375989224000023, 50.27097063000008], [15.37763512600003, 50.26207230500006], [15.379569461000074, 50.259274524000034], [15.383211546000041, 50.25400668900005], [15.379270489000078, 50.252381152000055], [15.367007226000055, 50.24732301900008], [15.369598822000057, 50.246852570000044], [15.371835315000055, 50.24662357200003], [15.373858639000048, 50.23633412800007], [15.37444756900004, 50.23333917400004], [15.373787614000037, 50.23145504200005], [15.37250748100007, 50.22780033500004], [15.37793156500004, 50.22445947600005], [15.380403712000032, 50.21926046300007], [15.381081162000044, 50.219961854000076], [15.38244792100005, 50.22137691200004], [15.389996289000067, 50.217704043000026], [15.394756291000022, 50.21130694900006], [15.396334901000046, 50.20729162900005], [15.39358734700005, 50.203778226000054], [15.396897727000066, 50.19801887400007], [15.389203606000024, 50.190709868000056], [15.392425240000023, 50.18669085100004], [15.370615198000053, 50.17238892700004], [15.361178758000051, 50.166200986000035], [15.357730858000025, 50.16667322300003], [15.357057980000036, 50.16441774900005], [15.365857366000057, 50.16168307700008], [15.373001238000029, 50.159462905000055], [15.37372707700007, 50.156411296000044], [15.364856472000042, 50.15119951500003], [15.359035647000042, 50.147779583000045], [15.349135256000068, 50.14576410600006], [15.349256620000062, 50.14489609600008], [15.356069484000045, 50.14515502800003], [15.359736874000077, 50.14472934200006], [15.365663232000031, 50.14308289100006], [15.375218755000049, 50.144337137000036], [15.380842825000059, 50.145075345000066], [15.389593913000056, 50.140331425000056], [15.39143023500003, 50.13972071400008], [15.403150475000075, 50.13582287600008], [15.40323459900003, 50.13635927200005], [15.403948825000043, 50.140913356000056], [15.414565579000055, 50.13893335800003], [15.415539755000054, 50.13558839700005], [15.425189791000037, 50.130167233000066], [15.447151407000035, 50.12440111700005], [15.43969561700004, 50.11852130500006], [15.43605862100003, 50.115653085000076], [15.43758662600004, 50.109857549000026], [15.433572932000061, 50.11007047800007], [15.433580516000063, 50.108666268000036], [15.433612678000031, 50.10271088500008], [15.429663506000054, 50.10021715500005], [15.424060509000071, 50.100237425000046], [15.418568427000025, 50.10420218400003], [15.413753836000069, 50.107677859000034], [15.406000838000068, 50.10338422400008], [15.400170375000073, 50.09516270600005], [15.412048019000054, 50.09360866600008], [15.416265150000072, 50.09305690800005], [15.427700706000053, 50.088047532000076], [15.414433607000035, 50.086783995000076], [15.406031820000067, 50.08598382200006], [15.41281643800005, 50.07451434800004], [15.413263779000033, 50.073758112000064], [15.41297720700004, 50.06294108800006], [15.396906218000026, 50.06118313200005], [15.391393023000035, 50.06097504400003], [15.382519956000067, 50.06064014200007], [15.375451263000059, 50.05567190800008], [15.385588638000058, 50.05319435300004], [15.400471616000061, 50.04955698300006], [15.402428529000076, 50.04680638500008], [15.383732551000037, 50.04710744800008], [15.379121094000027, 50.04718170700005], [15.365309134000029, 50.04124574900004], [15.377368027000045, 50.027717884000026], [15.401798235000058, 50.01864809600005], [15.403285594000067, 50.01959515900006], [15.407077319000052, 50.02200950500003], [15.428266842000028, 50.01690248500006], [15.426433527000029, 50.01353112900006], [15.424813536000045, 50.010552063000034], [15.428179169000032, 50.00842957200007], [15.435528433000059, 50.00998211700005], [15.445861084000057, 50.00607144800006], [15.44996442400003, 50.00736677500004], [15.458491151000032, 50.01005846100003], [15.459078633000047, 50.00655378600004], [15.457807365000065, 50.00531217200006], [15.45524355200007, 50.002808163000054], [15.459873941000069, 49.998202450000065], [15.46424818500003, 49.99924671600007], [15.466344788000072, 50.00307563600006], [15.468046741000023, 50.00618382700003], [15.474999697000044, 50.00168246800007], [15.473306095000055, 50.000232065000034], [15.471936130000074, 49.997854440000026], [15.47230621500006, 49.99552357300007], [15.47391890800003, 49.99439502000007], [15.47182275700004, 49.992898482000044], [15.467254768000032, 49.990696557000035], [15.46135448900003, 49.98785242300005], [15.464168335000068, 49.98510713200005], [15.469107300000076, 49.982414031000076], [15.471264383000062, 49.98186004200005], [15.474296984000034, 49.981141612000044], [15.476644853000039, 49.97979850300004], [15.492757295000047, 49.972360620000075], [15.497061471000052, 49.97025434400007], [15.499790912000037, 49.96919940400005], [15.502788053000074, 49.967640403000075], [15.511521863000041, 49.96758835900005], [15.517721317000053, 49.96755141700004], [15.51925844300007, 49.96447268600008], [15.519862985000032, 49.963261841000076], [15.52223467600004, 49.963274099000046], [15.527180452000039, 49.963299660000075], [15.53258216300003, 49.96002135500004], [15.528922086000023, 49.95513189600007], [15.531632201000036, 49.95254571100003], [15.530585900000062, 49.94766703600004], [15.523702362000051, 49.94603783500003], [15.521505576000038, 49.94551789800005], [15.517693554000061, 49.940041989000065], [15.522462229000041, 49.936666314000036], [15.531990825000037, 49.92992115900006], [15.533668445000046, 49.929779376000056], [15.533096514000022, 49.92529059200007], [15.52778492400006, 49.92049405500006], [15.522904509000057, 49.91608688300005], [15.519338006000055, 49.91121995600008], [15.516863552000075, 49.90539287900003], [15.51781640400003, 49.90360812200004], [15.518893134000052, 49.90159133600008], [15.512483188000033, 49.898652051000056], [15.508251461000043, 49.898438687000066], [15.506740624000031, 49.89836251100007], [15.501266758000043, 49.89784455200004], [15.498454954000067, 49.895908656000074], [15.501163401000042, 49.890993868000066], [15.505401125000049, 49.88330403100008], [15.502240240000049, 49.88029358500006], [15.503426010000055, 49.87370354900003], [15.498490108000055, 49.87206680500003], [15.497651062000045, 49.871788577000075], [15.498261810000031, 49.87045044200005], [15.500287356000058, 49.86601252000003], [15.496953093000059, 49.86118464900005], [15.495371366000029, 49.85836645000006], [15.494430420000072, 49.85804189500004], [15.493291197000076, 49.85455503700007], [15.489817716000061, 49.850032759000044], [15.484074319000058, 49.85226862500008], [15.48318699500004, 49.85261405400007], [15.47583922900003, 49.85121374800008], [15.475058905000026, 49.84602722000005], [15.474719943000025, 49.843774266000025], [15.471439059000033, 49.84352118700008], [15.467197940000062, 49.843194038000036], [15.465539474000025, 49.841188318000036], [15.463118013000042, 49.83825984500004], [15.459438590000047, 49.84153683800008], [15.456023963000064, 49.844577996000055], [15.446775213000024, 49.84486102500006], [15.43394160300005, 49.83726033600004], [15.43203171500005, 49.83453836800004], [15.430408631000034, 49.83222515300008], [15.426281498000037, 49.83115563600006], [15.41886011300005, 49.82923243600004], [15.415046975000052, 49.82434213400006], [15.416355903000067, 49.818974368000056], [15.42795780800003, 49.81617051900008], [15.433709329000067, 49.80652129900005], [15.435347869000054, 49.80584277200006], [15.438950098000078, 49.80435107100004], [15.435300107000046, 49.80273704700005], [15.434541893000073, 49.798480762000054], [15.423856514000022, 49.79242339600006], [15.39762462300007, 49.796054671000036], [15.391903108000065, 49.79365774400003], [15.389881167000055, 49.79765524600003], [15.388677440000038, 49.800035087000026], [15.37441192700004, 49.79083739600003], [15.37091805600005, 49.78784488100007], [15.37054382100007, 49.78679614200007], [15.366680379000059, 49.77596939700004], [15.362177678000023, 49.77872531300005], [15.357574882000051, 49.77841847000008], [15.346160090000069, 49.769369538000035], [15.344648447000054, 49.77139260900003], [15.344167823000078, 49.77203584100005], [15.338487189000034, 49.774433646000034], [15.314668778000055, 49.76612036200004], [15.304599168000038, 49.766537923000044], [15.291325045000065, 49.76463363600004], [15.286268577000044, 49.764420001000076], [15.283347417000073, 49.75932361400004], [15.272853338000061, 49.75494613800004], [15.266028534000043, 49.752099255000076], [15.257322153000075, 49.75418307700005], [15.252172881000035, 49.75563251800003], [15.253279251000038, 49.75816734500006], [15.25449182500006, 49.76094549800007], [15.249039405000076, 49.76306424900008], [15.227441193000061, 49.75613847600005], [15.222665993000078, 49.751609373000065], [15.220246704000033, 49.74786441500004], [15.222653447000027, 49.746033871000066], [15.227663392000068, 49.742223360000025], [15.219845510000027, 49.740061827000034], [15.216120481000075, 49.73903190900006], [15.215986213000065, 49.73185370300007], [15.215872107000052, 49.72575343200003], [15.207854465000025, 49.723350835000076], [15.200652203000061, 49.72119257700007], [15.195793088000073, 49.71562451500006], [15.192204631000038, 49.71151250100007], [15.188625381000065, 49.711033], [15.183051823000028, 49.71028632900004], [15.17754306300003, 49.696440375000066], [15.181686419000073, 49.67322257400008], [15.186230108000075, 49.66767105300005], [15.190979613000025, 49.66954766200007], [15.196663915000045, 49.67179362400003], [15.201807037000037, 49.667619423000076], [15.20715546200006, 49.663278597000044], [15.215069163000067, 49.665257593000035], [15.21665822600005, 49.66565497300007], [15.234744456000044, 49.665396040000076], [15.236151693000068, 49.65923336900005], [15.237198208000052, 49.654650401000026], [15.241746832000047, 49.65055982300004], [15.249480940000069, 49.643604538000034], [15.250486813000066, 49.64138558800005], [15.248520835000022, 49.64005880800005], [15.248211363000053, 49.639849954000056], [15.246215600000028, 49.63763503800004], [15.246894722000036, 49.63617413900005], [15.249307155000054, 49.63098461100003], [15.244547469000054, 49.624016651000034], [15.22073815300007, 49.61285655700004], [15.219764245000022, 49.61314910100003], [15.214425246000076, 49.61282892300005], [15.213496204000023, 49.61277320800008], [15.20143758200004, 49.612050056000044], [15.195536073000028, 49.61531375100003], [15.187654421000047, 49.61967251900006], [15.179266908000045, 49.61411101500005], [15.179487572000028, 49.61164711400005], [15.179584529000067, 49.61056449900008], [15.178789578000021, 49.61088484900006], [15.17155027900003, 49.613802141000065], [15.16973181700007, 49.61035950400003], [15.172929733000046, 49.609473078000065], [15.164545826000051, 49.596679480000034], [15.16463701300006, 49.595429111000044], [15.165103005000049, 49.58903938200007], [15.153285749000077, 49.59148346000006], [15.151558943000055, 49.59382229300007], [15.14546051900004, 49.60208216700005], [15.132594415000028, 49.600298707000036], [15.125484406000055, 49.59931313900006], [15.119108015000052, 49.60490433200005], [15.11438796400006, 49.60904314800007], [15.104445485000042, 49.607751637000035], [15.103522224000073, 49.60515484300004], [15.102585070000032, 49.602518976000056], [15.097779980000041, 49.603945026000076], [15.09607186900007, 49.60445195700004], [15.09357312800006, 49.60305869600006], [15.08772822000003, 49.59979966000003], [15.068769967000037, 49.59592904400006], [15.05441520100004, 49.59449992700007], [15.051388803000066, 49.59633175300007], [15.045150933000059, 49.60010742700007], [15.035034823000046, 49.60100297400004], [15.030074910000053, 49.59950362400008], [15.02146698100006, 49.59690150100005], [15.007585332000076, 49.60135253100003], [15.005793667000034, 49.603117086000054], [15.00108711300004, 49.60775242700004], [14.98118512600007, 49.60631657000005], [14.974216498000033, 49.60242253800004], [14.97023858600005, 49.595792267000036], [14.975884621000034, 49.59356646200007], [14.98162588200006, 49.59130311700005], [14.992666758000041, 49.58171094700003], [14.955490505000057, 49.576751356000045], [14.950184714000045, 49.57767170200003], [14.940860018000024, 49.57928916900005], [14.940997835000076, 49.573747737000076], [14.941008211000053, 49.573330533000046], [14.940647873000046, 49.57278712400006], [14.937163586000054, 49.56753262600006], [14.938271039000028, 49.566262936000044], [14.946221310000055, 49.557147986000075], [14.93490057200006, 49.55701131600006], [14.933392583000057, 49.556993111000054], [14.93201872700007, 49.54910091800008], [14.925286306000032, 49.549743799000055], [14.924316503000057, 49.54800680100004], [14.922391042000072, 49.54455814200003], [14.90548629600005, 49.54412028000007], [14.889432455000076, 49.559901428000046], [14.88382275600003, 49.57212364800006], [14.88281306700003, 49.57432352400008], [14.881484130000047, 49.57485451000008], [14.874234045000037, 49.57775133300004], [14.875159514000075, 49.582239894000054], [14.876069295000036, 49.586652368000045], [14.869060382000043, 49.588551419000055], [14.868459460000054, 49.59147051000008], [14.863333843000078, 49.587205968000035], [14.853689146000022, 49.58556733000006], [14.850998103000052, 49.58204071700004], [14.847840705000067, 49.57790294500006], [14.842579464000039, 49.58017958500005], [14.826909555000043, 49.587304962000076], [14.81887006900007, 49.59608874700007], [14.814208068000028, 49.60118235700003], [14.808252934000052, 49.60252350700006], [14.803405370000064, 49.603032109000026], [14.780324625000048, 49.60545372200005], [14.773666995000042, 49.61151503100007], [14.768822101000069, 49.615925970000035], [14.767332795000073, 49.621018658000025], [14.762352091000025, 49.611239167000065], [14.761987991000069, 49.61052426500004], [14.76102030100003, 49.610482008000076], [14.752463958000021, 49.610108368000056], [14.742513329000076, 49.60306005500007], [14.743734093000057, 49.60065432400006], [14.745428926000045, 49.59731435900005], [14.743893064000076, 49.59501257200003], [14.73577104800006, 49.59612711500006], [14.72930961000003, 49.59701378500006], [14.728689407000047, 49.59130338600005], [14.729691893000052, 49.58994726100008], [14.732416876000059, 49.58626100500004], [14.731198084000027, 49.58158794000008], [14.726624917000038, 49.57919189800003], [14.725943665000045, 49.57930103000007], [14.723012465000068, 49.57977058800003], [14.721786721000058, 49.56854214100008], [14.724842894000062, 49.56740966400008], [14.728030595000064, 49.56622844900005], [14.727186192000033, 49.56266856800005], [14.726611760000026, 49.56024684600004], [14.729756477000024, 49.557468217000064], [14.737531194000042, 49.550598584000056], [14.710216693000064, 49.541631073000076], [14.70068714200005, 49.54284971700008], [14.694576514000062, 49.54363114700004], [14.693519178000031, 49.541214059000026], [14.692362815000024, 49.53857059200004], [14.691056279000065, 49.53891965200006], [14.688041157000043, 49.538494780000065], [14.685987475000047, 49.53820538800005], [14.672949723000045, 49.52899121200005], [14.666148153000051, 49.528173509000055], [14.655216446000054, 49.51961489100006], [14.650961455000072, 49.518108244000075], [14.654810825000027, 49.51403528700007], [14.654386583000075, 49.51244700400008], [14.652591388000076, 49.50572612800005], [14.640397868000036, 49.50513375400004], [14.638694429000054, 49.51008515400008], [14.636706278000077, 49.51586413200005], [14.628932403000022, 49.51886850600005], [14.609068449000063, 49.52262396300006], [14.598304423000059, 49.52074164700008], [14.58531393900006, 49.51846998800005], [14.576407596000024, 49.52278540800006], [14.57624594400005, 49.52538683100005], [14.585207797000066, 49.53120988300003], [14.589927673000034, 49.534276668000075], [14.589249876000054, 49.54416561700003], [14.584267542000077, 49.53970299400004], [14.580903420000027, 49.53668978700006], [14.570302556000058, 49.53349035000008], [14.567411786000036, 49.53474064100004], [14.564341095000032, 49.53606875000003], [14.562660528000038, 49.53334186500007], [14.561660308000057, 49.53171891100004], [14.554630175000057, 49.53181740300005], [14.53563708200005, 49.536005712000076], [14.534822764000069, 49.536185283000066], [14.534693178000055, 49.536138221000044], [14.528062571000078, 49.53373017100006], [14.515079009000033, 49.53557449700003], [14.512641461000044, 49.53923393800005], [14.509632922000037, 49.54375059600005], [14.499082928000064, 49.54141258400006], [14.475213679000035, 49.54490513300004], [14.475956919000055, 49.54031919500005], [14.476185609000026, 49.53890813000004], [14.470861988000024, 49.53713433000007], [14.467202648000068, 49.53591505900005], [14.467104557000027, 49.534785543000055], [14.466816590000064, 49.53146958900004], [14.452529703000039, 49.53825707100003], [14.444541108000067, 49.54205233000005], [14.441561277000062, 49.54810093700007], [14.434346208000022, 49.54745656800003], [14.43189490900005, 49.545646549000026], [14.428349378000064, 49.54302855900005], [14.420673427000054, 49.549665049000055], [14.41504513600006, 49.55453116800004], [14.409154325000031, 49.55633254500003], [14.40651381300006, 49.55273261700006], [14.401397906000057, 49.555095520000066], [14.404808931000048, 49.55007975500007], [14.406672958000058, 49.54733878500008], [14.404567024000073, 49.54215536600003], [14.389550761000066, 49.54223334400007], [14.38668713800007, 49.54224821400004], [14.37654242800005, 49.535543895000046], [14.367639920000045, 49.52966050900005], [14.35793497800006, 49.52995429400005], [14.355198183000027, 49.52415196100003], [14.35238170200006, 49.52816504500004], [14.347023211000021, 49.52995836000008], [14.342551575000073, 49.53145487300003], [14.338376770000025, 49.52977536700007], [14.332108400000038, 49.52725362900003], [14.324134996000055, 49.528309654000054], [14.328744388000075, 49.529866680000055], [14.330474988000049, 49.53564622600004], [14.331657542000073, 49.53959550800005], [14.31211845100006, 49.54693101700008], [14.30619155200003, 49.54915613700007], [14.29998570500004, 49.545330524000065], [14.292263578000075, 49.54805833700004], [14.289925294000057, 49.55592635200003], [14.288743150000073, 49.55990410800007], [14.27498657800004, 49.56584449700006], [14.270411262000039, 49.564361871000074], [14.265730951000023, 49.56745145600007], [14.248435408000034, 49.563298254000074], [14.239952947000063, 49.56126135000005], [14.239415806000068, 49.56159992700003], [14.235369336000076, 49.564150545000075], [14.225606542000037, 49.56085145000003], [14.225517359000037, 49.556072802000074], [14.225407253000071, 49.55017301200007], [14.219803322000075, 49.54417925100006], [14.212565662000031, 49.54172413800006], [14.211605087000066, 49.54139829800005], [14.211913885000058, 49.54100206000004], [14.214287450000029, 49.537956387000065], [14.207736755000042, 49.53206052400003], [14.20187125600006, 49.532747818000075], [14.204731973000037, 49.53601027800005], [14.204924500000061, 49.53622984200007], [14.201518634000024, 49.537427541000056], [14.17430541400006, 49.534378117000074], [14.159325702000046, 49.53345562700008], [14.153142475000038, 49.53378040000007], [14.152216811000073, 49.532007226000076], [14.151309685000058, 49.53026956400004], [14.145627422000075, 49.53150493900006], [14.122144372000037, 49.53661036700004], [14.123943643000075, 49.52985205900006], [14.124253903000067, 49.52868667900003], [14.109590007000065, 49.52932275900008], [14.109391014000039, 49.52968025800004], [14.105782587000022, 49.53616292900006], [14.102023377000023, 49.535031838000066], [14.100405722000062, 49.529953886000044], [14.099992918000055, 49.528658062000034], [14.074226175000035, 49.52955627800003], [14.064274228000045, 49.53682914600006], [14.066154571000027, 49.54552408100005], [14.068137619000026, 49.55469393900006], [14.07662139000007, 49.55576035400003], [14.061888901000032, 49.56290188400004], [14.054455732000065, 49.55976796200008], [14.038521090000074, 49.55973361500003], [14.034336530000076, 49.55656128500004], [14.024290539000049, 49.54894538100007], [14.016408399000056, 49.55022704900006], [14.010203826000065, 49.55123593700006], [14.011661177000065, 49.546608915000036], [14.013905521000027, 49.53948322800005], [14.010552044000065, 49.53778068300005], [14.007592253000041, 49.53018366200007], [14.001276182000026, 49.53025616100007], [13.999264064000045, 49.530279257000075], [14.000113936000048, 49.52842602700008], [14.00216122200004, 49.52396171700008], [13.99816290800004, 49.51979343900007], [13.994618636000041, 49.52224491700008], [13.987982849000048, 49.52683471300003], [13.981923021000057, 49.524420074000034], [13.98310874200007, 49.520597431000056], [13.980486797000026, 49.51671171500004], [13.97831056900003, 49.51348655100003], [13.96718340800004, 49.51243025900004], [13.964191808000066, 49.51214626800004], [13.958011682000063, 49.514335783000035], [13.949665220000043, 49.51729279400007], [13.938934699000072, 49.51413054900007], [13.938463390000038, 49.51045572700008], [13.937886651000042, 49.50595886000008], [13.931893590000072, 49.501353091000055], [13.897174719000077, 49.508447226000044], [13.897019241000066, 49.51364126900006], [13.882919586000071, 49.51312378100005], [13.87935542300005, 49.51838692900003], [13.880144965000056, 49.52019754400004], [13.881294797000066, 49.52283439300004], [13.86079976600007, 49.52476015700006], [13.862384708000036, 49.521654252000076], [13.860141095000074, 49.519823418000044], [13.853784461000032, 49.514636274000054], [13.841698518000044, 49.51201713200004], [13.839657647000024, 49.51419728400003], [13.834331836000047, 49.51202446700006], [13.83216015100004, 49.518363657000066], [13.832159755000077, 49.51836481300006], [13.823372414000062, 49.52588180600003], [13.815423610000039, 49.523753889000034], [13.81394010400004, 49.52080200600005], [13.813057525000033, 49.519045848000076], [13.804568786000061, 49.51734036100004], [13.803003065000041, 49.51748009800008], [13.792345132000037, 49.51843129000008], [13.78577058600007, 49.512246074000075], [13.782290254000031, 49.50897184000007], [13.781467676000034, 49.51064098900008], [13.776058238000076, 49.51074151900008], [13.773969579000038, 49.510752869000044], [13.770883537000032, 49.510769408000044], [13.767761536000023, 49.511704648000034], [13.765590470000063, 49.51399046500006], [13.771812371000067, 49.53567336400005], [13.766116995000061, 49.537603759000035], [13.763630013000068, 49.538446699000076], [13.763486509000074, 49.54010671800006], [13.762923446000059, 49.546620070000074], [13.753418864000025, 49.549686276000045], [13.743792270000029, 49.55279184400007], [13.744090191000055, 49.55856268900004], [13.74415459200003, 49.559810163000066], [13.741804764000051, 49.560737317000076], [13.73875804100004, 49.56193943900007], [13.742813308000052, 49.575846314000046], [13.740124027000036, 49.58546921200008], [13.74559675300003, 49.58895348800007], [13.745846597000025, 49.58911255400005], [13.75070015700004, 49.59468010000006], [13.748769422000066, 49.60544603800008], [13.747993101000077, 49.609774868000045], [13.75005950600007, 49.61215230800008], [13.753674750000073, 49.616311719000066], [13.751560225000048, 49.619953527000064], [13.749447700000076, 49.62359189000006], [13.752805156000022, 49.62740471500007], [13.751868848000072, 49.63287754300006], [13.759713056000066, 49.63775309600004], [13.763892672000054, 49.635905824000076], [13.765871078000032, 49.63503142400003], [13.770902186000058, 49.63735890000004], [13.767491079000024, 49.64557382700008], [13.764090795000072, 49.653762690000065], [13.776284744000066, 49.67052070200003], [13.779953567000064, 49.670476320000034], [13.78357459600005, 49.67043251700005], [13.790802342000063, 49.67471967600005], [13.792240864000064, 49.677060804000064], [13.789967256000068, 49.68055040100006], [13.788838714000065, 49.68228251700003], [13.807327694000037, 49.69218650400006], [13.80815926200006, 49.69348044100008], [13.819781958000021, 49.68861126000007], [13.823471644000051, 49.68706551300005], [13.840354180000077, 49.69656055200005], [13.837665194000067, 49.70575707800003], [13.824792652000042, 49.73243587500008], [13.818589770000074, 49.74529156800003], [13.818801416000042, 49.74730278000004], [13.819359848000033, 49.75260940600003], [13.816725661000078, 49.75607261000005], [13.81217601000003, 49.760580282000035], [13.798703293000074, 49.76500695200008], [13.789066352000077, 49.762007495000034], [13.78173287800007, 49.75972498300007], [13.781921667000063, 49.76563659800007], [13.78769408900007, 49.76744716600007], [13.794756391000021, 49.76966231600005], [13.799117916000057, 49.781656895000026], [13.793726967000055, 49.792566058000034], [13.789443737000056, 49.80123363400003], [13.795831176000036, 49.80273392700008], [13.79724449400004, 49.80306589000003], [13.803358142000036, 49.80434784700003], [13.80223965500005, 49.80786335700003], [13.806607618000044, 49.81203944900005], [13.807346019000022, 49.81884626200008], [13.80248486000005, 49.82144631700004], [13.799759896000069, 49.82290380000006], [13.797113641000067, 49.82994991000004], [13.801287414000058, 49.83298782800006], [13.806298347000052, 49.836635080000065], [13.804713124000045, 49.83882096200006], [13.80340671700003, 49.840620741000066], [13.803139388000034, 49.84098902900007], [13.79848564200006, 49.84440710600006], [13.805882610000026, 49.84953795200005], [13.810262868000052, 49.852576283000076], [13.808331056000043, 49.85835631200007], [13.808010429000035, 49.85931563400004], [13.80862494300004, 49.859414781000055], [13.811219332000064, 49.859833363000064], [13.809837249000054, 49.86378103900006], [13.809094214000027, 49.86590338600007], [13.808409981000068, 49.86785648700004], [13.81720372500007, 49.86676354100007], [13.817597184000022, 49.866714639000065], [13.83298600300003, 49.868266349000066], [13.828939332000061, 49.87798297300003], [13.827427549000049, 49.88161297600004], [13.824518669000042, 49.898245143000054], [13.823395686000026, 49.90466605000006], [13.823054599000045, 49.90495573100003], [13.819085020000045, 49.90832704300004], [13.821071459000052, 49.91404547900004], [13.821637249000048, 49.915674239000055], [13.819606537000027, 49.92075996900007], [13.819390749000036, 49.921300391000045], [13.819479198000067, 49.92134363000008], [13.832560415000046, 49.92773843400005], [13.825908869000045, 49.92702498400007], [13.82301011800007, 49.92719185300007], [13.821037828000044, 49.92687451200004], [13.817472824000049, 49.92667034500005], [13.81272414600005, 49.92688287200008], [13.808850987000028, 49.927171919000045], [13.784351539000056, 49.94062132100004], [13.775862643000039, 49.93979208500008], [13.76010300200005, 49.94347478200007], [13.758840391000035, 49.94305393700006], [13.75015839100007, 49.94016010900003], [13.743123149000041, 49.94268855100006], [13.749910249000038, 49.943748252000034], [13.750280128000043, 49.95121787000005], [13.750332951000075, 49.95145643800004], [13.751800975000037, 49.958086550000075], [13.747542696000039, 49.965727], [13.732261822000055, 49.96595156200004], [13.724135729000068, 49.967552252000075], [13.720030674000043, 49.96650650000004], [13.711042084000042, 49.96421667800007], [13.702634026000055, 49.96207474600004], [13.698795328000074, 49.961650002000056], [13.699168177000047, 49.96542102500007], [13.69962767900006, 49.97006847000006], [13.695409779000045, 49.975448647000064], [13.684290677000035, 49.97742558600004], [13.679357454000069, 49.97830269600007], [13.672370219000072, 49.983708181000054], [13.670237161000045, 49.98876527900006], [13.667085561000022, 49.99623716000008], [13.650785634000044, 50.001717460000066], [13.636907188000066, 49.99901309000006], [13.631341310000039, 49.999718001000076], [13.629062442000077, 49.99846049400003], [13.619212747000063, 49.99302531200004], [13.60095448100003, 49.99303815300004], [13.599539566000033, 49.993254560000025], [13.569619732000035, 49.99487701000004], [13.566428376000033, 49.99775484600008], [13.555160990000047, 50.00791531700003], [13.540390356000046, 50.013407037000036], [13.527420155000073, 50.013608642000065], [13.520279395000045, 50.013719636000076], [13.517163335000077, 50.017777239000054], [13.515142249000064, 50.02040901200007], [13.508994200000075, 50.02109735500005], [13.50128568200006, 50.02196040900003], [13.506119701000046, 50.02891964300005], [13.515539252000053, 50.030535788000066], [13.522178933000077, 50.03167498200003], [13.522877602000051, 50.03397726600008], [13.515406730000052, 50.04079985700008], [13.499495555000067, 50.039138388000026], [13.498430261000067, 50.038592021000056], [13.488077442000076, 50.03328227900005], [13.481545026000049, 50.03502098200005], [13.480222577000063, 50.03776333400003], [13.479653426000027, 50.038943578000044], [13.473202426000057, 50.03930691800008], [13.47114496100005, 50.04267339200004], [13.464861083000073, 50.040119349000065], [13.44663801200005, 50.041057616000046], [13.442365923000068, 50.03604036200005], [13.440994252000053, 50.03442943600004], [13.431090286000028, 50.027887614000065], [13.425481565000041, 50.028520471000036], [13.421352139000021, 50.03432778400003], [13.400865189000058, 50.03258873000004], [13.39731620300006, 50.03530554300005], [13.408149193000042, 50.05040145500004], [13.410140330000047, 50.053176130000054], [13.41172952200003, 50.05699199600008], [13.413909107000052, 50.06222547400006], [13.418079266000063, 50.06191541800007], [13.429670443000077, 50.06105359900005], [13.428332942000054, 50.06478554300003], [13.426023030000067, 50.066541123000036], [13.428792926000028, 50.06800010300003], [13.429747356000064, 50.07022199000005], [13.425615487000073, 50.07264155200005], [13.427434948000041, 50.07388911100003], [13.419407690000071, 50.07682028200003], [13.415244728000062, 50.08222004600003], [13.414395316000025, 50.08198550800006], [13.408993613000064, 50.080494001000034], [13.407053290000022, 50.089617049000026], [13.407223944000066, 50.09768653200007], [13.411765509000077, 50.10040136400005], [13.423993448000033, 50.10394743100005], [13.424276504000034, 50.104029516000026], [13.424433993000036, 50.104320106000046], [13.427031689000046, 50.109113225000044], [13.440566731000047, 50.10912565800004], [13.442159945000071, 50.10752635000006], [13.442825326000047, 50.10738422600008], [13.456073224000022, 50.104554492000034], [13.462097981000056, 50.10589842600007], [13.462361859000055, 50.11318856100007], [13.47014692600004, 50.114283587000045], [13.468438905000028, 50.123096746000044], [13.467833530000064, 50.126220397000054], [13.470539174000066, 50.13125785700004], [13.476327541000046, 50.12840235300007], [13.479572570000073, 50.12680152300004], [13.492121952000048, 50.127972844000055], [13.48956331900007, 50.13526563800008], [13.489423929000054, 50.135605757000064], [13.486897063000072, 50.14177144300004], [13.479305316000023, 50.14331334600007], [13.490375734000054, 50.14432538800003], [13.490548383000032, 50.144341171000065], [13.493612846000076, 50.147125877000065], [13.491643854000074, 50.155942819000074], [13.489569806000077, 50.165230188000066], [13.497141149000072, 50.16631979300007], [13.512194456000032, 50.16848614100007], [13.516411237000057, 50.173343817000045], [13.516121465000026, 50.17644132200007], [13.516004871000064, 50.17768765400007], [13.523323022000056, 50.18028165700008], [13.533015807000027, 50.18371737600006], [13.534274767000056, 50.18612183400006], [13.535772532000067, 50.18898238000003], [13.548746491000031, 50.19088913300004], [13.560523293000074, 50.19148164000006], [13.563668800000073, 50.189477786000054], [13.569938605000061, 50.18548358800007], [13.59119541800004, 50.18921261400004], [13.622915369000054, 50.20250547100005], [13.619950644000028, 50.20615256500008], [13.61613496800004, 50.21084646600008], [13.625561437000044, 50.20960614200004], [13.632061805000035, 50.20875083100003], [13.638550846000044, 50.216826894000064], [13.65055439300005, 50.223362576000056], [13.652490723000028, 50.22558556400003], [13.655158323000023, 50.22782373300004], [13.655973320000044, 50.22850753200004], [13.664496768000049, 50.235654656000065], [13.669830790000049, 50.23817351400004], [13.670720592000066, 50.230426204000025], [13.671458355000027, 50.22400266300008], [13.679717330000074, 50.22476511500008], [13.685108845000059, 50.225262849000046], [13.69362493400007, 50.22285413700007], [13.699649871000076, 50.22115002900006], [13.708543844000076, 50.222936349000065], [13.720030674000043, 50.22524343400005], [13.73732762700007, 50.22429779700008], [13.749916036000059, 50.223609579000026], [13.751219830000025, 50.22769944000004], [13.753510008000035, 50.234883479000075], [13.760579994000068, 50.23924628600008], [13.763657099000056, 50.23494997200004], [13.76540409300003, 50.232510786000034], [13.776775434000058, 50.23619006500007], [13.780944262000048, 50.241706399000066], [13.787725163000061, 50.247010345000035], [13.79069333600006, 50.24948836300007], [13.795113882000066, 50.252358410000056], [13.795970148000038, 50.25378745300003], [13.79972022000004, 50.26004603900003], [13.815914165000038, 50.262598669000056], [13.827284883000061, 50.25972726800006], [13.831990885000039, 50.25185000700003], [13.838386885000034, 50.24114390200003], [13.839466175000041, 50.24001409700003], [13.843123576000039, 50.24156393900006], [13.846630147000042, 50.242013358000065], [13.856641427000056, 50.24238100300005], [13.863861835000023, 50.24418692800003], [13.86534464500005, 50.252444429000036], [13.866601138000021, 50.25944161500007], [13.878204871000037, 50.269656163000036], [13.910610365000025, 50.27559729600006], [13.910731096000063, 50.27510483900005], [13.911637791000032, 50.271406451000075], [13.916484859000036, 50.27245092100003], [13.918531565000023, 50.272494014000074], [13.92505325600007, 50.27509136200007], [13.926277384000059, 50.276948393000055], [13.927410614000053, 50.27839202600006], [13.929898826000056, 50.27832946900003], [13.932503406000023, 50.278801841000075], [13.940348449000055, 50.28079562100004], [13.94411589200007, 50.28800194100006], [13.945121265000068, 50.28808746200008], [13.956499735000023, 50.29310435000008], [13.953732252000066, 50.30212381500007], [13.952225304000024, 50.307035090000056], [13.960230421000063, 50.30510226400003], [13.96718340800004, 50.303423473000066], [13.973245047000034, 50.301959897000074], [13.991948785000034, 50.30453039900004], [13.988759343000027, 50.31064859000003], [13.991165163000062, 50.317044879000036], [13.985890330000075, 50.321626328000036], [13.98328482200003, 50.32388933800007], [13.982228469000063, 50.333165818000055], [14.008169278000025, 50.34622375400005], [14.019193317000031, 50.347910769000066], [14.024939560000064, 50.34423133000007], [14.029606551000029, 50.341242958000066], [14.032993880000049, 50.343393468000045], [14.036173313000063, 50.34541199100005], [14.050675622000028, 50.341554099000064], [14.051653872000031, 50.34129386600006], [14.056512198000064, 50.34094694100003], [14.065120974000024, 50.34033220300006], [14.065997552000056, 50.33996021400003], [14.077863998000055, 50.33492450800003], [14.096621975000062, 50.33408607800004], [14.126996933000044, 50.332770381000046], [14.135900295000056, 50.33268848200004], [14.139161800000068, 50.33265848000008], [14.139475621000031, 50.332316553000055], [14.140661120000061, 50.331024883000055], [14.143110375000049, 50.33084538800006], [14.160954291000053, 50.33325041000006], [14.168722670000022, 50.33429744000006], [14.181188471000041, 50.33529744300006], [14.181925055000022, 50.34219716100006], [14.182253007000043, 50.345269141000074], [14.19337504200007, 50.34394961100003], [14.19761778700007, 50.34296089500003], [14.196271727000067, 50.34182465300006], [14.193277152000064, 50.33929685900006], [14.19757433600006, 50.33746457600006], [14.200473586000044, 50.33543807900003], [14.211351395000065, 50.33513905500007], [14.213864685000033, 50.33798098400007], [14.215596138000024, 50.33993884300003], [14.221233820000066, 50.338749859000075], [14.231347485000072, 50.335261151000054], [14.240534190000062, 50.333540612000036], [14.24322445000007, 50.33156653000003], [14.247455932000037, 50.32846151600006], [14.250811172000056, 50.328761858000064], [14.264602255000057, 50.343310666000036], [14.274638295000045, 50.353898118000075], [14.281013277000056, 50.351995084000066], [14.289049116000058, 50.349596258000076], [14.296860563000052, 50.351374519000046], [14.307001452000065, 50.35031994900004], [14.307736850000026, 50.352145945000075], [14.308764162000045, 50.35469676400004], [14.32267543200004, 50.35258217900008], [14.32373851400007, 50.35611570300006], [14.328729347000035, 50.35758999800004], [14.350884876000066, 50.352389525000035], [14.36021356200007, 50.35019984300004], [14.367395513000076, 50.352538967000044], [14.372082436000028, 50.36114101900006], [14.369612049000068, 50.36926805200005], [14.369024687000035, 50.37120034600008], [14.367304615000023, 50.37436088000004], [14.367450452000071, 50.377068604000044], [14.373419542000022, 50.37639339000003], [14.377533651000022, 50.37592800800007], [14.37702222400003, 50.38860487800008], [14.376784491000024, 50.39302259400006], [14.378935580000075, 50.39341136100006], [14.37914584400005, 50.395412141000065], [14.373047230000054, 50.397574417000044], [14.36952705300007, 50.398822503000076], [14.36899525900003, 50.40270215700008], [14.363206708000064, 50.40627836600004], [14.366756298000041, 50.40953372800004], [14.369785432000072, 50.40990988800007], [14.374916966000058, 50.41054712700003], [14.36818177200007, 50.41827280500007], [14.368614449000063, 50.423766612000065], [14.365642727000022, 50.425576773000046], [14.360412502000031, 50.428762653000035], [14.366420606000077, 50.43182691900006], [14.377616598000031, 50.435450229000026], [14.383897111000067, 50.43145969600005], [14.39040355800006, 50.42732560800005], [14.416376120000052, 50.42025502100006], [14.419907090000038, 50.42768832200005], [14.416926099000023, 50.42994314300006], [14.41506806800004, 50.431348557000035], [14.420174445000043, 50.43575339100005], [14.424886275000063, 50.43981788200006], [14.424869923000074, 50.44415209200008], [14.424843114000055, 50.45125794100005], [14.43355586000007, 50.44952064600005], [14.44901803700003, 50.44643753500003], [14.44906067100004, 50.45051423400008], [14.449091706000047, 50.45348185100005], [14.456937401000062, 50.45101899500003], [14.461919601000034, 50.44945502300004], [14.471941510000022, 50.449810856000056], [14.47369188500005, 50.46014257600007], [14.471048868000025, 50.47720370400003], [14.46396971300004, 50.486326708000036], [14.45637281200004, 50.49611693700007], [14.462658568000052, 50.49736771700003], [14.472364398000025, 50.49929904600003], [14.470657281000058, 50.50516156100008], [14.469457130000023, 50.50928307300006], [14.472561152000026, 50.50921541900004], [14.478929515000061, 50.50649205800005], [14.483060385000044, 50.50644187100005], [14.48648554600004, 50.505027082000026], [14.487793927000041, 50.500117802000034], [14.493482227000072, 50.499085568000055], [14.500529981000057, 50.493115886000055], [14.50388194900006, 50.49904503800008], [14.509213207000073, 50.508475273000045], [14.52248863400007, 50.51037616800005], [14.526867072000073, 50.50542481900004], [14.534206065000035, 50.49712553100005], [14.550895043000025, 50.49659257800005], [14.550769524000032, 50.499730545000034], [14.550577599000064, 50.504528632000074], [14.578507415000047, 50.51113158900006], [14.578723566000065, 50.50192107200007], [14.578793443000052, 50.49894349900006], [14.576174880000053, 50.49327223000006], [14.582279206000067, 50.48057590800005], [14.589756309000052, 50.473809954000046], [14.591965265000056, 50.47628573900005], [14.59336890000003, 50.47785892600007], [14.59774817400006, 50.47788106400003], [14.600336638000044, 50.47683903600006], [14.610384704000069, 50.47279402300006], [14.614633249000065, 50.477783954000074], [14.617987590000041, 50.48172363800006], [14.628699664000067, 50.47996712100007], [14.632635252000057, 50.48612018400007], [14.637889365000035, 50.48378205200004], [14.645934164000039, 50.480424292000066], [14.651158309000039, 50.48533024900007], [14.668354390000047, 50.48439092500007], [14.676815240000053, 50.48666243200006], [14.684653848000039, 50.48241188500003], [14.686046743000077, 50.48165657700008], [14.692689948000066, 50.48023313400006], [14.691930828000068, 50.48439199000006], [14.690563127000075, 50.49188497800003], [14.712736934000077, 50.49689863400005], [14.719491411000035, 50.49842586900007], [14.722075911000047, 50.505990403000055], [14.725799092000045, 50.51688772700004], [14.727641386000073, 50.519531423000046], [14.737093385000037, 50.518525158000045], [14.750828469000055, 50.517062913000075], [14.755378833000066, 50.52106470100006], [14.757794846000024, 50.52880943500003], [14.752763720000075, 50.54051444300006], [14.749836224000035, 50.54732531700006], [14.750374300000033, 50.556891345000054], [14.798884434000058, 50.550781967000034], [14.802329573000065, 50.550160926000046], [14.809706306000066, 50.546980381000026], [14.815591710000035, 50.54400814600007], [14.815769426000031, 50.543919937000055], [14.826869570000042, 50.53841037700005], [14.855865574000063, 50.55527911400003], [14.857745543000021, 50.55878861800005], [14.853353525000045, 50.56180799600003], [14.848957312000039, 50.564830259000075], [14.84746853400003, 50.57061743000003], [14.881112779000034, 50.58014213000007], [14.889992709000069, 50.58268394600003], [14.891850626000064, 50.58170573700005], [14.895211981000045, 50.579935954000064], [14.907200268000054, 50.586246103000065], [14.902328590000025, 50.59508524800003], [14.89877732900004, 50.60152863600007], [14.90319802700003, 50.604207504000044], [14.906433887000048, 50.604987976000075], [14.91613949400005, 50.607328917000075], [14.91316150800003, 50.61124181500003], [14.90992299100003, 50.61549703500003], [14.912763691000066, 50.61859377500008], [14.932251467000071, 50.617306848000055], [14.932077418000063, 50.61164336600007], [14.931930326000042, 50.606857079000065], [14.942189987000063, 50.606294234000075], [14.948498296000025, 50.60594816100007], [14.954179821000025, 50.60044034500004], [14.95415747100003, 50.59996393100005], [14.954007402000059, 50.59676508700005]], [[14.514175977000036, 50.17388215600005], [14.506138276000058, 50.171630666000055], [14.497882274000062, 50.17203986200008], [14.49171367300005, 50.17232859300003], [14.491683721000072, 50.17232999500004], [14.484113705000027, 50.17235046800005], [14.479754590000027, 50.17236134400008], [14.47976866600004, 50.17150243900005], [14.479796043000022, 50.16983197300004], [14.47121724300007, 50.16965199200007], [14.466911483000047, 50.16956165800008], [14.466227296000056, 50.16805856500008], [14.462446302000046, 50.15975208100008], [14.435143121000067, 50.15813253400006], [14.430739548000076, 50.157871327000066], [14.427703590000021, 50.15575688800004], [14.418434845000036, 50.14930153000006], [14.401165785000046, 50.14726219800008], [14.39850864400006, 50.143436895000036], [14.393531100000075, 50.14211960100005], [14.386909780000053, 50.145733060000055], [14.38519717400004, 50.14666768200004], [14.371764617000053, 50.14809504300007], [14.363617282000064, 50.14701581500003], [14.355924869000035, 50.14062687300003], [14.357376791000036, 50.12977191600004], [14.359178760000077, 50.11629992100006], [14.32102384600006, 50.11589295300007], [14.31733220600006, 50.12349501500006], [14.315239518000055, 50.12780441100006], [14.310410378000029, 50.128019910000035], [14.302616963000048, 50.12927048600005], [14.297410719000027, 50.12535306800004], [14.29627757000003, 50.12450043500007], [14.295650684000066, 50.12020656700008], [14.286627753000062, 50.116017181000075], [14.275312234000069, 50.117297130000054], [14.273692029000074, 50.117480399000044], [14.247487685000067, 50.110616089000075], [14.240732967000042, 50.11125339500006], [14.23560933500005, 50.104488133000075], [14.238682655000048, 50.10394392500007], [14.244846856000038, 50.10285239900003], [14.253799639000022, 50.101474618000054], [14.260398291000058, 50.09556370200005], [14.262125929000035, 50.088528008000026], [14.262243129000069, 50.088050717000044], [14.263048079000043, 50.087929476000056], [14.272913522000067, 50.08644354900008], [14.275583822000044, 50.08178582100004], [14.283580701000062, 50.080986918000065], [14.289453953000077, 50.074846156000035], [14.269182102000059, 50.07252301900007], [14.25957244500006, 50.07142176000008], [14.257927034000033, 50.06494385700006], [14.248654646000034, 50.06186968500003], [14.247978347000071, 50.058284592000064], [14.258414593000055, 50.05598730200006], [14.27118329600006, 50.053176577000045], [14.270813876000034, 50.047193004000064], [14.270420695000041, 50.04082455900004], [14.289279560000068, 50.02740940900003], [14.29455464800003, 50.02562544500006], [14.303098846000069, 50.02429461100007], [14.31556140300006, 50.022353459000044], [14.310786204000067, 50.00827132100005], [14.30528937400004, 50.00957342000004], [14.30154561200004, 50.01046025000005], [14.29676587800003, 50.00233615900004], [14.306502757000032, 49.996999481000046], [14.318680466000046, 49.989654689000076], [14.324661725000055, 49.991056779000075], [14.334607123000069, 49.99338811900003], [14.339821374000053, 49.99112180100008], [14.337923387000046, 49.98094781000003], [14.336204251000026, 49.97949096600007], [14.326764050000065, 49.97149107300004], [14.335915362000037, 49.97222507200007], [14.345232748000058, 49.97297239200003], [14.343387407000023, 49.96719993200003], [14.33568647900006, 49.96646841100005], [14.332338020000066, 49.966150336000055], [14.326689988000055, 49.96082960200005], [14.327391097000032, 49.95682468600006], [14.338305615000024, 49.94835447000003], [14.360560422000049, 49.94805619400006], [14.364187706000052, 49.94927882800005], [14.368603247000067, 49.95076715700003], [14.374791250000044, 49.94748324500006], [14.37573231400006, 49.94698383200006], [14.376532756000074, 49.94718834200006], [14.385925405000023, 49.94958813100004], [14.38733198400007, 49.94840709500005], [14.395383646000028, 49.941646508000076], [14.396195736000038, 49.94731094200006], [14.395323446000077, 49.955805843000064], [14.395471802000031, 49.956103203000055], [14.402627437000035, 49.970445709000046], [14.412194329000044, 49.96748267900006], [14.422759579000058, 49.964210440000045], [14.43897921000007, 49.96847504700003], [14.442927139000062, 49.97145695300003], [14.445603728000037, 49.973478605000025], [14.451486726000041, 49.972563853000054], [14.459951333000049, 49.97124768500004], [14.465132977000053, 49.97525599700003], [14.465885643000036, 49.97708698900004], [14.467148079000026, 49.98015808400004], [14.481369510000036, 49.98427850600007], [14.486940536000077, 49.98589261800004], [14.48643151300007, 49.986629565000044], [14.484302763000073, 49.989711501000045], [14.486855664000075, 49.992963839000026], [14.505458823000026, 49.99689850000004], [14.506656319000058, 49.99602302200003], [14.510421902000076, 49.99327003800005], [14.51343834000005, 49.99412949300006], [14.528349628000058, 49.999769455000035], [14.52478493600006, 50.004442899000026], [14.522366755000064, 50.00761322400007], [14.529483507000066, 50.011068787000056], [14.540186366000057, 50.00972376400006], [14.549379057000067, 50.008568523000065], [14.557024138000031, 50.01069387800004], [14.560559714000021, 50.01167677800004], [14.561868206000042, 50.01097297000007], [14.568317835000073, 50.00750386400006], [14.574786808000056, 50.01171728000003], [14.579727157000036, 50.01493506200006], [14.585064221000039, 50.01195444500007], [14.589706506000027, 50.00936184400007], [14.599770509000052, 50.00870335400003], [14.601393901000051, 50.00859713500006], [14.601476598000033, 50.00832619200003], [14.603483924000045, 50.00174956200004], [14.612182175000044, 49.99896686000005], [14.640644854000072, 49.99504069500006], [14.646006801000055, 49.99891642500006], [14.644343734000074, 50.00134400300004], [14.641698654000038, 50.00520502400008], [14.650371385000028, 50.00801054600004], [14.652197392000062, 50.00748109700004], [14.659058322000021, 50.00549177700003], [14.66274237400006, 50.01240864000005], [14.669353602000058, 50.01629288300006], [14.661635835000027, 50.02602156700004], [14.656718473000069, 50.03222018300005], [14.657547517000069, 50.03480944900008], [14.658413924000058, 50.03751540600007], [14.667202513000063, 50.03836040700003], [14.654917075000071, 50.04835591800003], [14.65186781500006, 50.04701802400007], [14.643694899000025, 50.04343207200003], [14.640718019000076, 50.04812014200007], [14.640917113000057, 50.05585936400007], [14.646144728000024, 50.05955083300006], [14.670058812000036, 50.06578003700008], [14.68934469800007, 50.07105801600005], [14.690320658000076, 50.071287780000034], [14.700916361000054, 50.07378226000003], [14.706166628000062, 50.086207786000045], [14.70365466000004, 50.09201064000007], [14.690596303000063, 50.09586425100008], [14.691188631000045, 50.099950611000054], [14.678917408000075, 50.10162333200003], [14.665788939000038, 50.10341290700006], [14.658424167000021, 50.10704398200005], [14.658778564000045, 50.11718072900004], [14.658959251000056, 50.12234889500007], [14.64006923100004, 50.12385865300007], [14.636556473000041, 50.12413940500005], [14.636124890000076, 50.124707458000046], [14.632182760000035, 50.12989611800003], [14.618554657000061, 50.128488495000056], [14.608900257000073, 50.12749130900005], [14.601477803000023, 50.12930576900004], [14.594468475000042, 50.13472706300007], [14.588835867000057, 50.14457393200007], [14.59245557500003, 50.14795467500005], [14.593079085000056, 50.14853702200003], [14.596221563000029, 50.15387148900004], [14.59418984000007, 50.15383436900004], [14.58939970800003, 50.15444013500007], [14.585343678000072, 50.15304120900004], [14.579028105000077, 50.15086296700008], [14.563778115000048, 50.15096430500006], [14.561215310000023, 50.16130167000006], [14.561157859000048, 50.16153340400007], [14.549659054000074, 50.16535074900003], [14.549472300000048, 50.16532194500007], [14.533900581000069, 50.16292020600008], [14.532645880000075, 50.17108254900006], [14.531877535000035, 50.17608094600007], [14.526889265000023, 50.17744335300006], [14.514175977000036, 50.17388215600005]], [[13.537822790000064, 50.03044897800004], [13.538341096000067, 50.03244503800005], [13.532908765000059, 50.03236905600005], [13.531386398000052, 50.03123643500004], [13.53254240900003, 50.029793201000075], [13.538178237000068, 50.02809236000007], [13.537822790000064, 50.03044897800004]]], [[[14.413894324000069, 49.53771822700003], [14.406713620000062, 49.53485100300003], [14.404363906000071, 49.53597258900004], [14.402628711000034, 49.53988385200006], [14.412584615000071, 49.539192495000066], [14.413894324000069, 49.53771822700003]]], [[[13.742353912000056, 49.549525060000065], [13.739224193000041, 49.54411432100005], [13.735370653000075, 49.54475571100005], [13.738220560000059, 49.54920676300003], [13.742353912000056, 49.549525060000065]]], [[[13.747233694000045, 49.62286494300008], [13.744117369000037, 49.620024081000054], [13.738643937000063, 49.62148963800007], [13.742204339000068, 49.624415069000065], [13.747233694000045, 49.62286494300008]]]]}}, {"type": "Feature", "properties": {"NUTS_ID": "CZ031", "LEVL_CODE": 3, "CNTR_CODE": "CZ", "NAME_LATN": "Jihočeský kraj", "NUTS_NAME": "Jihočeský kraj", "MOUNT_TYPE": null, "URBN_TYPE": 3, "COAST_TYPE": null, "NAME_ENGL": "Czechia", "NAME_FREN": "Tchéquie", "ISO3_CODE": "CZE", "SVRG_UN": "UN Member State", "CAPT": "Prague", "EU_STAT": "T", "EFTA_STAT": "F", "CC_STAT": "F", "NAME_GERM": "Tschechien"}, "geometry": {"type": "MultiPolygon", "coordinates": [[[[14.81887006900007, 49.59608874700007], [14.826909555000043, 49.587304962000076], [14.842579464000039, 49.58017958500005], [14.847840705000067, 49.57790294500006], [14.850998103000052, 49.58204071700004], [14.853689146000022, 49.58556733000006], [14.863333843000078, 49.587205968000035], [14.868459460000054, 49.59147051000008], [14.869060382000043, 49.588551419000055], [14.876069295000036, 49.586652368000045], [14.875159514000075, 49.582239894000054], [14.874234045000037, 49.57775133300004], [14.881484130000047, 49.57485451000008], [14.88281306700003, 49.57432352400008], [14.88382275600003, 49.57212364800006], [14.889432455000076, 49.559901428000046], [14.90548629600005, 49.54412028000007], [14.922391042000072, 49.54455814200003], [14.924316503000057, 49.54800680100004], [14.925286306000032, 49.549743799000055], [14.93201872700007, 49.54910091800008], [14.929209180000043, 49.542492063000054], [14.935406459000035, 49.53681673800003], [14.945445680000034, 49.52762305200008], [14.935766938000029, 49.52087], [14.92766160900004, 49.522826628000075], [14.925342971000077, 49.52338634700004], [14.908938964000072, 49.522215051000046], [14.903309403000037, 49.51849855200004], [14.902971671000046, 49.51446269500008], [14.910887909000053, 49.51117865900005], [14.916135458000042, 49.507695639000076], [14.926683207000053, 49.50069465300004], [14.93059691600007, 49.48482695000007], [14.925722783000026, 49.48230605800006], [14.92520608700005, 49.481777812000075], [14.917941504000055, 49.47435083900007], [14.925348910000025, 49.47033490100006], [14.930054928000061, 49.46778352500007], [14.921443080000074, 49.448665633000076], [14.919768529000066, 49.44773268000006], [14.912517583000067, 49.44369291500004], [14.911151970000049, 49.433231859000045], [14.903885631000037, 49.42668293100007], [14.909613836000062, 49.42328846000004], [14.911053760000073, 49.42243517700007], [14.905860941000071, 49.414254551000056], [14.90443760100004, 49.41201226000004], [14.904221334000056, 49.410307716000034], [14.902866399000061, 49.39962854300006], [14.901020936000066, 49.39565560200003], [14.897605632000023, 49.39438249900007], [14.894100051000066, 49.39307574500003], [14.890903884000068, 49.383967135000034], [14.89266083700005, 49.38198560100005], [14.888249281000071, 49.375864421000074], [14.895912193000072, 49.372566634000066], [14.912848925000048, 49.36702799600005], [14.925022568000031, 49.363046980000036], [14.925776375000055, 49.35301627600006], [14.921933530000047, 49.35065663700004], [14.913883062000025, 49.34165723700005], [14.913156417000039, 49.34148539900008], [14.909833591000051, 49.34069961500006], [14.903883759000053, 49.33314842800007], [14.91461911700003, 49.32744847200007], [14.926703684000074, 49.321032150000065], [14.928858605000073, 49.316328482000074], [14.926235089000045, 49.31300661800003], [14.924264917000073, 49.31051201100007], [14.927298517000054, 49.30987315100003], [14.930424514000038, 49.30916459900004], [14.934962794000057, 49.30768006200003], [14.948678057000052, 49.30319360200008], [14.949671850000072, 49.29870306200007], [14.949923047000027, 49.29756800900003], [14.95482017300003, 49.29355661500006], [14.96316808000006, 49.29046625500007], [14.968929992000028, 49.28833322000003], [14.971733980000067, 49.285238449000076], [14.978988088000051, 49.277232069000036], [14.99083302200006, 49.275800788000026], [15.002621142000066, 49.28542995600003], [15.004213764000042, 49.28598190900004], [15.021729686000072, 49.292052385000034], [15.024007633000053, 49.29363185700004], [15.030110793000063, 49.29650989100003], [15.041519008000023, 49.290142880000076], [15.04606887400007, 49.28368541300006], [15.048402364000026, 49.28037357100004], [15.06396688500007, 49.272731055000065], [15.071105350000039, 49.27319676800005], [15.074928792000037, 49.27301437300008], [15.083161838000024, 49.27262161900006], [15.10347157600006, 49.27029814600007], [15.103965574000028, 49.262961801000074], [15.098903784000072, 49.258908604000055], [15.100662431000046, 49.25071256900003], [15.097276080000029, 49.25075297700005], [15.078948533000073, 49.25097167000007], [15.081496704000074, 49.246703651000075], [15.092127005000066, 49.245452114000045], [15.099129443000038, 49.24085062700004], [15.105095257000073, 49.24451557300006], [15.108038777000047, 49.245191893000026], [15.120860810000067, 49.24813795600005], [15.130426568000075, 49.24284746600006], [15.135719523000034, 49.235345394000035], [15.136455824000052, 49.23250389100008], [15.139395316000048, 49.221159930000056], [15.166483957000025, 49.21605358000005], [15.18661774800006, 49.22880318400007], [15.189051551000034, 49.23034437500007], [15.192042460000039, 49.23567882700007], [15.199151346000065, 49.233867565000025], [15.20314701500007, 49.229950452000026], [15.206736243000023, 49.22643178900006], [15.215491904000032, 49.22711463400003], [15.217016998000076, 49.22723357500007], [15.230751930000054, 49.22407089600006], [15.256427655000039, 49.21811406000006], [15.256333434000055, 49.21773268600003], [15.255011742000022, 49.21238293300007], [15.253602321000074, 49.206123837000064], [15.26411157800004, 49.21372436300004], [15.278951921000044, 49.21112561600006], [15.282123892000072, 49.214076127000055], [15.28491123300006, 49.21666886200006], [15.301067612000054, 49.21463307000005], [15.306455507000067, 49.213954166000065], [15.308183769000038, 49.21484228500003], [15.314251027000068, 49.21796012400006], [15.33199796200006, 49.21910544800005], [15.345235629000058, 49.21526889300003], [15.343250536000028, 49.203485887000056], [15.350315901000045, 49.19116179300005], [15.346807192000028, 49.18372651300007], [15.33957822900004, 49.16840766900003], [15.350366376000068, 49.15569590200005], [15.35754004200004, 49.15602006900008], [15.358743987000025, 49.15607447300005], [15.358960251000042, 49.155283481000026], [15.360330739000062, 49.15027089000006], [15.371679221000022, 49.148686818000044], [15.374783012000023, 49.14825357700005], [15.37574617200005, 49.14657750400005], [15.380578987000035, 49.13816752400004], [15.39087997100006, 49.134739026000034], [15.394341092000047, 49.13379038900007], [15.411579914000072, 49.127992420000055], [15.420536896000044, 49.12497990000003], [15.420684723000022, 49.12425477100004], [15.421840273000043, 49.118586522000044], [15.42393792300004, 49.11767288000004], [15.426752768000028, 49.12180848700007], [15.428170376000025, 49.124500477000026], [15.430697633000023, 49.12929965500007], [15.441313449000063, 49.132895], [15.452955131000067, 49.12531400300003], [15.457871101000023, 49.12211275100003], [15.485284398000033, 49.12213297100004], [15.492325779000055, 49.11937756800006], [15.494595735000075, 49.11898466200006], [15.49739210100006, 49.11929486900004], [15.499688028000037, 49.11904840300008], [15.50163434600006, 49.11944294400007], [15.502689664000059, 49.119547544000056], [15.508896806000052, 49.12715021200006], [15.510446970000032, 49.12904889300006], [15.519579063000037, 49.13071127300003], [15.528730146000044, 49.127801214000044], [15.535823183000048, 49.12554561700006], [15.538389263000056, 49.12759151700004], [15.538314878000051, 49.12811582000006], [15.537341329000071, 49.134977898000045], [15.546649088000038, 49.134934034000025], [15.567509019000056, 49.12886391700005], [15.56959368300005, 49.12143848000005], [15.568734343000074, 49.11853682800006], [15.561790247000033, 49.117692229000056], [15.551684254000065, 49.116463054000064], [15.551990854000053, 49.11347034900007], [15.559248277000052, 49.11142435900007], [15.563499513000068, 49.10966447100003], [15.56581456400005, 49.10851378000007], [15.574624545000063, 49.10193794400004], [15.575563704000047, 49.10353444500004], [15.57703544900005, 49.10603630300005], [15.588373818000036, 49.104822382000066], [15.583539846000065, 49.09846679100008], [15.583294929000033, 49.09814478000004], [15.585833063000052, 49.09700979200005], [15.601214088000063, 49.090131797000026], [15.602878879000059, 49.08639460200004], [15.593945637000047, 49.08451996300005], [15.59255511200007, 49.084228161000055], [15.593515945000036, 49.08302253800008], [15.596781710000073, 49.07892476000006], [15.595762931000024, 49.07578426800006], [15.586446610000053, 49.07213808900008], [15.577640665000047, 49.07309385100007], [15.576060436000034, 49.074472574000026], [15.571312989000035, 49.071798957000055], [15.564228624000066, 49.07351266100005], [15.553655400000025, 49.07607031800006], [15.552044520000038, 49.07251551100006], [15.554535378000026, 49.06896960600005], [15.556064924000054, 49.06679219500006], [15.55511640800006, 49.06110416000007], [15.55054453200006, 49.061762603000034], [15.549996836000048, 49.06161568200008], [15.54720427500007, 49.06086656800005], [15.544694088000028, 49.06091336700007], [15.54138729400006, 49.060324620000074], [15.540412887000059, 49.058408118000045], [15.544832382000038, 49.05324757400007], [15.548096375000057, 49.04943628400008], [15.546118535000062, 49.044026658000064], [15.539234193000027, 49.04003018000003], [15.536612621000074, 49.03992887000004], [15.528504732000044, 49.03961554300008], [15.526193198000044, 49.03686089400003], [15.530170659000078, 49.02949078100005], [15.531919634000076, 49.02624998500005], [15.525446160000058, 49.02139394500006], [15.522431723000068, 49.021199299000045], [15.518521332000034, 49.020946801000036], [15.516641586000048, 49.01654514200004], [15.51213957300007, 49.016625986000065], [15.50908025700005, 49.01624927600005], [15.504276385000026, 49.00778192700005], [15.500473148000026, 49.00726888500003], [15.497136387000069, 49.005511530000035], [15.491803364000077, 49.00461841300006], [15.492860994000068, 48.99996074200004], [15.487872566000021, 48.99601527000004], [15.49021932200003, 48.992224141000065], [15.49602313500003, 48.98936284600006], [15.507611945000065, 48.99722400300004], [15.50867790500007, 48.99794708700006], [15.516915720000043, 48.997305132000065], [15.52865356500007, 48.99487893000003], [15.52919795500003, 48.99122334700007], [15.525113376000036, 48.98784741900005], [15.52448690600005, 48.98732963800006], [15.522117250000065, 48.979167440000026], [15.523787664000054, 48.97634161600007], [15.545834238000054, 48.97239983500003], [15.563927533000026, 48.96916487400006], [15.579080026000042, 48.965449773000046], [15.578395831000023, 48.95941661000006], [15.577368765000074, 48.958517166000036], [15.574274213000024, 48.95580713600003], [15.586756448000074, 48.94715961600008], [15.581134249000058, 48.943564500000036], [15.578062031000059, 48.93893374000004], [15.56813079400007, 48.94118217600004], [15.570688993000033, 48.93520430900003], [15.562815489000059, 48.93071077500008], [15.55796721300004, 48.922410064000076], [15.549989939000056, 48.923239247000026], [15.549571836000041, 48.91777320400007], [15.542449604000069, 48.90769691100007], [15.512124953000068, 48.91512185000005], [15.506847424000057, 48.91959267500005], [15.503536084000075, 48.92904939200008], [15.501072635000071, 48.93608465300008], [15.482540745000051, 48.943663566000055], [15.481139041000063, 48.943896349000056], [15.478554712000061, 48.94432553100006], [15.474939095000025, 48.94673927300005], [15.468405502000053, 48.95110102000007], [15.463584543000024, 48.949112307000064], [15.456313708000039, 48.94611298700005], [15.447243010000022, 48.95037396400005], [15.429542641000069, 48.951152516000036], [15.393541625000069, 48.965573859000074], [15.39072705700005, 48.96899851500007], [15.387581343000022, 48.97282609600006], [15.365882986000031, 48.981707088000064], [15.332743503000074, 48.98407411100004], [15.325055833000022, 48.97852249300007], [15.32173446400003, 48.97612398100006], [15.317709896000054, 48.97794904600005], [15.313175439000076, 48.980005335000044], [15.308992097000043, 48.97920414400005], [15.304934758000059, 48.97842708400003], [15.295960794000052, 48.98135964100004], [15.292077971000026, 48.984313361000034], [15.292526924000072, 48.98743305000005], [15.292759708000062, 48.98905061700003], [15.28948261000005, 48.99272952600006], [15.277939221000054, 48.99342563600004], [15.276303081000037, 48.98638924800008], [15.277640280000071, 48.983823029000064], [15.280586037000035, 48.978169826000055], [15.272779950000029, 48.96780114300003], [15.267858153000077, 48.96626427500007], [15.267771494000044, 48.958024409000075], [15.26277963900003, 48.95692987600006], [15.261538070000029, 48.95381285000008], [15.250904669000022, 48.95739241000007], [15.245319639000058, 48.95927251900008], [15.224814439000056, 48.95974135400007], [15.213127995000036, 48.95606572400004], [15.20141744700004, 48.95238251200004], [15.189860084000031, 48.94376319100007], [15.17719829500004, 48.94696707000003], [15.160246947000076, 48.94168647300006], [15.156496726000057, 48.947540839000055], [15.164996768000037, 48.958127768000054], [15.169216948000042, 48.96338406500007], [15.166176394000047, 48.96653775900006], [15.160794585000076, 48.972119829000064], [15.161404693000065, 48.97535424000006], [15.161723146000043, 48.977042475000076], [15.159941899000046, 48.977695538000035], [15.152125687000023, 48.980561213000044], [15.155750606000026, 48.98440397400003], [15.157655918000046, 48.986423787000035], [15.157331215000056, 48.99177948500005], [15.13324086800003, 48.999769220000076], [15.10981475400007, 48.99886810400005], [15.106294330000026, 48.996621891000075], [15.105642643000067, 48.996206081000025], [15.101087957000061, 48.99444550700008], [15.066475773000036, 48.99955189700006], [15.064748732000055, 49.00879004300003], [15.06371342500006, 49.01432802200003], [15.053949437000028, 49.015274214000044], [15.049994354000034, 49.014328430000035], [15.040227627000036, 49.01199290100004], [15.026397064000037, 49.01801813600008], [15.020641905000048, 49.02052535000007], [15.012455916000022, 49.01634367400004], [15.004533748000028, 49.012296767000066], [15.000410619000036, 49.01363054700005], [14.995924107000064, 49.01508187700006], [14.991589700000077, 49.009231346000036], [14.997270312000069, 49.00503825100003], [14.999751660000072, 49.00320666600004], [14.997255020000068, 48.99744480800007], [14.996532906000027, 48.99577828000008], [14.996968313000025, 48.994493695000074], [14.997827974000074, 48.991957435000074], [14.993793590000053, 48.99007819600007], [14.98399405400005, 48.98551351800006], [14.978862917000072, 48.97941967700007], [14.97670888600004, 48.97091773000005], [14.977336122000054, 48.95350812600003], [14.981305114000065, 48.94602202400006], [14.98584192100003, 48.93746493900005], [14.983527846000072, 48.93461385900008], [14.979565584000056, 48.929732115000036], [14.983861626000078, 48.92307198300006], [14.98646173700007, 48.919555667000054], [14.989728988000024, 48.91513713200004], [14.991559499000061, 48.89730841200003], [14.986371353000038, 48.89171941700005], [14.984360369000058, 48.889553060000026], [14.98406774800003, 48.88715818400004], [14.98275664700003, 48.87642782000006], [14.977192047000074, 48.87354400700008], [14.973473746000025, 48.871617024000045], [14.973667979000027, 48.85524614800005], [14.978159448000042, 48.85004599400003], [14.983014315000048, 48.84442510500003], [14.978436437000028, 48.84233765300007], [14.970872518000022, 48.83888860500008], [14.96853380400006, 48.82479248700008], [14.969742949000022, 48.82390238100004], [14.966134486000044, 48.82040991200006], [14.958810461000041, 48.81332131600004], [14.959620606000044, 48.80499963700004], [14.955085669000027, 48.79989898400004], [14.953262919000053, 48.789781367000046], [14.971355687000028, 48.782304142000044], [14.979115462000038, 48.779097249000074], [14.979676105000067, 48.77426440200003], [14.97662639300006, 48.77027008600004], [14.96378113000003, 48.763112912000054], [14.955781159000026, 48.75900143800004], [14.952807341000039, 48.76060992500004], [14.949499023000044, 48.76239933700003], [14.945330910000052, 48.76221145300008], [14.939061793000064, 48.76192886200005], [14.932806817000028, 48.765187850000075], [14.929868198000065, 48.76671893900004], [14.917689836000022, 48.769071362000034], [14.91701026100003, 48.76894196100005], [14.907542288000059, 48.76713911400003], [14.901147825000066, 48.77000560300007], [14.886948569000026, 48.77098676900005], [14.885030423000046, 48.77654208900003], [14.88489196100005, 48.776943102000075], [14.879583565000075, 48.78003400100005], [14.869100675000027, 48.780383656000026], [14.86400072400005, 48.778801230000056], [14.856382464000035, 48.77643741600008], [14.851226825000026, 48.77886933600007], [14.842314344000044, 48.78307336300003], [14.82928935800004, 48.78048734300006], [14.824627117000034, 48.78305579900007], [14.809141581000063, 48.777947640000036], [14.807230151000056, 48.77149134700005], [14.810987307000062, 48.76389449900006], [14.811507641000048, 48.76284240100006], [14.810375627000042, 48.76110572400006], [14.801156480000031, 48.74696219100008], [14.805491808000056, 48.738839417000065], [14.808138563000057, 48.73388039400004], [14.800875541000039, 48.73202334800004], [14.798625224000034, 48.73144797600003], [14.795718539000063, 48.728888633000054], [14.77926820500005, 48.71440407500006], [14.766835921000052, 48.711332155000036], [14.758729334000066, 48.70932908100008], [14.755013534000057, 48.70420976100007], [14.736625952000054, 48.69869676400003], [14.727589304000048, 48.68722331300006], [14.723458466000068, 48.67570006400007], [14.71313017500006, 48.651344348000066], [14.715315259000022, 48.64996745500008], [14.717499621000059, 48.64859101700006], [14.722100987000033, 48.63832655200008], [14.716513688000077, 48.62312499800004], [14.714680160000057, 48.61813645700005], [14.717049831000054, 48.611116424000045], [14.720043469000075, 48.60224792200006], [14.707545474000028, 48.59245593300005], [14.705404631000022, 48.585024891000046], [14.691013827000063, 48.58430192900005], [14.664367932000062, 48.58228531600008], [14.65937733800007, 48.59298431500008], [14.655020041000057, 48.60232563100004], [14.646397623000041, 48.60915940400008], [14.634834567000041, 48.60633394600006], [14.626737862000027, 48.604355499000064], [14.621299754000063, 48.61324681000008], [14.613367530000062, 48.62621600300008], [14.605592469000044, 48.62803281500004], [14.598861604000035, 48.62492138600004], [14.59394233300003, 48.61994359700003], [14.593598213000064, 48.619595383000046], [14.592117678000022, 48.61921699000004], [14.580557966000072, 48.61626257900008], [14.573522222000065, 48.61181198700007], [14.561718367000026, 48.60434523600003], [14.554882392000025, 48.60575643100003], [14.551782416000037, 48.608775309000066], [14.546172958000056, 48.61423801900003], [14.528949418000025, 48.61475763400006], [14.516587880000031, 48.61947311100005], [14.508050643000047, 48.618867340000065], [14.501625974000035, 48.61841146900008], [14.49596555100004, 48.62244376600006], [14.494939557000066, 48.625636633000056], [14.492846419000045, 48.632150429000035], [14.480599489000042, 48.63708320200004], [14.469370735000041, 48.646399796000026], [14.44458241500007, 48.64275966400004], [14.44991163800006, 48.634472652000056], [14.455120100000045, 48.626373424000064], [14.449699830000043, 48.621633272000054], [14.44819158000007, 48.62031427200003], [14.447575235000045, 48.61816380500005], [14.443557157000043, 48.60414446400006], [14.42934346800007, 48.58900810500006], [14.412008495000066, 48.59195720000008], [14.405249775000073, 48.59310702100004], [14.38576842200007, 48.591787976000035], [14.389326665000056, 48.58533113100003], [14.393656582000062, 48.57747399200008], [14.387450733000037, 48.571914321000065], [14.37894254500003, 48.56944283300004], [14.369605178000029, 48.57009489600006], [14.367488620000074, 48.57237035700007], [14.36473174300005, 48.57533420900006], [14.358545738000032, 48.574514555000064], [14.352812415000074, 48.56886487100007], [14.352519007000069, 48.56671468500008], [14.35199214000005, 48.56285363300003], [14.341414631000077, 48.55468450800004], [14.333208827000021, 48.55182588500003], [14.327312041000027, 48.554867485000045], [14.325841013000058, 48.55838410500007], [14.32378215600005, 48.56330598400007], [14.31021368100005, 48.56438759800005], [14.30699022500005, 48.565404158000035], [14.280471930000033, 48.573767058000044], [14.276082743000075, 48.57691413600003], [14.27039172800005, 48.580994633000046], [14.25697195600003, 48.58136830300003], [14.255790442000034, 48.58140120200005], [14.24155672300003, 48.578067221000026], [14.22805562600007, 48.58512485500006], [14.227946853000049, 48.58514838000008], [14.195033844000022, 48.59226670400005], [14.182100332000061, 48.59347850900008], [14.177077568000072, 48.591773329000034], [14.175425658000051, 48.591212521000045], [14.163533985000072, 48.58923537800007], [14.160954291000053, 48.59086929800003], [14.154984132000038, 48.59465066200005], [14.153871053000046, 48.59535566100004], [14.151499327000067, 48.59510450500005], [14.142826617000026, 48.59418609900007], [14.137309411000047, 48.59576248700006], [14.132089458000053, 48.597253943000055], [14.125408838000055, 48.594267038000055], [14.11449960400006, 48.589389521000044], [14.095742740000048, 48.59219793300008], [14.095697952000023, 48.593686845000036], [14.095532234000075, 48.59919590900006], [14.077546553000047, 48.59954761900008], [14.075997468000025, 48.59957791100004], [14.068833536000056, 48.597128937000036], [14.06728049000003, 48.602862353000035], [14.066740432000074, 48.60485609800003], [14.060256694000032, 48.60513021600008], [14.054273305000038, 48.60538318000005], [14.042193474000044, 48.612856597000075], [14.044929725000031, 48.621865065000065], [14.046640440000033, 48.62749719400006], [14.039726950000045, 48.627522990000045], [14.031632461000072, 48.62755319300004], [14.010569416000067, 48.63965360600008], [14.022241963000056, 48.64565311400003], [14.026702431000047, 48.65295905600004], [14.037033509000025, 48.65332278500006], [14.05392407100004, 48.653917456000045], [14.059639928000024, 48.664723964000075], [14.058607579000068, 48.67155640500005], [14.059283321000066, 48.67370215300008], [14.052813229000037, 48.67487445000006], [14.03572454600004, 48.67797069800008], [14.028699801000073, 48.681908855000074], [14.024654200000043, 48.68873436800004], [14.017437706000067, 48.69199559600003], [14.016534850000028, 48.69621890600007], [14.011314825000056, 48.69550645400005], [14.009373013000072, 48.70236386400006], [14.008703215000025, 48.70472922000005], [14.004448276000062, 48.707766597000045], [13.995624005000025, 48.708816272000035], [13.976493106000078, 48.71109195400004], [13.96718340800004, 48.71274552700004], [13.957306059000075, 48.71449992400005], [13.952929432000076, 48.72032496800006], [13.939896162000025, 48.723458150000056], [13.93363940300003, 48.72864236700008], [13.926339315000064, 48.73469106400006], [13.915015006000033, 48.74394811600007], [13.876959656000054, 48.765974063000044], [13.868078585000035, 48.76938424700006], [13.839507129000026, 48.77160502800007], [13.836989451000022, 48.770812070000034], [13.833542814000054, 48.77072484000007], [13.831070085000022, 48.77082787000006], [13.827131999000073, 48.77196150900005], [13.824212770000031, 48.77228112300003], [13.820554870000024, 48.772258082000064], [13.813180634000048, 48.773765602000026], [13.809349626000028, 48.77787352000007], [13.808986353000023, 48.77826305000008], [13.808776570000077, 48.77848799700007], [13.804008414000066, 48.78118174800005], [13.807891062000067, 48.78308752700008], [13.809606660000043, 48.78656826400004], [13.809819401000027, 48.78699988900007], [13.810405245000027, 48.788990012000056], [13.812083364000046, 48.79282887100004], [13.813913313000057, 48.79389094600003], [13.81531873800003, 48.796900366000045], [13.808953562000056, 48.802829657000075], [13.797434249000048, 48.81356013000004], [13.796082181000031, 48.81898548400005], [13.795881522000059, 48.819790657000055], [13.794151610000029, 48.821408688000076], [13.790438272000074, 48.824881867000045], [13.790223256000047, 48.826339458000064], [13.789639195000063, 48.83029878700006], [13.781020545000047, 48.83193782800004], [13.765663075000077, 48.83485841600003], [13.751013025000077, 48.858043845000054], [13.75077827900003, 48.85900477500007], [13.748538188000055, 48.86817457400008], [13.739878286000021, 48.878026039000076], [13.733170158000064, 48.88634456200003], [13.725316295000027, 48.88198499900005], [13.724041534000037, 48.881277398000066], [13.720030674000043, 48.87983746100008], [13.716365705000044, 48.87852170200006], [13.70578949000003, 48.880615910000074], [13.672934762000068, 48.87990476300007], [13.670676719000028, 48.88487331500005], [13.66789620700007, 48.89099149800006], [13.660574990000043, 48.89320907000007], [13.654730096000037, 48.89497946900008], [13.64530128000007, 48.91137109200008], [13.636586873000056, 48.926446240000075], [13.62331144600006, 48.93866711700008], [13.62810896800005, 48.944102153000074], [13.63075857900003, 48.94710385500008], [13.621491813000034, 48.94857822100005], [13.611212172000023, 48.94419297600007], [13.609249484000031, 48.943355703000066], [13.608540479000055, 48.940487123000025], [13.591878099000041, 48.95183645600008], [13.591760158000056, 48.95870588900004], [13.591707970000073, 48.96174555500005], [13.582781743000055, 48.969772386000045], [13.577294644000062, 48.97038561900007], [13.572720134000065, 48.96729512500008], [13.571609954000053, 48.96654509900003], [13.56958289000005, 48.96736818800008], [13.563294111000062, 48.96992174600007], [13.551578318000054, 48.96778749400005], [13.550160768000069, 48.97858174800007], [13.542548231000069, 48.98292444400005], [13.536800377000077, 48.98620340200006], [13.539212986000052, 48.99773051100004], [13.542738746000055, 49.00176912200004], [13.545764047000034, 49.005234477000045], [13.546254284000042, 49.01492202600008], [13.546164068000053, 49.015252787000065], [13.544940824000037, 49.01973759800006], [13.548211919000039, 49.02331408400005], [13.556431485000076, 49.03230103200008], [13.556973456000037, 49.03431804100006], [13.55807135200007, 49.03840398600005], [13.570434190000071, 49.04979350500008], [13.57868249300003, 49.046244982000076], [13.584566847000076, 49.04371346000005], [13.602267958000027, 49.05449394200008], [13.605884955000022, 49.06176947500006], [13.606967242000053, 49.064372399000035], [13.605005941000059, 49.071011793000025], [13.595293493000042, 49.080298811000034], [13.598258502000022, 49.08868747500003], [13.58747259100005, 49.09491415800005], [13.58649351300005, 49.09547937700006], [13.58023206100006, 49.103552938000064], [13.582673139000065, 49.10620331100006], [13.591106679000063, 49.107483538000054], [13.597893433000024, 49.10851378000007], [13.595611646000066, 49.114107432000026], [13.590899273000048, 49.12565950800007], [13.597697663000076, 49.13761582400008], [13.599547919000031, 49.14086986600006], [13.598051277000025, 49.14160087800008], [13.590712045000032, 49.14518561300008], [13.590615568000032, 49.14771846200006], [13.604791735000049, 49.14709052000006], [13.609203327000046, 49.14352271400003], [13.622923030000038, 49.140547662000074], [13.627863323000042, 49.139476383000044], [13.629676292000056, 49.13578404100008], [13.640107105000027, 49.14186841700007], [13.653761544000076, 49.14983315900008], [13.659872790000065, 49.15507465300004], [13.660163324000052, 49.160042023000074], [13.681784126000025, 49.16328226600007], [13.681955877000064, 49.16330800600008], [13.68971500500004, 49.15988092300006], [13.692114255000035, 49.16390643200003], [13.686699155000042, 49.16608542700004], [13.686199689000034, 49.166286408000076], [13.686962813000036, 49.16674620100008], [13.692726630000038, 49.170218985000076], [13.691313981000064, 49.17765101500004], [13.690351791000069, 49.182713153000066], [13.698709587000053, 49.19186191800003], [13.709007326000062, 49.192962099000056], [13.718198083000061, 49.19394401400007], [13.714720890000024, 49.20138891900007], [13.714598094000053, 49.201651834000074], [13.71462876000004, 49.202077848000044], [13.715103052000075, 49.20866666000006], [13.709201657000051, 49.21058113600003], [13.698278752000022, 49.21412464300005], [13.689174511000033, 49.22608199300004], [13.694271398000069, 49.232484466000074], [13.690990076000048, 49.23209604400006], [13.700357161000056, 49.23778044000005], [13.706628831000046, 49.23780010200005], [13.707632894000028, 49.23780325000007], [13.707618741000033, 49.238673463000055], [13.707510097000068, 49.245353453000064], [13.71410363800004, 49.244394846000034], [13.720030674000043, 49.24353314000007], [13.725170769000044, 49.24278584400008], [13.720372652000037, 49.249824337000064], [13.720774949000031, 49.25028069600006], [13.72286617900005, 49.25265295500003], [13.726285312000073, 49.256531565000046], [13.720030674000043, 49.25736949100008], [13.713207216000058, 49.25828362100003], [13.71011863800004, 49.25869739400008], [13.707870158000048, 49.25792063200004], [13.702345889000071, 49.276236518000076], [13.697608658000036, 49.27909059500007], [13.700149810000028, 49.27990449200007], [13.711703661000058, 49.277267884000025], [13.71624476900007, 49.27773721400007], [13.720030674000043, 49.278128493000054], [13.729368065000074, 49.27909352700004], [13.73040381900006, 49.28399878300007], [13.730586200000062, 49.28486252600004], [13.731376437000051, 49.28573975000006], [13.73530727800005, 49.29010328600003], [13.729920077000031, 49.29255468800005], [13.724170321000031, 49.29517106800006], [13.72616882400007, 49.302542275000064], [13.72396107000003, 49.30945565800005], [13.729323153000053, 49.30894613400005], [13.73305493600003, 49.30859152700003], [13.734562934000053, 49.31135538800004], [13.736772502000065, 49.315405088000034], [13.75454134100005, 49.32440797000004], [13.763606281000023, 49.32470953600006], [13.770969441000034, 49.32495448800006], [13.771114279000074, 49.32903144800008], [13.770649774000049, 49.33170650800008], [13.76909390000003, 49.340666697000074], [13.778202689000068, 49.34898605800004], [13.779937391000033, 49.350570419000064], [13.78552912400005, 49.351844147000065], [13.780954094000037, 49.35528071700003], [13.779637781000076, 49.35626947600008], [13.782658548000029, 49.359180164000065], [13.788572668000029, 49.364878770000075], [13.789324764000071, 49.37065353500003], [13.780572590000077, 49.37421678800007], [13.770947466000052, 49.378135444000065], [13.775577277000025, 49.37915060600005], [13.764960976000054, 49.38740792300007], [13.759414391000064, 49.404450057000076], [13.763892312000053, 49.40752674000004], [13.765159398000037, 49.42185262400005], [13.774517966000076, 49.42998650700008], [13.778154681000046, 49.43314731300006], [13.790483571000038, 49.43501656600006], [13.779110502000037, 49.43785068900007], [13.771189678000042, 49.445946409000044], [13.766889014000071, 49.45034203400007], [13.762659899000028, 49.46240015400008], [13.765133813000034, 49.46565129600003], [13.765810221000038, 49.46654021000006], [13.765233569000031, 49.46874088100003], [13.764512044000071, 49.47149443200004], [13.765345756000045, 49.472215454000036], [13.768567633000032, 49.47500184300003], [13.763285895000024, 49.48310951000008], [13.758964242000047, 49.484027052000044], [13.752866949000065, 49.485321584000076], [13.74844368600003, 49.49019834400008], [13.74818760100004, 49.49460798900003], [13.754967855000075, 49.49745608000006], [13.758009711000057, 49.49873383200003], [13.756826191000073, 49.500348630000076], [13.752009929000053, 49.506919949000064], [13.75853144000007, 49.51267166400004], [13.765590470000063, 49.51399046500006], [13.767761536000023, 49.511704648000034], [13.770883537000032, 49.510769408000044], [13.773969579000038, 49.510752869000044], [13.776058238000076, 49.51074151900008], [13.781467676000034, 49.51064098900008], [13.782290254000031, 49.50897184000007], [13.78577058600007, 49.512246074000075], [13.792345132000037, 49.51843129000008], [13.803003065000041, 49.51748009800008], [13.804568786000061, 49.51734036100004], [13.813057525000033, 49.519045848000076], [13.81394010400004, 49.52080200600005], [13.815423610000039, 49.523753889000034], [13.823372414000062, 49.52588180600003], [13.832159755000077, 49.51836481300006], [13.83216015100004, 49.518363657000066], [13.834331836000047, 49.51202446700006], [13.839657647000024, 49.51419728400003], [13.841698518000044, 49.51201713200004], [13.853784461000032, 49.514636274000054], [13.860141095000074, 49.519823418000044], [13.862384708000036, 49.521654252000076], [13.86079976600007, 49.52476015700006], [13.881294797000066, 49.52283439300004], [13.880144965000056, 49.52019754400004], [13.87935542300005, 49.51838692900003], [13.882919586000071, 49.51312378100005], [13.897019241000066, 49.51364126900006], [13.897174719000077, 49.508447226000044], [13.931893590000072, 49.501353091000055], [13.937886651000042, 49.50595886000008], [13.938463390000038, 49.51045572700008], [13.938934699000072, 49.51413054900007], [13.949665220000043, 49.51729279400007], [13.958011682000063, 49.514335783000035], [13.964191808000066, 49.51214626800004], [13.96718340800004, 49.51243025900004], [13.97831056900003, 49.51348655100003], [13.980486797000026, 49.51671171500004], [13.98310874200007, 49.520597431000056], [13.981923021000057, 49.524420074000034], [13.987982849000048, 49.52683471300003], [13.994618636000041, 49.52224491700008], [13.99816290800004, 49.51979343900007], [14.00216122200004, 49.52396171700008], [14.000113936000048, 49.52842602700008], [13.999264064000045, 49.530279257000075], [14.001276182000026, 49.53025616100007], [14.007592253000041, 49.53018366200007], [14.010552044000065, 49.53778068300005], [14.013905521000027, 49.53948322800005], [14.011661177000065, 49.546608915000036], [14.010203826000065, 49.55123593700006], [14.016408399000056, 49.55022704900006], [14.024290539000049, 49.54894538100007], [14.034336530000076, 49.55656128500004], [14.038521090000074, 49.55973361500003], [14.054455732000065, 49.55976796200008], [14.061888901000032, 49.56290188400004], [14.07662139000007, 49.55576035400003], [14.068137619000026, 49.55469393900006], [14.066154571000027, 49.54552408100005], [14.064274228000045, 49.53682914600006], [14.074226175000035, 49.52955627800003], [14.099992918000055, 49.528658062000034], [14.100405722000062, 49.529953886000044], [14.102023377000023, 49.535031838000066], [14.105782587000022, 49.53616292900006], [14.109391014000039, 49.52968025800004], [14.109590007000065, 49.52932275900008], [14.124253903000067, 49.52868667900003], [14.123943643000075, 49.52985205900006], [14.122144372000037, 49.53661036700004], [14.145627422000075, 49.53150493900006], [14.151309685000058, 49.53026956400004], [14.152216811000073, 49.532007226000076], [14.153142475000038, 49.53378040000007], [14.159325702000046, 49.53345562700008], [14.17430541400006, 49.534378117000074], [14.201518634000024, 49.537427541000056], [14.204924500000061, 49.53622984200007], [14.204731973000037, 49.53601027800005], [14.20187125600006, 49.532747818000075], [14.207736755000042, 49.53206052400003], [14.214287450000029, 49.537956387000065], [14.211913885000058, 49.54100206000004], [14.211605087000066, 49.54139829800005], [14.212565662000031, 49.54172413800006], [14.219803322000075, 49.54417925100006], [14.225407253000071, 49.55017301200007], [14.225517359000037, 49.556072802000074], [14.225606542000037, 49.56085145000003], [14.235369336000076, 49.564150545000075], [14.239415806000068, 49.56159992700003], [14.239952947000063, 49.56126135000005], [14.248435408000034, 49.563298254000074], [14.265730951000023, 49.56745145600007], [14.270411262000039, 49.564361871000074], [14.27498657800004, 49.56584449700006], [14.288743150000073, 49.55990410800007], [14.289925294000057, 49.55592635200003], [14.292263578000075, 49.54805833700004], [14.29998570500004, 49.545330524000065], [14.30619155200003, 49.54915613700007], [14.31211845100006, 49.54693101700008], [14.331657542000073, 49.53959550800005], [14.330474988000049, 49.53564622600004], [14.328744388000075, 49.529866680000055], [14.324134996000055, 49.528309654000054], [14.332108400000038, 49.52725362900003], [14.338376770000025, 49.52977536700007], [14.342551575000073, 49.53145487300003], [14.347023211000021, 49.52995836000008], [14.35238170200006, 49.52816504500004], [14.355198183000027, 49.52415196100003], [14.35793497800006, 49.52995429400005], [14.367639920000045, 49.52966050900005], [14.37654242800005, 49.535543895000046], [14.38668713800007, 49.54224821400004], [14.389550761000066, 49.54223334400007], [14.404567024000073, 49.54215536600003], [14.406672958000058, 49.54733878500008], [14.404808931000048, 49.55007975500007], [14.401397906000057, 49.555095520000066], [14.40651381300006, 49.55273261700006], [14.409154325000031, 49.55633254500003], [14.41504513600006, 49.55453116800004], [14.420673427000054, 49.549665049000055], [14.428349378000064, 49.54302855900005], [14.43189490900005, 49.545646549000026], [14.434346208000022, 49.54745656800003], [14.441561277000062, 49.54810093700007], [14.444541108000067, 49.54205233000005], [14.452529703000039, 49.53825707100003], [14.466816590000064, 49.53146958900004], [14.467104557000027, 49.534785543000055], [14.467202648000068, 49.53591505900005], [14.470861988000024, 49.53713433000007], [14.476185609000026, 49.53890813000004], [14.475956919000055, 49.54031919500005], [14.475213679000035, 49.54490513300004], [14.499082928000064, 49.54141258400006], [14.509632922000037, 49.54375059600005], [14.512641461000044, 49.53923393800005], [14.515079009000033, 49.53557449700003], [14.528062571000078, 49.53373017100006], [14.534693178000055, 49.536138221000044], [14.534822764000069, 49.536185283000066], [14.53563708200005, 49.536005712000076], [14.554630175000057, 49.53181740300005], [14.561660308000057, 49.53171891100004], [14.562660528000038, 49.53334186500007], [14.564341095000032, 49.53606875000003], [14.567411786000036, 49.53474064100004], [14.570302556000058, 49.53349035000008], [14.580903420000027, 49.53668978700006], [14.584267542000077, 49.53970299400004], [14.589249876000054, 49.54416561700003], [14.589927673000034, 49.534276668000075], [14.585207797000066, 49.53120988300003], [14.57624594400005, 49.52538683100005], [14.576407596000024, 49.52278540800006], [14.58531393900006, 49.51846998800005], [14.598304423000059, 49.52074164700008], [14.609068449000063, 49.52262396300006], [14.628932403000022, 49.51886850600005], [14.636706278000077, 49.51586413200005], [14.638694429000054, 49.51008515400008], [14.640397868000036, 49.50513375400004], [14.652591388000076, 49.50572612800005], [14.654386583000075, 49.51244700400008], [14.654810825000027, 49.51403528700007], [14.650961455000072, 49.518108244000075], [14.655216446000054, 49.51961489100006], [14.666148153000051, 49.528173509000055], [14.672949723000045, 49.52899121200005], [14.685987475000047, 49.53820538800005], [14.688041157000043, 49.538494780000065], [14.691056279000065, 49.53891965200006], [14.692362815000024, 49.53857059200004], [14.693519178000031, 49.541214059000026], [14.694576514000062, 49.54363114700004], [14.70068714200005, 49.54284971700008], [14.710216693000064, 49.541631073000076], [14.737531194000042, 49.550598584000056], [14.729756477000024, 49.557468217000064], [14.726611760000026, 49.56024684600004], [14.727186192000033, 49.56266856800005], [14.728030595000064, 49.56622844900005], [14.724842894000062, 49.56740966400008], [14.721786721000058, 49.56854214100008], [14.723012465000068, 49.57977058800003], [14.725943665000045, 49.57930103000007], [14.726624917000038, 49.57919189800003], [14.731198084000027, 49.58158794000008], [14.732416876000059, 49.58626100500004], [14.729691893000052, 49.58994726100008], [14.728689407000047, 49.59130338600005], [14.72930961000003, 49.59701378500006], [14.73577104800006, 49.59612711500006], [14.743893064000076, 49.59501257200003], [14.745428926000045, 49.59731435900005], [14.743734093000057, 49.60065432400006], [14.742513329000076, 49.60306005500007], [14.752463958000021, 49.610108368000056], [14.76102030100003, 49.610482008000076], [14.761987991000069, 49.61052426500004], [14.762352091000025, 49.611239167000065], [14.767332795000073, 49.621018658000025], [14.768822101000069, 49.615925970000035], [14.773666995000042, 49.61151503100007], [14.780324625000048, 49.60545372200005], [14.803405370000064, 49.603032109000026], [14.808252934000052, 49.60252350700006], [14.814208068000028, 49.60118235700003], [14.81887006900007, 49.59608874700007]], [[14.412584615000071, 49.539192495000066], [14.402628711000034, 49.53988385200006], [14.404363906000071, 49.53597258900004], [14.406713620000062, 49.53485100300003], [14.413894324000069, 49.53771822700003], [14.412584615000071, 49.539192495000066]], [[13.730555799000058, 49.26026730600006], [13.725777267000069, 49.25722688700006], [13.730466205000027, 49.25551038800006], [13.734265822000054, 49.257571117000055], [13.730555799000058, 49.26026730600006]]], [[[14.93229825000003, 49.35139384100006], [14.930025305000072, 49.350743711000064], [14.927586807000068, 49.35206351200003], [14.930168240000057, 49.35585226200004], [14.933223344000055, 49.357055642000034], [14.93229825000003, 49.35139384100006]]]]}}, {"type": "Feature", "properties": {"NUTS_ID": "CZ010", "LEVL_CODE": 3, "CNTR_CODE": "CZ", "NAME_LATN": "Hlavní město Praha", "NUTS_NAME": "Hlavní město Praha", "MOUNT_TYPE": null, "URBN_TYPE": 1, "COAST_TYPE": null, "NAME_ENGL": "Czechia", "NAME_FREN": "Tchéquie", "ISO3_CODE": "CZE", "SVRG_UN": "UN Member State", "CAPT": "Prague", "EU_STAT": "T", "EFTA_STAT": "F", "CC_STAT": "F", "NAME_GERM": "Tschechien"}, "geometry": {"type": "MultiPolygon", "coordinates": [[[[14.658959251000056, 50.12234889500007], [14.658778564000045, 50.11718072900004], [14.658424167000021, 50.10704398200005], [14.665788939000038, 50.10341290700006], [14.678917408000075, 50.10162333200003], [14.691188631000045, 50.099950611000054], [14.690596303000063, 50.09586425100008], [14.70365466000004, 50.09201064000007], [14.706166628000062, 50.086207786000045], [14.700916361000054, 50.07378226000003], [14.690320658000076, 50.071287780000034], [14.68934469800007, 50.07105801600005], [14.670058812000036, 50.06578003700008], [14.646144728000024, 50.05955083300006], [14.640917113000057, 50.05585936400007], [14.640718019000076, 50.04812014200007], [14.643694899000025, 50.04343207200003], [14.65186781500006, 50.04701802400007], [14.654917075000071, 50.04835591800003], [14.667202513000063, 50.03836040700003], [14.658413924000058, 50.03751540600007], [14.657547517000069, 50.03480944900008], [14.656718473000069, 50.03222018300005], [14.661635835000027, 50.02602156700004], [14.669353602000058, 50.01629288300006], [14.66274237400006, 50.01240864000005], [14.659058322000021, 50.00549177700003], [14.652197392000062, 50.00748109700004], [14.650371385000028, 50.00801054600004], [14.641698654000038, 50.00520502400008], [14.644343734000074, 50.00134400300004], [14.646006801000055, 49.99891642500006], [14.640644854000072, 49.99504069500006], [14.612182175000044, 49.99896686000005], [14.603483924000045, 50.00174956200004], [14.601476598000033, 50.00832619200003], [14.601393901000051, 50.00859713500006], [14.599770509000052, 50.00870335400003], [14.589706506000027, 50.00936184400007], [14.585064221000039, 50.01195444500007], [14.579727157000036, 50.01493506200006], [14.574786808000056, 50.01171728000003], [14.568317835000073, 50.00750386400006], [14.561868206000042, 50.01097297000007], [14.560559714000021, 50.01167677800004], [14.557024138000031, 50.01069387800004], [14.549379057000067, 50.008568523000065], [14.540186366000057, 50.00972376400006], [14.529483507000066, 50.011068787000056], [14.522366755000064, 50.00761322400007], [14.52478493600006, 50.004442899000026], [14.528349628000058, 49.999769455000035], [14.51343834000005, 49.99412949300006], [14.510421902000076, 49.99327003800005], [14.506656319000058, 49.99602302200003], [14.505458823000026, 49.99689850000004], [14.486855664000075, 49.992963839000026], [14.484302763000073, 49.989711501000045], [14.48643151300007, 49.986629565000044], [14.486940536000077, 49.98589261800004], [14.481369510000036, 49.98427850600007], [14.467148079000026, 49.98015808400004], [14.465885643000036, 49.97708698900004], [14.465132977000053, 49.97525599700003], [14.459951333000049, 49.97124768500004], [14.451486726000041, 49.972563853000054], [14.445603728000037, 49.973478605000025], [14.442927139000062, 49.97145695300003], [14.43897921000007, 49.96847504700003], [14.422759579000058, 49.964210440000045], [14.412194329000044, 49.96748267900006], [14.402627437000035, 49.970445709000046], [14.395471802000031, 49.956103203000055], [14.395323446000077, 49.955805843000064], [14.396195736000038, 49.94731094200006], [14.395383646000028, 49.941646508000076], [14.38733198400007, 49.94840709500005], [14.385925405000023, 49.94958813100004], [14.376532756000074, 49.94718834200006], [14.37573231400006, 49.94698383200006], [14.374791250000044, 49.94748324500006], [14.368603247000067, 49.95076715700003], [14.364187706000052, 49.94927882800005], [14.360560422000049, 49.94805619400006], [14.338305615000024, 49.94835447000003], [14.327391097000032, 49.95682468600006], [14.326689988000055, 49.96082960200005], [14.332338020000066, 49.966150336000055], [14.33568647900006, 49.96646841100005], [14.343387407000023, 49.96719993200003], [14.345232748000058, 49.97297239200003], [14.335915362000037, 49.97222507200007], [14.326764050000065, 49.97149107300004], [14.336204251000026, 49.97949096600007], [14.337923387000046, 49.98094781000003], [14.339821374000053, 49.99112180100008], [14.334607123000069, 49.99338811900003], [14.324661725000055, 49.991056779000075], [14.318680466000046, 49.989654689000076], [14.306502757000032, 49.996999481000046], [14.29676587800003, 50.00233615900004], [14.30154561200004, 50.01046025000005], [14.30528937400004, 50.00957342000004], [14.310786204000067, 50.00827132100005], [14.31556140300006, 50.022353459000044], [14.303098846000069, 50.02429461100007], [14.29455464800003, 50.02562544500006], [14.289279560000068, 50.02740940900003], [14.270420695000041, 50.04082455900004], [14.270813876000034, 50.047193004000064], [14.27118329600006, 50.053176577000045], [14.258414593000055, 50.05598730200006], [14.247978347000071, 50.058284592000064], [14.248654646000034, 50.06186968500003], [14.257927034000033, 50.06494385700006], [14.25957244500006, 50.07142176000008], [14.269182102000059, 50.07252301900007], [14.289453953000077, 50.074846156000035], [14.283580701000062, 50.080986918000065], [14.275583822000044, 50.08178582100004], [14.272913522000067, 50.08644354900008], [14.263048079000043, 50.087929476000056], [14.262243129000069, 50.088050717000044], [14.262125929000035, 50.088528008000026], [14.260398291000058, 50.09556370200005], [14.253799639000022, 50.101474618000054], [14.244846856000038, 50.10285239900003], [14.238682655000048, 50.10394392500007], [14.23560933500005, 50.104488133000075], [14.240732967000042, 50.11125339500006], [14.247487685000067, 50.110616089000075], [14.273692029000074, 50.117480399000044], [14.275312234000069, 50.117297130000054], [14.286627753000062, 50.116017181000075], [14.295650684000066, 50.12020656700008], [14.29627757000003, 50.12450043500007], [14.297410719000027, 50.12535306800004], [14.302616963000048, 50.12927048600005], [14.310410378000029, 50.128019910000035], [14.315239518000055, 50.12780441100006], [14.31733220600006, 50.12349501500006], [14.32102384600006, 50.11589295300007], [14.359178760000077, 50.11629992100006], [14.357376791000036, 50.12977191600004], [14.355924869000035, 50.14062687300003], [14.363617282000064, 50.14701581500003], [14.371764617000053, 50.14809504300007], [14.38519717400004, 50.14666768200004], [14.386909780000053, 50.145733060000055], [14.393531100000075, 50.14211960100005], [14.39850864400006, 50.143436895000036], [14.401165785000046, 50.14726219800008], [14.418434845000036, 50.14930153000006], [14.427703590000021, 50.15575688800004], [14.430739548000076, 50.157871327000066], [14.435143121000067, 50.15813253400006], [14.462446302000046, 50.15975208100008], [14.466227296000056, 50.16805856500008], [14.466911483000047, 50.16956165800008], [14.47121724300007, 50.16965199200007], [14.479796043000022, 50.16983197300004], [14.47976866600004, 50.17150243900005], [14.479754590000027, 50.17236134400008], [14.484113705000027, 50.17235046800005], [14.491683721000072, 50.17232999500004], [14.49171367300005, 50.17232859300003], [14.497882274000062, 50.17203986200008], [14.506138276000058, 50.171630666000055], [14.514175977000036, 50.17388215600005], [14.526889265000023, 50.17744335300006], [14.531877535000035, 50.17608094600007], [14.532645880000075, 50.17108254900006], [14.533900581000069, 50.16292020600008], [14.549472300000048, 50.16532194500007], [14.549659054000074, 50.16535074900003], [14.561157859000048, 50.16153340400007], [14.561215310000023, 50.16130167000006], [14.563778115000048, 50.15096430500006], [14.579028105000077, 50.15086296700008], [14.585343678000072, 50.15304120900004], [14.58939970800003, 50.15444013500007], [14.59418984000007, 50.15383436900004], [14.596221563000029, 50.15387148900004], [14.593079085000056, 50.14853702200003], [14.59245557500003, 50.14795467500005], [14.588835867000057, 50.14457393200007], [14.594468475000042, 50.13472706300007], [14.601477803000023, 50.12930576900004], [14.608900257000073, 50.12749130900005], [14.618554657000061, 50.128488495000056], [14.632182760000035, 50.12989611800003], [14.636124890000076, 50.124707458000046], [14.636556473000041, 50.12413940500005], [14.64006923100004, 50.12385865300007], [14.658959251000056, 50.12234889500007]]]]}}, {"type": "Feature", "properties": {"NUTS_ID": "CZ052", "LEVL_CODE": 3, "CNTR_CODE": "CZ", "NAME_LATN": "Královéhradecký kraj", "NUTS_NAME": "Královéhradecký kraj", "MOUNT_TYPE": null, "URBN_TYPE": 3, "COAST_TYPE": null, "NAME_ENGL": "Czechia", "NAME_FREN": "Tchéquie", "ISO3_CODE": "CZE", "SVRG_UN": "UN Member State", "CAPT": "Prague", "EU_STAT": "T", "EFTA_STAT": "F", "CC_STAT": "F", "NAME_GERM": "Tschechien"}, "geometry": {"type": "MultiPolygon", "coordinates": [[[[15.547163366000063, 50.78013151600004], [15.563292361000038, 50.77634307100004], [15.57799876300004, 50.77876713000006], [15.603405996000049, 50.77627136700005], [15.615335612000024, 50.77249115300003], [15.620027161000053, 50.76777490200004], [15.642221993000078, 50.76071663100004], [15.680282132000059, 50.754739939000046], [15.689773886000069, 50.74273738200003], [15.699497097000062, 50.73880208700007], [15.725911621000023, 50.73942978000008], [15.740129060000072, 50.73613592600003], [15.759084421000068, 50.74320876500008], [15.779731703000039, 50.742714327000044], [15.787739014000067, 50.746511242000054], [15.792148649000069, 50.75212102300003], [15.808334621000029, 50.75437499600008], [15.815767276000031, 50.75467983400006], [15.831954150000058, 50.74274304900007], [15.830510804000028, 50.72548130300004], [15.834572216000026, 50.720316006000076], [15.84980446000003, 50.70817150900007], [15.856717545000038, 50.69698284100008], [15.862551708000069, 50.681632997000065], [15.860921186000041, 50.67491285500006], [15.88257395900007, 50.67151488300004], [15.887697987000024, 50.67557676800004], [15.919235297000057, 50.683789303000026], [15.92699116500006, 50.68167858600003], [15.93259686500005, 50.68607366300006], [15.946126195000033, 50.688687035000044], [15.96670165300003, 50.69150489400005], [15.988160580000056, 50.68434029000008], [15.991532728000038, 50.67644199000006], [15.998023973000045, 50.671774741000036], [16.003116824000074, 50.65929611200005], [16.00291410600005, 50.64404540900006], [16.016303307000044, 50.630217713000036], [15.986371091000024, 50.61474691400008], [15.99194084900006, 50.61003009600006], [16.01426831400005, 50.60601332400006], [16.023922955000046, 50.59926324500003], [16.04219491300006, 50.61346307800005], [16.056095949000053, 50.60970491200004], [16.061396909000052, 50.62902504500005], [16.067699697000023, 50.638838261000046], [16.08568378900003, 50.647807132000025], [16.096236929000042, 50.65450116400007], [16.101756789000035, 50.66230017100003], [16.107318043000078, 50.66207301900005], [16.113345769000034, 50.659497920000035], [16.116400243000044, 50.659715418000076], [16.124619388000042, 50.66030067300005], [16.132951196000022, 50.65541904200006], [16.13953144000004, 50.65156365800004], [16.145327938000037, 50.65220622800007], [16.14960582200007, 50.65268045300007], [16.16908963700007, 50.64540226200006], [16.17637331000003, 50.63953521900004], [16.17716819900005, 50.63667347400008], [16.179393766000032, 50.62866103500005], [16.187786122000034, 50.62775067200005], [16.217372203000025, 50.63335095800005], [16.220403822000037, 50.63761936100008], [16.221189321000054, 50.64428568800008], [16.22205776800007, 50.65165597100008], [16.233139210000047, 50.67010967300007], [16.27194853800006, 50.66754340500006], [16.278812710000068, 50.667594619000056], [16.27942620300007, 50.666786020000075], [16.28355795300007, 50.66134026800006], [16.29884389600005, 50.66071608800007], [16.30631970500002, 50.65976553300004], [16.31802612200005, 50.664699839000036], [16.321533895000073, 50.666178381000066], [16.34108945400004, 50.66161685900005], [16.349479227000074, 50.65110603800008], [16.35172452200004, 50.648293101000036], [16.35387109000004, 50.64813540600005], [16.363225253000053, 50.647448214000065], [16.370640931000025, 50.63969510600003], [16.37834280000004, 50.636939048000045], [16.38142848500007, 50.62962141200006], [16.382112024000037, 50.629033399000036], [16.39182330400007, 50.620679299000074], [16.396328634000042, 50.61941736600005], [16.404102979000072, 50.61723978800006], [16.423191477000046, 50.60566370300006], [16.442315803000042, 50.58728164900003], [16.444922183000074, 50.57957095100005], [16.421317246000058, 50.569389399000045], [16.41464478100005, 50.56934161300006], [16.404664800000035, 50.56927014000007], [16.407233947000066, 50.56353105100004], [16.410325285000056, 50.55662546600007], [16.410372634000055, 50.54875853800007], [16.397822658000052, 50.545347486000026], [16.387548982000055, 50.54255512600008], [16.392826074000027, 50.536929658000076], [16.40039934200007, 50.52885642800004], [16.39183078700006, 50.52468622100008], [16.374836353000035, 50.516415246000065], [16.36431325600006, 50.50568039600006], [16.36038661200007, 50.50167473800008], [16.344050742000036, 50.49690414600008], [16.326570140000058, 50.50483671200004], [16.320161005000045, 50.50774512900006], [16.312057010000046, 50.50546917300005], [16.31187382300004, 50.50069201200006], [16.31162201500007, 50.494125343000064], [16.302623305000054, 50.490452696000034], [16.302484968000044, 50.49039623700003], [16.302065296000023, 50.48983504200004], [16.29411120000003, 50.47919863100003], [16.28493273400005, 50.481020476000026], [16.27106323000004, 50.48377345100005], [16.270541001000026, 50.47903045500004], [16.270278629000074, 50.476647538000066], [16.265090515000054, 50.47827678700003], [16.259198827000034, 50.48012698300005], [16.24920802400004, 50.47396443300005], [16.24963697800007, 50.47331316400005], [16.253683015000036, 50.46717018000004], [16.243511660000024, 50.46375173100006], [16.23686311700004, 50.46508133900005], [16.233158569000068, 50.465822192000076], [16.234202380000056, 50.463366687000075], [16.235129855000025, 50.46118485800008], [16.22968555700004, 50.46045592300004], [16.224223057000074, 50.45972455100008], [16.22568338900004, 50.455774044000066], [16.22833911500004, 50.45416533400004], [16.229815743000074, 50.45327086400005], [16.23300452600006, 50.44629145300007], [16.229687143000035, 50.44297421200008], [16.22439801300004, 50.44260972600006], [16.22133086100007, 50.44632373500008], [16.221335361000058, 50.44641636700004], [16.22153004300003, 50.45042403800005], [16.210937914000056, 50.450126056000045], [16.205049014000053, 50.44842399100003], [16.19935864300004, 50.44167899200005], [16.196790942000064, 50.431426169000076], [16.202373781000063, 50.429324173000055], [16.209087603000057, 50.42679634900003], [16.213252666000074, 50.41568300600005], [16.21287678400006, 50.41456040500003], [16.211725038000054, 50.41112062500008], [16.22185917400003, 50.40692485500006], [16.227006548000077, 50.40932731600003], [16.23714004900006, 50.414056979000065], [16.252742088000048, 50.40482170300004], [16.25155743700003, 50.40290886200006], [16.24845392900005, 50.39789766500007], [16.250220889000047, 50.39375395800005], [16.261085852000065, 50.39250469400008], [16.26364060900005, 50.392210945000045], [16.26670001900004, 50.387374486000056], [16.26664865400005, 50.38643061600004], [16.26635181100005, 50.38097591400003], [16.276104787000065, 50.37596326600004], [16.281469867000055, 50.367175632000055], [16.290908858000023, 50.37027803900003], [16.29915621400005, 50.37745759500007], [16.304903249000063, 50.382460552000055], [16.32156528200005, 50.38048323100003], [16.340545511000073, 50.378230805000044], [16.34954847000006, 50.37867376500003], [16.360988749000057, 50.37923664600004], [16.36713390600005, 50.366613150000035], [16.363682390000065, 50.35484507500007], [16.36218191200004, 50.349729137000054], [16.36950173400004, 50.34521982100006], [16.375114128000064, 50.34176235100006], [16.380999463000023, 50.33352840800006], [16.385547725000038, 50.327165113000035], [16.399292485000046, 50.319742215000076], [16.407103068000026, 50.32149285600008], [16.41092371600007, 50.32355367200006], [16.413089858000035, 50.32472206600005], [16.428745451000054, 50.324945025000034], [16.436543073000053, 50.32096861100007], [16.44183233900003, 50.31418322800005], [16.448748555000066, 50.30531069600005], [16.453773569000077, 50.302123204000054], [16.463564917000042, 50.29591230800003], [16.467019334000042, 50.28874566800005], [16.467682069000034, 50.28737073800005], [16.490489946000025, 50.26461803600006], [16.494012492000024, 50.26344018800006], [16.506490627000062, 50.25926782300007], [16.51057237200007, 50.251982756000075], [16.51288659200003, 50.24785235200005], [16.52347579600007, 50.23941281500004], [16.529794606000053, 50.23868329600003], [16.537997563000033, 50.23773624900008], [16.556324822000022, 50.220286834000035], [16.55503552600004, 50.215205826000044], [16.561340710000025, 50.20660614700006], [16.55722922800004, 50.20350841000004], [16.556591446000027, 50.201219912000056], [16.55525209900003, 50.19641404400005], [16.558448920000046, 50.18518437200004], [16.558777770000063, 50.18479830800004], [16.56296228800005, 50.17988575900006], [16.560224099000038, 50.17393484300004], [16.55838112500004, 50.16992950000008], [16.561992367000073, 50.164122485000064], [16.574902372000054, 50.157307563000074], [16.58390614700005, 50.15255465800004], [16.581421544000023, 50.14871009700005], [16.583397433000073, 50.14546271700004], [16.58028997300005, 50.14278809900003], [16.56799502100006, 50.139382021000074], [16.54690938300007, 50.147339413000054], [16.523004270000058, 50.15266651500008], [16.521112430000073, 50.15665794700004], [16.519689688000028, 50.15965967000005], [16.505759501000057, 50.16489248400006], [16.493512725000073, 50.16726323300003], [16.48003542400005, 50.163294740000026], [16.477314169000067, 50.14771983700007], [16.476250357000026, 50.14163118400006], [16.471741671000075, 50.13709643200008], [16.462662800000032, 50.134526132000076], [16.458775157000048, 50.13266899400003], [16.458727398000065, 50.13266428900005], [16.456130122000047, 50.13240839300005], [16.454461672000036, 50.13118454900007], [16.450716284000066, 50.12843722400004], [16.44374424800003, 50.12772352200005], [16.432050661000062, 50.12652649300003], [16.429862057000037, 50.123240484000064], [16.427675470000054, 50.11995750400007], [16.422541870000032, 50.120876543000065], [16.418493726000065, 50.121601259000045], [16.41112905500006, 50.11792138000004], [16.402977691000046, 50.11559345500007], [16.395384362000073, 50.11764620800005], [16.39251291900007, 50.11440591100006], [16.385130083000035, 50.10879498600008], [16.37530471900004, 50.10132775100004], [16.36038667300005, 50.10080448600007], [16.351560815000028, 50.100494910000066], [16.351666800000032, 50.09798853800004], [16.35169911500003, 50.097224347000065], [16.345355433000066, 50.093274034000046], [16.338822591000053, 50.08920592900006], [16.344279137000058, 50.08423630500005], [16.347920119000037, 50.08092023100005], [16.357353284000055, 50.07741134500003], [16.333684952000056, 50.06757513700006], [16.33119769600006, 50.06838392800006], [16.326874415000077, 50.069789746000026], [16.317984214000035, 50.06783350900008], [16.316679830000055, 50.06271300800006], [16.31650521200004, 50.06202752300004], [16.316386735000037, 50.06156243000004], [16.313204898000038, 50.06008142100006], [16.31933673100002, 50.05601782600007], [16.327696038000056, 50.05047807200003], [16.332671984000058, 50.04018303200007], [16.305544387000054, 50.04424215000006], [16.300721682000074, 50.04614245100004], [16.293550828000036, 50.04896799900007], [16.272814568000058, 50.04763191500007], [16.272113512000033, 50.04719553600006], [16.269786961000023, 50.045747352000035], [16.248847195000053, 50.04310411000006], [16.247881146000054, 50.04534847300005], [16.246478138000043, 50.04860799700003], [16.24994934500006, 50.05319991700003], [16.245968379000033, 50.05484554900005], [16.24060905300007, 50.04792899300003], [16.23339037900007, 50.04424394400007], [16.23027674100007, 50.04265446800008], [16.22810171900005, 50.043840827000054], [16.22334451000006, 50.046435630000076], [16.21220660700004, 50.042629254000076], [16.207360424000058, 50.04097307200004], [16.196092255000053, 50.03922853600005], [16.19181284800004, 50.04311089200007], [16.190907538000033, 50.043946], [16.174635847000047, 50.058955913000034], [16.16213211200005, 50.06180001100006], [16.160810094000055, 50.06006541900007], [16.147925847000067, 50.06624939100004], [16.147147553000025, 50.06573798200003], [16.142610990000037, 50.062757056000066], [16.138823734000027, 50.06259610700005], [16.127737481000054, 50.070121708000045], [16.122664851000025, 50.07793009400007], [16.122236823000037, 50.07858896400006], [16.110787896000033, 50.084240316000034], [16.09551643100002, 50.08493112600007], [16.078762546000064, 50.085688993000076], [16.072686356000077, 50.08888260600003], [16.067950462000056, 50.10072936300003], [16.063141053000038, 50.112760018000074], [16.039945788000068, 50.11278975000005], [16.00966948000007, 50.11282855800005], [16.00917353600005, 50.125085385000034], [16.009110607000025, 50.13494486700006], [16.00912393400006, 50.13588852600003], [16.00914257100004, 50.13720814700008], [16.009269429000028, 50.14611008900005], [16.003211933000046, 50.14611832600008], [16.000561188000063, 50.14612193100004], [15.992165098000044, 50.14630436300007], [15.992130418000045, 50.15381925300005], [15.992114155000024, 50.157343421000064], [15.981208589000062, 50.15749571400005], [15.965244059000042, 50.157718654000064], [15.948381663000077, 50.16316364100004], [15.940574266000056, 50.16097156400008], [15.924427177000041, 50.16767144800008], [15.917133188000037, 50.170697930000074], [15.917531282000027, 50.16735737300007], [15.917705051000041, 50.16589921000008], [15.915157172000022, 50.16382713100006], [15.897106981000036, 50.16279676900007], [15.887412496000024, 50.16224337700004], [15.88769867600007, 50.16001999700006], [15.887409999000056, 50.15502797500005], [15.887407391000067, 50.15415840500003], [15.887393518000067, 50.14953201900005], [15.887386525000068, 50.147184509000056], [15.879215183000042, 50.14726996300004], [15.87007992100007, 50.14736501700003], [15.865370551000069, 50.14745982100004], [15.852925646000074, 50.14771034900008], [15.852631705000022, 50.143304414000056], [15.852396739000028, 50.13978245700008], [15.845174833000044, 50.13746584000006], [15.844226905000028, 50.13724715200004], [15.839817337000056, 50.13622985900008], [15.84092785100006, 50.13486955400003], [15.841260220000038, 50.13446242500004], [15.84117731300006, 50.13257839200003], [15.818418320000035, 50.13595935400008], [15.803672138000024, 50.143053431000055], [15.804940292000026, 50.15228232700008], [15.80671867500007, 50.15516585900008], [15.809601701000076, 50.15984049700006], [15.805090780000057, 50.16161447500008], [15.802372826000067, 50.16268334600005], [15.802610023000057, 50.16512314000005], [15.802853456000037, 50.16762707600003], [15.791789378000033, 50.16842025100004], [15.788503486000025, 50.16865581400003], [15.785807925000029, 50.17024283300003], [15.777556916000037, 50.17510063900005], [15.771067387000073, 50.17285651800006], [15.768441689000042, 50.16988880900004], [15.76679732100007, 50.16803025300004], [15.762846163000063, 50.16803072500005], [15.75714552200003, 50.16803140700006], [15.741464521000069, 50.16150974400006], [15.73994440000007, 50.15644803300006], [15.74133278000005, 50.15493410400006], [15.74330711600004, 50.15278123200005], [15.740467681000041, 50.143936530000076], [15.729931915000066, 50.14011585900005], [15.727011761000028, 50.13374659700003], [15.722207898000022, 50.13722177000005], [15.719494246000068, 50.13748915300005], [15.705754584000033, 50.138842956000076], [15.695344251000051, 50.13196658600003], [15.691522829000064, 50.12892801900006], [15.687416636000023, 50.12566301900006], [15.682819365000057, 50.128138645000035], [15.677098499000067, 50.12661094900005], [15.675691776000065, 50.12901501400006], [15.673911272000055, 50.12917413900004], [15.65937440600004, 50.13539532300007], [15.651875967000024, 50.13860434800006], [15.648486467000055, 50.13934107100005], [15.645937553000067, 50.13724340200008], [15.641162974000054, 50.13331408600004], [15.630895594000037, 50.13698746600005], [15.630306311000027, 50.137198295000076], [15.617239785000038, 50.13721294800007], [15.59751013400006, 50.13927845400008], [15.599070508000068, 50.13644596900008], [15.600883116000034, 50.13315561500008], [15.593499218000034, 50.13534333700005], [15.586501234000025, 50.13330096000004], [15.580686826000033, 50.13816704000004], [15.580741765000027, 50.14226671700004], [15.58081111100006, 50.14744150900003], [15.578081670000074, 50.14778011900006], [15.575766765000026, 50.148648396000056], [15.571855648000053, 50.14977844500004], [15.570016209000073, 50.15040794600003], [15.567108837000035, 50.14901502300006], [15.567715317000022, 50.14498927900007], [15.568026222000071, 50.14292553000007], [15.559849962000044, 50.140571340000065], [15.557174601000042, 50.139801023000075], [15.55421903000007, 50.13785028500007], [15.550764830000048, 50.13557044300006], [15.546151874000032, 50.13767378000006], [15.538608908000072, 50.14111309300006], [15.522732701000052, 50.13552686300005], [15.521067068000036, 50.13528452500003], [15.521078555000031, 50.13323084900003], [15.519382456000073, 50.12900348800008], [15.519342431000041, 50.12733108300006], [15.519245609000052, 50.123285518000046], [15.522400074000075, 50.12302806900004], [15.524914756000044, 50.119322115000045], [15.522075937000068, 50.11682708700005], [15.51533499900006, 50.11958160100005], [15.50437327700007, 50.11405297300007], [15.501192591000063, 50.11405681200006], [15.490821235000055, 50.11406933200004], [15.490123653000069, 50.109636900000055], [15.477919924000048, 50.104787575000046], [15.474993703000052, 50.10482409300005], [15.473017668000068, 50.10188229000005], [15.472057993000021, 50.100453583000046], [15.468017522000025, 50.099222413000064], [15.462593600000048, 50.09835996700008], [15.460038963000045, 50.097711520000075], [15.454972142000031, 50.09634988100004], [15.451727778000077, 50.09567385300005], [15.44598970900006, 50.101793962000045], [15.442170764000025, 50.10586520500004], [15.43871486200004, 50.109549420000064], [15.43758662600004, 50.109857549000026], [15.43605862100003, 50.115653085000076], [15.43969561700004, 50.11852130500006], [15.447151407000035, 50.12440111700005], [15.425189791000037, 50.130167233000066], [15.415539755000054, 50.13558839700005], [15.414565579000055, 50.13893335800003], [15.403948825000043, 50.140913356000056], [15.40323459900003, 50.13635927200005], [15.403150475000075, 50.13582287600008], [15.39143023500003, 50.13972071400008], [15.389593913000056, 50.140331425000056], [15.380842825000059, 50.145075345000066], [15.375218755000049, 50.144337137000036], [15.365663232000031, 50.14308289100006], [15.359736874000077, 50.14472934200006], [15.356069484000045, 50.14515502800003], [15.349256620000062, 50.14489609600008], [15.349135256000068, 50.14576410600006], [15.359035647000042, 50.147779583000045], [15.364856472000042, 50.15119951500003], [15.37372707700007, 50.156411296000044], [15.373001238000029, 50.159462905000055], [15.365857366000057, 50.16168307700008], [15.357057980000036, 50.16441774900005], [15.357730858000025, 50.16667322300003], [15.361178758000051, 50.166200986000035], [15.370615198000053, 50.17238892700004], [15.392425240000023, 50.18669085100004], [15.389203606000024, 50.190709868000056], [15.396897727000066, 50.19801887400007], [15.39358734700005, 50.203778226000054], [15.396334901000046, 50.20729162900005], [15.394756291000022, 50.21130694900006], [15.389996289000067, 50.217704043000026], [15.38244792100005, 50.22137691200004], [15.381081162000044, 50.219961854000076], [15.380403712000032, 50.21926046300007], [15.37793156500004, 50.22445947600005], [15.37250748100007, 50.22780033500004], [15.373787614000037, 50.23145504200005], [15.37444756900004, 50.23333917400004], [15.373858639000048, 50.23633412800007], [15.371835315000055, 50.24662357200003], [15.369598822000057, 50.246852570000044], [15.367007226000055, 50.24732301900008], [15.379270489000078, 50.252381152000055], [15.383211546000041, 50.25400668900005], [15.379569461000074, 50.259274524000034], [15.37763512600003, 50.26207230500006], [15.375989224000023, 50.27097063000008], [15.376776997000036, 50.27243133800005], [15.378376484000057, 50.27539714800008], [15.377464849000035, 50.284074771000064], [15.371035212000038, 50.28761996900005], [15.36325344200003, 50.28889107400005], [15.359356800000057, 50.28952756700005], [15.358253810000065, 50.291227570000046], [15.354584489000047, 50.29688297900003], [15.35050472100005, 50.29787759200008], [15.33311870600005, 50.294124888000056], [15.319476791000056, 50.29142161500005], [15.312097379000022, 50.28538603700008], [15.308165172000031, 50.28216990700008], [15.306845151000061, 50.28122394900004], [15.304674084000055, 50.282268842000065], [15.30185896300003, 50.28422944400006], [15.298461047000046, 50.286595936000026], [15.29593038300004, 50.28765443300006], [15.26798670100004, 50.29311758700004], [15.259214328000041, 50.29384721100007], [15.249440280000044, 50.29084442300007], [15.235914841000067, 50.28668913100006], [15.230649545000063, 50.29081287000008], [15.214756357000056, 50.29502209300006], [15.207947515000058, 50.29691562000005], [15.208544250000045, 50.30202033300003], [15.208983210000042, 50.30577537400006], [15.206887048000056, 50.30774752500008], [15.204827310000042, 50.309685407000075], [15.207056751000039, 50.312369981000074], [15.20809967100007, 50.31362580900003], [15.216433445000064, 50.31578835900007], [15.216916010000034, 50.31859917700007], [15.207414609000068, 50.32211749500004], [15.20077430200007, 50.32457636500004], [15.195212261000052, 50.32986500800007], [15.182051258000058, 50.328731968000056], [15.182209176000072, 50.334052850000035], [15.186156076000032, 50.33611013400008], [15.188269990000038, 50.33721199200005], [15.185496150000063, 50.34006762100006], [15.165649449000057, 50.34591795500006], [15.162589514000047, 50.34389351100003], [15.15703604500004, 50.34021935000004], [15.141906986000038, 50.34184527300005], [15.126592165000034, 50.34912999000005], [15.121216498000024, 50.35786557800003], [15.122223233000057, 50.35876212200003], [15.126694550000025, 50.36274403800007], [15.12652074500005, 50.36544605300003], [15.119235727000046, 50.36598073400006], [15.110748124000054, 50.37166907900007], [15.104144322000025, 50.37609491100005], [15.114508583000031, 50.38448980800007], [15.114817361000064, 50.38473991400008], [15.115654422000034, 50.38589856400006], [15.117823991000023, 50.38890165500004], [15.12237968200003, 50.387373137000054], [15.123211953000066, 50.38709389500008], [15.124570896000023, 50.38785358000007], [15.125035909000076, 50.38811353500006], [15.125740578000034, 50.38811004400003], [15.143609593000065, 50.388021507000076], [15.13831323900007, 50.394089646000054], [15.137978471000054, 50.394473196000035], [15.140428158000077, 50.39817055700007], [15.137060932000054, 50.40416408300007], [15.139512684000067, 50.404503101000046], [15.14189101900007, 50.40457504200003], [15.144062585000029, 50.404201009000076], [15.147662051000054, 50.406818858000065], [15.147881652000024, 50.40665909200004], [15.149511478000022, 50.405473345000075], [15.15159214700003, 50.40496785300007], [15.156169600000055, 50.41003991500003], [15.16147355000004, 50.42563546000008], [15.150688095000078, 50.43195370700005], [15.152966107000054, 50.43929342700005], [15.147783971000024, 50.44688842900007], [15.138611694000076, 50.44910457000003], [15.13667807400003, 50.44868295400005], [15.133917495000048, 50.44808102300004], [15.130913711000062, 50.45079776800003], [15.135367866000024, 50.45848633400004], [15.137670964000051, 50.46246184100005], [15.137138752000055, 50.46554744800005], [15.136500904000059, 50.46924550500006], [15.138287559000048, 50.47012812300005], [15.143130130000031, 50.47252038100004], [15.14207521000003, 50.47649914700003], [15.13684442500005, 50.47770572500008], [15.130240076000064, 50.479229142000065], [15.13320163000003, 50.48245378900003], [15.135391896000044, 50.48483863000007], [15.134419863000062, 50.48872318800005], [15.122986132000051, 50.49674336100003], [15.122237254000026, 50.496744894000074], [15.118807889000038, 50.496751912000036], [15.114273997000055, 50.50295754700005], [15.114769392000028, 50.50679549500006], [15.128990164000072, 50.51103628300007], [15.136502500000063, 50.513276543000075], [15.13996867800006, 50.51838784500006], [15.141612331000033, 50.520811612000045], [15.146770550000042, 50.522942595000075], [15.151195425000026, 50.517898107000065], [15.17760749100006, 50.510498909000034], [15.198341753000022, 50.50294738700006], [15.223061408000035, 50.49495918300005], [15.236820597000076, 50.49551703600008], [15.242482284000062, 50.49898405400006], [15.242353584000057, 50.50174558100008], [15.242242988000044, 50.504118635000054], [15.238743474000046, 50.50759234800006], [15.24573, 50.50734909500005], [15.247383791000061, 50.51124066400007], [15.265453557000058, 50.52219892900007], [15.26508595200005, 50.52534654400006], [15.272696157000041, 50.52184115800003], [15.289007642000058, 50.52173787600003], [15.288694493000037, 50.52274763200006], [15.301185191000059, 50.51803383200007], [15.30139824500003, 50.517072333000044], [15.301962648000028, 50.51452521600004], [15.313522506000027, 50.511320848000025], [15.316592769000067, 50.51260947000003], [15.321021230000042, 50.514468142000055], [15.324907908000057, 50.51181698200003], [15.328598272000022, 50.51529556600008], [15.337508762000027, 50.51242741000004], [15.342798679000055, 50.504912396000066], [15.343906615000037, 50.50333842800006], [15.350312289000044, 50.50270553400003], [15.356243946000063, 50.50211947400004], [15.361964902000068, 50.49928298400005], [15.369783615000074, 50.49540641200008], [15.372017586000027, 50.50076815700004], [15.373913010000024, 50.50531735700008], [15.379047135000064, 50.50771431800007], [15.384043633000033, 50.50531804800005], [15.386589257000026, 50.49188994300005], [15.385525162000022, 50.49179628700006], [15.379165600000022, 50.49123655000005], [15.391250435000075, 50.48120965000004], [15.401635917000021, 50.47991245600008], [15.404003739000075, 50.48160869600008], [15.404292440000063, 50.48181551300007], [15.407700121000062, 50.48263163000007], [15.410575656000049, 50.48201401800003], [15.415782812000032, 50.480895617000044], [15.427772625000046, 50.48413257500005], [15.425776122000059, 50.48646736900008], [15.424319136000065, 50.488171230000034], [15.42654047700006, 50.490318251000076], [15.431349681000029, 50.49156618200004], [15.435435858000062, 50.489297426000064], [15.43988534600004, 50.48682695000008], [15.442968864000022, 50.49150440600005], [15.445895032000067, 50.495943175000036], [15.446570887000064, 50.49600955100004], [15.45107600800003, 50.496451997000065], [15.452471167000056, 50.50101606800007], [15.448352855000053, 50.50213105900008], [15.443571861000066, 50.50342546400003], [15.440783044000057, 50.50993895500005], [15.437478041000077, 50.52054511500006], [15.43954293400003, 50.52381388600003], [15.446368883000048, 50.52441332500007], [15.463090304000048, 50.52588176300003], [15.46630710900007, 50.53018108100008], [15.465872925000042, 50.53531602000004], [15.478908001000036, 50.53346207200008], [15.477511070000048, 50.54241564900008], [15.476920544000052, 50.546200604000035], [15.48662289200007, 50.54529806000005], [15.49794298300003, 50.53956991500007], [15.496439209000073, 50.534275740000055], [15.495992028000046, 50.532701399000075], [15.50989192700007, 50.524023484000054], [15.513646884000025, 50.51760939900004], [15.536874247000071, 50.51365305000007], [15.54437594500007, 50.51500656700006], [15.546207036000055, 50.51977650400005], [15.553800882000075, 50.521822658000076], [15.555856249000044, 50.52275561400006], [15.564420434000056, 50.52664300400005], [15.570700379000073, 50.52581775200008], [15.576881960000037, 50.52108752700008], [15.579713342000048, 50.52302451700007], [15.581029881000063, 50.519695385000034], [15.582912584000042, 50.514934596000046], [15.586464276000072, 50.51446699200005], [15.585323990000063, 50.51746883100003], [15.586922669000046, 50.51815368500007], [15.587835321000057, 50.51854465400004], [15.59143832500007, 50.51744677000005], [15.59457769100004, 50.51649016300007], [15.599307090000025, 50.518817252000076], [15.603007782000077, 50.52063816800006], [15.614770834000069, 50.52151053000006], [15.632218498000043, 50.52280447000004], [15.632646518000058, 50.52530463200003], [15.627094361000047, 50.535661221000055], [15.609645283000077, 50.54881525800005], [15.605006994000064, 50.55231184500008], [15.602553019000027, 50.55579697700006], [15.592084976000024, 50.55863265600004], [15.59754902800006, 50.560497249000036], [15.587400758000058, 50.567898039000056], [15.591934609000077, 50.571975198000075], [15.594293002000029, 50.57409603100007], [15.592205841000066, 50.57462445800007], [15.58997733900003, 50.57502695800008], [15.58773115200006, 50.575286352000035], [15.582841835000067, 50.57585098000004], [15.580330150000066, 50.57671114400006], [15.577259092000077, 50.579064146000064], [15.57536671300005, 50.57992234900007], [15.571350214000063, 50.58116649300007], [15.582385189000036, 50.594585754000036], [15.584224891000076, 50.60212529100005], [15.593355048000035, 50.60872405900005], [15.601290659000028, 50.61445947500005], [15.593338938000045, 50.61834976200004], [15.589010521000034, 50.620467390000044], [15.586543474000052, 50.62422685000007], [15.582072717000074, 50.631039704000045], [15.574583432000054, 50.63457054600008], [15.565664087000073, 50.63877559300005], [15.574421425000025, 50.646171940000045], [15.582548002000067, 50.65303555200006], [15.576663749000033, 50.65716256800005], [15.57115396200004, 50.66102694600005], [15.565521326000066, 50.67780752800007], [15.562300357000026, 50.68018395200005], [15.561676556000066, 50.682920068000044], [15.56272627900006, 50.686071499000036], [15.56408929500003, 50.68927132300007], [15.565937366000071, 50.69360986200007], [15.565450354000063, 50.70196994200006], [15.565199843000073, 50.706270224000036], [15.559411860000068, 50.714725420000036], [15.56848201300005, 50.730255201000034], [15.572546188000047, 50.73721382000008], [15.567726308000033, 50.74433219800005], [15.552741205000075, 50.75062881000008], [15.54304968300005, 50.75470110400005], [15.535439960000076, 50.76450607700008], [15.535267653000062, 50.779375997000045], [15.547163366000063, 50.78013151600004]]]]}}, {"type": "Feature", "properties": {"NUTS_ID": "CZ053", "LEVL_CODE": 3, "CNTR_CODE": "CZ", "NAME_LATN": "Pardubický kraj", "NUTS_NAME": "Pardubický kraj", "MOUNT_TYPE": null, "URBN_TYPE": 2, "COAST_TYPE": null, "NAME_ENGL": "Czechia", "NAME_FREN": "Tchéquie", "ISO3_CODE": "CZE", "SVRG_UN": "UN Member State", "CAPT": "Prague", "EU_STAT": "T", "EFTA_STAT": "F", "CC_STAT": "F", "NAME_GERM": "Tschechien"}, "geometry": {"type": "MultiPolygon", "coordinates": [[[[16.863269831000025, 50.19812310000003], [16.866809524000075, 50.18796933700003], [16.86523053600007, 50.177045021000026], [16.86196779000005, 50.173071476000075], [16.859157011000036, 50.171464782000044], [16.849111227000037, 50.165722422000044], [16.835965121000072, 50.13617383500008], [16.832827291000058, 50.129120913000065], [16.830932849000078, 50.12851625800005], [16.825266704000057, 50.12670777900007], [16.825036029000046, 50.11954310700003], [16.824879830000043, 50.11469162800006], [16.817411352000022, 50.11291099300007], [16.807502485000043, 50.110548520000066], [16.806099403000076, 50.10561306800008], [16.814281618000052, 50.09466929300004], [16.821403820000057, 50.085143294000034], [16.811958682000068, 50.07919031200004], [16.80099712200007, 50.072281575000034], [16.799882696000054, 50.06720020900008], [16.804277381000077, 50.06437563900005], [16.812797511000042, 50.05889954600008], [16.809183223000048, 50.05362041700005], [16.80812638200007, 50.05207676500004], [16.810764165000023, 50.05015447100004], [16.81855844000006, 50.04447436400005], [16.81123471500007, 50.04071539100005], [16.807800901000064, 50.038952952000045], [16.807789694000064, 50.038158287000044], [16.807677605000038, 50.03021037100007], [16.795931749000033, 50.02935660000003], [16.794952929000033, 50.02928545300006], [16.775404799000057, 50.01750210200004], [16.768040390000067, 50.01682264900006], [16.768126433000077, 50.00871780800003], [16.768143941000062, 50.007068608000054], [16.749917782000068, 49.995596671000044], [16.747260512000025, 49.99898712900006], [16.74638072500005, 50.00010966500008], [16.740140317000055, 50.001540230000046], [16.721024629000055, 50.002265538000074], [16.71199736600005, 49.99964938800008], [16.71827582900005, 49.98563635700003], [16.720832724000047, 49.984387826000045], [16.727069722000067, 49.98134230200003], [16.734429223000063, 49.967864588000054], [16.733221537000077, 49.96039062600005], [16.731697288000078, 49.950957568000035], [16.74172912000006, 49.936332838000055], [16.747663628000055, 49.93241621400006], [16.749304024000025, 49.93133359400008], [16.748917151000057, 49.92998813100007], [16.747301552000067, 49.92436941200003], [16.753231151000023, 49.921631889000025], [16.756653319000065, 49.920051974000046], [16.754747989000066, 49.91183704100007], [16.75376000400007, 49.90757729000006], [16.75434133600004, 49.90634872500004], [16.75612341300007, 49.902582547000065], [16.75377946900005, 49.89876560000005], [16.75067406000005, 49.89370866200005], [16.75637282400004, 49.886382936000075], [16.75867155700007, 49.88342792900005], [16.76605028700004, 49.87180494200004], [16.75133779600003, 49.86673166800006], [16.742493806000027, 49.86368201600004], [16.739033892000066, 49.85836834400004], [16.73811659300003, 49.84794995800007], [16.736178266000024, 49.83289862500004], [16.739453595000043, 49.82714245500006], [16.744820580000066, 49.827690492000045], [16.74897849000007, 49.82493092400006], [16.759016576000022, 49.81826873300008], [16.75898946800004, 49.81080796900005], [16.758985276000033, 49.809654160000036], [16.756018530000063, 49.80482845200004], [16.766384690000052, 49.79171372700006], [16.784012550000057, 49.77757309800006], [16.79150766500004, 49.77591883200006], [16.798927941000045, 49.77428108500004], [16.801790201000074, 49.767762471000026], [16.797340220000024, 49.76332385000006], [16.79677461800003, 49.76278702400003], [16.792373287000032, 49.758609619000026], [16.80183228800007, 49.75397770700005], [16.813038626000036, 49.74849015400008], [16.803210553000042, 49.740601921000064], [16.78977260000005, 49.72981631700003], [16.791241779000075, 49.72729073100004], [16.79958520400004, 49.726170567000054], [16.804222836000065, 49.72902058900007], [16.80809783600006, 49.73140194100006], [16.81519968200007, 49.72820928700003], [16.816354682000053, 49.72769005400005], [16.819986671000038, 49.72785548000007], [16.83198014000004, 49.72840174500004], [16.846231060000036, 49.715910492000035], [16.843488226000034, 49.71161613900006], [16.84033353600006, 49.70667695800006], [16.843371142000024, 49.704789334000054], [16.84772418500006, 49.702084273000025], [16.843647822000037, 49.68577090800005], [16.843702153000038, 49.68080199100007], [16.839129617000026, 49.67518733600008], [16.82658094900006, 49.67042736600007], [16.828525770000056, 49.66801892400008], [16.828715058000057, 49.666757604000054], [16.82056818700005, 49.66588935100003], [16.817873115000054, 49.66560212300004], [16.808760577000044, 49.657457656000076], [16.803805474000058, 49.65681459400008], [16.804258074000074, 49.649410637000074], [16.804489302000036, 49.64562804800005], [16.80342319500005, 49.644181064000065], [16.79960468200005, 49.638998349000076], [16.80439831700005, 49.636033756000074], [16.813179469000033, 49.63060311000004], [16.821955633000073, 49.62326539000003], [16.812671115000057, 49.626608486000066], [16.809818222000047, 49.62285246300007], [16.808871271000044, 49.621605739000074], [16.804336491000072, 49.613086612000075], [16.806155575000048, 49.60730245000008], [16.80255321800007, 49.60363157200004], [16.804561189000026, 49.60035835700006], [16.805264339000075, 49.599212144000035], [16.80420003200004, 49.598813017000055], [16.781175750000045, 49.59644392900003], [16.750734952000073, 49.60654992500008], [16.731860176000055, 49.613486056000056], [16.72633379900003, 49.61551689700008], [16.72622315900003, 49.61539073700004], [16.725641075000055, 49.61472699700005], [16.719110186000023, 49.61624681100005], [16.71680791500006, 49.618572036000046], [16.713765632000047, 49.62164465200004], [16.69571307800004, 49.62540451600006], [16.679205877000072, 49.623557693000066], [16.665154863000055, 49.62794553400005], [16.66488017100005, 49.62520459500007], [16.656784376000076, 49.62255095300003], [16.649941719000026, 49.620308065000074], [16.635551639000028, 49.62688465800005], [16.62145633700004, 49.63332653000003], [16.619668543000046, 49.629266304000055], [16.618619936000073, 49.62688483300008], [16.603522935000058, 49.621532141000046], [16.599327901000038, 49.62285857000006], [16.591749237000045, 49.62525487100004], [16.589268565000054, 49.62425233700003], [16.585950629000024, 49.62291143300007], [16.58001463900007, 49.626681778000034], [16.57297766800002, 49.631151429000056], [16.567688172000032, 49.62844694300003], [16.564100617000065, 49.62661264800005], [16.563230863000058, 49.62764927300003], [16.561706300000026, 49.62946633900003], [16.558672700000045, 49.630170597000074], [16.555395872000076, 49.63074253600007], [16.549179716000026, 49.62800128400005], [16.548166569000045, 49.61957370700003], [16.54739184300007, 49.61312936100006], [16.543438773000048, 49.60825814000003], [16.544033107000075, 49.59997737000003], [16.540661871000054, 49.59821556800006], [16.542569704000073, 49.59315367500005], [16.540030270000045, 49.59113368800007], [16.50877662000005, 49.59196455600005], [16.506962153000075, 49.59120406000005], [16.49917288300003, 49.59288788400005], [16.496794548000025, 49.59547388500005], [16.49540234500006, 49.596772541000064], [16.494278868000038, 49.59782052700007], [16.492673667000076, 49.59948534800003], [16.486945087000038, 49.59993787900004], [16.480163454000035, 49.59632505500008], [16.471733997000058, 49.591834375000076], [16.44825245000004, 49.58827398400007], [16.446263911000074, 49.591100684000025], [16.44765492600004, 49.592892111000026], [16.449924576000058, 49.595815093000056], [16.442052044000036, 49.59834952800003], [16.435016958000062, 49.59590965400008], [16.428387215000043, 49.59361035900008], [16.425002910000046, 49.594214314000055], [16.41824957500006, 49.59541949900006], [16.416457268000045, 49.59156796000008], [16.41756328500003, 49.58947458400007], [16.41960990900003, 49.58560090700007], [16.41646307800005, 49.583479612000076], [16.403283670000064, 49.57440608600007], [16.393628169000067, 49.58061059900007], [16.37711168000004, 49.59177839900008], [16.37065635700003, 49.60101700600006], [16.362078188000055, 49.60134287500006], [16.360506290000046, 49.60140258900003], [16.358265301000074, 49.602092363000054], [16.356303500000024, 49.60304754300006], [16.35476022900002, 49.604021153000076], [16.351978347000056, 49.60572460100008], [16.349228545000074, 49.609786695000025], [16.347128481000027, 49.61288897500003], [16.330974105000053, 49.614721141000075], [16.329085004000035, 49.61493539500003], [16.328461136000044, 49.61516850700008], [16.315933244000064, 49.61984963000003], [16.302895529000068, 49.62291832900007], [16.29890004400005, 49.62043106200008], [16.296831886000064, 49.619143594000036], [16.291970599000024, 49.61966746300004], [16.28717147800006, 49.61994896500005], [16.285442228000022, 49.62282686400005], [16.28388325900005, 49.62542137400004], [16.277334418000066, 49.62758959900003], [16.27684954600005, 49.62775013300006], [16.27063770700005, 49.63040425500003], [16.27125108200005, 49.632827691000045], [16.273021391000043, 49.63982215100003], [16.257868142000063, 49.64482349300005], [16.243295293000074, 49.65949870700007], [16.22996983200005, 49.662578359000065], [16.225562025000045, 49.66359704900003], [16.207511717000045, 49.66708454900004], [16.201346948000037, 49.67094106700006], [16.19838498300004, 49.672793994000074], [16.19319431400004, 49.677287799000055], [16.18707254700007, 49.67511159800006], [16.18460319600007, 49.674233779000076], [16.174805409000044, 49.678669987000035], [16.174519845000077, 49.67877910300007], [16.16777576800007, 49.68135606700008], [16.16653523800005, 49.68111195500006], [16.151066014000037, 49.67806790900005], [16.149413261000063, 49.68413234800005], [16.144926894000037, 49.68657613500005], [16.143602085000055, 49.687812301000065], [16.139913513000067, 49.69125407200005], [16.126328348000072, 49.68841502500004], [16.10326358700007, 49.68359491900003], [16.09719299300002, 49.68705591500003], [16.090182236000032, 49.69653369500003], [16.084288353000034, 49.704501582000034], [16.082506350000074, 49.70518634300004], [16.082621721000066, 49.70703289000005], [16.080792771000063, 49.70884965300007], [16.077788638000072, 49.710807482000064], [16.075929221000024, 49.71130064100004], [16.072577478000028, 49.71271549800008], [16.070071287000076, 49.71373438900008], [16.054503511000064, 49.71598096200006], [16.05072139200007, 49.71412345200008], [16.04690802700003, 49.71225059600005], [16.03612921900003, 49.71610781800007], [16.033730863000073, 49.71696607500007], [16.029860942000028, 49.71696023000004], [16.020954845000063, 49.71694678000006], [16.00903319300005, 49.72390146200007], [16.00799954000007, 49.72972693100007], [16.007212907000053, 49.73416023800007], [16.009752887000047, 49.73781339800007], [16.004998215000057, 49.73665137100005], [16.002132927000048, 49.73934755300007], [15.996149937000041, 49.73738196900007], [15.99186757800004, 49.73035340200005], [15.991724347000059, 49.73011831900004], [15.991250839000031, 49.72997660300007], [15.982414711000047, 49.72733204900004], [15.972191483000074, 49.71948434600006], [15.97194625700007, 49.71715389700006], [15.970589778000033, 49.714351527000076], [15.970416260000036, 49.713376467000046], [15.969885067000064, 49.710391506000065], [15.970318082000063, 49.70749443500006], [15.971317462000059, 49.70587561700006], [15.972949133000043, 49.703701497000054], [15.967810794000059, 49.701181476000045], [15.961398390000056, 49.70153031700005], [15.954759864000039, 49.70189145900008], [15.956497420000062, 49.69509225200005], [15.957471737000049, 49.69127966600007], [15.948580139000057, 49.686628839000036], [15.927636416000041, 49.68768346200005], [15.925418402000048, 49.686236533000056], [15.923198390000039, 49.68553599400008], [15.91586747100007, 49.68657947600008], [15.912593150000077, 49.68958563400008], [15.903710126000021, 49.69774115000007], [15.895600819000038, 49.697335879000036], [15.880319446000044, 49.70364787800003], [15.87678892300005, 49.70354442900003], [15.869110896000052, 49.70331945400005], [15.856389265000075, 49.710165431000064], [15.849958087000061, 49.71975151100003], [15.858952523000028, 49.72973205800008], [15.859473526000045, 49.72992127500004], [15.864447234000068, 49.731727618000036], [15.863252573000068, 49.74450354900006], [15.85698108500003, 49.74094058500003], [15.850626125000076, 49.73733019800005], [15.830729403000078, 49.74222307900004], [15.826092381000024, 49.74884025500006], [15.823020162000034, 49.75322440700006], [15.819130022000024, 49.75279653300004], [15.818889030000037, 49.75286572600004], [15.810191690000067, 49.75536290100007], [15.79547255700004, 49.759589050000045], [15.785330596000051, 49.75762905900007], [15.77661706300006, 49.755945119000046], [15.773400772000059, 49.76344934600007], [15.776704960000075, 49.77009816700007], [15.779161815000066, 49.77504194800008], [15.780477047000034, 49.78048920700007], [15.77561184700005, 49.779914129000076], [15.769219957000075, 49.779158593000034], [15.762195922000046, 49.78078145400008], [15.754519896000033, 49.782554953000044], [15.74740418500005, 49.78145389300005], [15.738551850000022, 49.78008411500008], [15.728700369000023, 49.78279987500008], [15.728150458000073, 49.78758610300008], [15.728128492000053, 49.78777728500006], [15.727805059000048, 49.78783518400007], [15.71953601100006, 49.78931546700005], [15.712750873000061, 49.79869137800006], [15.708718762000046, 49.804263072000026], [15.705311015000063, 49.802253619000055], [15.701455037000073, 49.79997985800003], [15.694621018000078, 49.80412673300003], [15.68917657000003, 49.80206882500005], [15.683877602000052, 49.80462634700007], [15.684770810000032, 49.808871433000036], [15.685079169000062, 49.810336946000064], [15.677670902000045, 49.81115894100003], [15.667027487000041, 49.812339896000026], [15.665330310000058, 49.813407479000034], [15.661839791000034, 49.81560313500006], [15.659945002000029, 49.81318911400007], [15.655693639000049, 49.80777274400003], [15.641653409000071, 49.80675056700005], [15.638044862000072, 49.81169633400003], [15.638217607000058, 49.81230810800008], [15.639192182000045, 49.81575954500005], [15.621298614000068, 49.81162207300008], [15.608992528000044, 49.80877657700006], [15.589965851000045, 49.81088507800007], [15.591602683000076, 49.81287052700003], [15.592436791000068, 49.81388228600008], [15.590949884000054, 49.81746788400005], [15.57937957300004, 49.81941701800008], [15.57588663000007, 49.82290905800005], [15.574821756000063, 49.82725851500004], [15.56675688100006, 49.82800867900005], [15.560007426000027, 49.83280584600004], [15.543222941000067, 49.84057627700008], [15.536985602000073, 49.840749954000046], [15.536334957000065, 49.84076807100007], [15.535097903000064, 49.84171353500005], [15.528893297000025, 49.846455631000026], [15.525270857000066, 49.84819986700006], [15.496953093000059, 49.86118464900005], [15.500287356000058, 49.86601252000003], [15.498261810000031, 49.87045044200005], [15.497651062000045, 49.871788577000075], [15.498490108000055, 49.87206680500003], [15.503426010000055, 49.87370354900003], [15.502240240000049, 49.88029358500006], [15.505401125000049, 49.88330403100008], [15.501163401000042, 49.890993868000066], [15.498454954000067, 49.895908656000074], [15.501266758000043, 49.89784455200004], [15.506740624000031, 49.89836251100007], [15.508251461000043, 49.898438687000066], [15.512483188000033, 49.898652051000056], [15.518893134000052, 49.90159133600008], [15.51781640400003, 49.90360812200004], [15.516863552000075, 49.90539287900003], [15.519338006000055, 49.91121995600008], [15.522904509000057, 49.91608688300005], [15.52778492400006, 49.92049405500006], [15.533096514000022, 49.92529059200007], [15.533668445000046, 49.929779376000056], [15.531990825000037, 49.92992115900006], [15.522462229000041, 49.936666314000036], [15.517693554000061, 49.940041989000065], [15.521505576000038, 49.94551789800005], [15.523702362000051, 49.94603783500003], [15.530585900000062, 49.94766703600004], [15.531632201000036, 49.95254571100003], [15.528922086000023, 49.95513189600007], [15.53258216300003, 49.96002135500004], [15.527180452000039, 49.963299660000075], [15.52223467600004, 49.963274099000046], [15.519862985000032, 49.963261841000076], [15.51925844300007, 49.96447268600008], [15.517721317000053, 49.96755141700004], [15.511521863000041, 49.96758835900005], [15.502788053000074, 49.967640403000075], [15.499790912000037, 49.96919940400005], [15.497061471000052, 49.97025434400007], [15.492757295000047, 49.972360620000075], [15.476644853000039, 49.97979850300004], [15.474296984000034, 49.981141612000044], [15.471264383000062, 49.98186004200005], [15.469107300000076, 49.982414031000076], [15.464168335000068, 49.98510713200005], [15.46135448900003, 49.98785242300005], [15.467254768000032, 49.990696557000035], [15.47182275700004, 49.992898482000044], [15.47391890800003, 49.99439502000007], [15.47230621500006, 49.99552357300007], [15.471936130000074, 49.997854440000026], [15.473306095000055, 50.000232065000034], [15.474999697000044, 50.00168246800007], [15.468046741000023, 50.00618382700003], [15.466344788000072, 50.00307563600006], [15.46424818500003, 49.99924671600007], [15.459873941000069, 49.998202450000065], [15.45524355200007, 50.002808163000054], [15.457807365000065, 50.00531217200006], [15.459078633000047, 50.00655378600004], [15.458491151000032, 50.01005846100003], [15.44996442400003, 50.00736677500004], [15.445861084000057, 50.00607144800006], [15.435528433000059, 50.00998211700005], [15.428179169000032, 50.00842957200007], [15.424813536000045, 50.010552063000034], [15.426433527000029, 50.01353112900006], [15.428266842000028, 50.01690248500006], [15.407077319000052, 50.02200950500003], [15.403285594000067, 50.01959515900006], [15.401798235000058, 50.01864809600005], [15.377368027000045, 50.027717884000026], [15.365309134000029, 50.04124574900004], [15.379121094000027, 50.04718170700005], [15.383732551000037, 50.04710744800008], [15.402428529000076, 50.04680638500008], [15.400471616000061, 50.04955698300006], [15.385588638000058, 50.05319435300004], [15.375451263000059, 50.05567190800008], [15.382519956000067, 50.06064014200007], [15.391393023000035, 50.06097504400003], [15.396906218000026, 50.06118313200005], [15.41297720700004, 50.06294108800006], [15.413263779000033, 50.073758112000064], [15.41281643800005, 50.07451434800004], [15.406031820000067, 50.08598382200006], [15.414433607000035, 50.086783995000076], [15.427700706000053, 50.088047532000076], [15.416265150000072, 50.09305690800005], [15.412048019000054, 50.09360866600008], [15.400170375000073, 50.09516270600005], [15.406000838000068, 50.10338422400008], [15.413753836000069, 50.107677859000034], [15.418568427000025, 50.10420218400003], [15.424060509000071, 50.100237425000046], [15.429663506000054, 50.10021715500005], [15.433612678000031, 50.10271088500008], [15.433580516000063, 50.108666268000036], [15.433572932000061, 50.11007047800007], [15.43758662600004, 50.109857549000026], [15.43871486200004, 50.109549420000064], [15.442170764000025, 50.10586520500004], [15.44598970900006, 50.101793962000045], [15.451727778000077, 50.09567385300005], [15.454972142000031, 50.09634988100004], [15.460038963000045, 50.097711520000075], [15.462593600000048, 50.09835996700008], [15.468017522000025, 50.099222413000064], [15.472057993000021, 50.100453583000046], [15.473017668000068, 50.10188229000005], [15.474993703000052, 50.10482409300005], [15.477919924000048, 50.104787575000046], [15.490123653000069, 50.109636900000055], [15.490821235000055, 50.11406933200004], [15.501192591000063, 50.11405681200006], [15.50437327700007, 50.11405297300007], [15.51533499900006, 50.11958160100005], [15.522075937000068, 50.11682708700005], [15.524914756000044, 50.119322115000045], [15.522400074000075, 50.12302806900004], [15.519245609000052, 50.123285518000046], [15.519342431000041, 50.12733108300006], [15.519382456000073, 50.12900348800008], [15.521078555000031, 50.13323084900003], [15.521067068000036, 50.13528452500003], [15.522732701000052, 50.13552686300005], [15.538608908000072, 50.14111309300006], [15.546151874000032, 50.13767378000006], [15.550764830000048, 50.13557044300006], [15.55421903000007, 50.13785028500007], [15.557174601000042, 50.139801023000075], [15.559849962000044, 50.140571340000065], [15.568026222000071, 50.14292553000007], [15.567715317000022, 50.14498927900007], [15.567108837000035, 50.14901502300006], [15.570016209000073, 50.15040794600003], [15.571855648000053, 50.14977844500004], [15.575766765000026, 50.148648396000056], [15.578081670000074, 50.14778011900006], [15.58081111100006, 50.14744150900003], [15.580741765000027, 50.14226671700004], [15.580686826000033, 50.13816704000004], [15.586501234000025, 50.13330096000004], [15.593499218000034, 50.13534333700005], [15.600883116000034, 50.13315561500008], [15.599070508000068, 50.13644596900008], [15.59751013400006, 50.13927845400008], [15.617239785000038, 50.13721294800007], [15.630306311000027, 50.137198295000076], [15.630895594000037, 50.13698746600005], [15.641162974000054, 50.13331408600004], [15.645937553000067, 50.13724340200008], [15.648486467000055, 50.13934107100005], [15.651875967000024, 50.13860434800006], [15.65937440600004, 50.13539532300007], [15.673911272000055, 50.12917413900004], [15.675691776000065, 50.12901501400006], [15.677098499000067, 50.12661094900005], [15.682819365000057, 50.128138645000035], [15.687416636000023, 50.12566301900006], [15.691522829000064, 50.12892801900006], [15.695344251000051, 50.13196658600003], [15.705754584000033, 50.138842956000076], [15.719494246000068, 50.13748915300005], [15.722207898000022, 50.13722177000005], [15.727011761000028, 50.13374659700003], [15.729931915000066, 50.14011585900005], [15.740467681000041, 50.143936530000076], [15.74330711600004, 50.15278123200005], [15.74133278000005, 50.15493410400006], [15.73994440000007, 50.15644803300006], [15.741464521000069, 50.16150974400006], [15.75714552200003, 50.16803140700006], [15.762846163000063, 50.16803072500005], [15.76679732100007, 50.16803025300004], [15.768441689000042, 50.16988880900004], [15.771067387000073, 50.17285651800006], [15.777556916000037, 50.17510063900005], [15.785807925000029, 50.17024283300003], [15.788503486000025, 50.16865581400003], [15.791789378000033, 50.16842025100004], [15.802853456000037, 50.16762707600003], [15.802610023000057, 50.16512314000005], [15.802372826000067, 50.16268334600005], [15.805090780000057, 50.16161447500008], [15.809601701000076, 50.15984049700006], [15.80671867500007, 50.15516585900008], [15.804940292000026, 50.15228232700008], [15.803672138000024, 50.143053431000055], [15.818418320000035, 50.13595935400008], [15.84117731300006, 50.13257839200003], [15.841260220000038, 50.13446242500004], [15.84092785100006, 50.13486955400003], [15.839817337000056, 50.13622985900008], [15.844226905000028, 50.13724715200004], [15.845174833000044, 50.13746584000006], [15.852396739000028, 50.13978245700008], [15.852631705000022, 50.143304414000056], [15.852925646000074, 50.14771034900008], [15.865370551000069, 50.14745982100004], [15.87007992100007, 50.14736501700003], [15.879215183000042, 50.14726996300004], [15.887386525000068, 50.147184509000056], [15.887393518000067, 50.14953201900005], [15.887407391000067, 50.15415840500003], [15.887409999000056, 50.15502797500005], [15.88769867600007, 50.16001999700006], [15.887412496000024, 50.16224337700004], [15.897106981000036, 50.16279676900007], [15.915157172000022, 50.16382713100006], [15.917705051000041, 50.16589921000008], [15.917531282000027, 50.16735737300007], [15.917133188000037, 50.170697930000074], [15.924427177000041, 50.16767144800008], [15.940574266000056, 50.16097156400008], [15.948381663000077, 50.16316364100004], [15.965244059000042, 50.157718654000064], [15.981208589000062, 50.15749571400005], [15.992114155000024, 50.157343421000064], [15.992130418000045, 50.15381925300005], [15.992165098000044, 50.14630436300007], [16.000561188000063, 50.14612193100004], [16.003211933000046, 50.14611832600008], [16.009269429000028, 50.14611008900005], [16.00914257100004, 50.13720814700008], [16.00912393400006, 50.13588852600003], [16.009110607000025, 50.13494486700006], [16.00917353600005, 50.125085385000034], [16.00966948000007, 50.11282855800005], [16.039945788000068, 50.11278975000005], [16.063141053000038, 50.112760018000074], [16.067950462000056, 50.10072936300003], [16.072686356000077, 50.08888260600003], [16.078762546000064, 50.085688993000076], [16.09551643100002, 50.08493112600007], [16.110787896000033, 50.084240316000034], [16.122236823000037, 50.07858896400006], [16.122664851000025, 50.07793009400007], [16.127737481000054, 50.070121708000045], [16.138823734000027, 50.06259610700005], [16.142610990000037, 50.062757056000066], [16.147147553000025, 50.06573798200003], [16.147925847000067, 50.06624939100004], [16.160810094000055, 50.06006541900007], [16.16213211200005, 50.06180001100006], [16.174635847000047, 50.058955913000034], [16.190907538000033, 50.043946], [16.19181284800004, 50.04311089200007], [16.196092255000053, 50.03922853600005], [16.207360424000058, 50.04097307200004], [16.21220660700004, 50.042629254000076], [16.22334451000006, 50.046435630000076], [16.22810171900005, 50.043840827000054], [16.23027674100007, 50.04265446800008], [16.23339037900007, 50.04424394400007], [16.24060905300007, 50.04792899300003], [16.245968379000033, 50.05484554900005], [16.24994934500006, 50.05319991700003], [16.246478138000043, 50.04860799700003], [16.247881146000054, 50.04534847300005], [16.248847195000053, 50.04310411000006], [16.269786961000023, 50.045747352000035], [16.272113512000033, 50.04719553600006], [16.272814568000058, 50.04763191500007], [16.293550828000036, 50.04896799900007], [16.300721682000074, 50.04614245100004], [16.305544387000054, 50.04424215000006], [16.332671984000058, 50.04018303200007], [16.327696038000056, 50.05047807200003], [16.31933673100002, 50.05601782600007], [16.313204898000038, 50.06008142100006], [16.316386735000037, 50.06156243000004], [16.31650521200004, 50.06202752300004], [16.316679830000055, 50.06271300800006], [16.317984214000035, 50.06783350900008], [16.326874415000077, 50.069789746000026], [16.33119769600006, 50.06838392800006], [16.333684952000056, 50.06757513700006], [16.357353284000055, 50.07741134500003], [16.347920119000037, 50.08092023100005], [16.344279137000058, 50.08423630500005], [16.338822591000053, 50.08920592900006], [16.345355433000066, 50.093274034000046], [16.35169911500003, 50.097224347000065], [16.351666800000032, 50.09798853800004], [16.351560815000028, 50.100494910000066], [16.36038667300005, 50.10080448600007], [16.37530471900004, 50.10132775100004], [16.385130083000035, 50.10879498600008], [16.39251291900007, 50.11440591100006], [16.395384362000073, 50.11764620800005], [16.402977691000046, 50.11559345500007], [16.41112905500006, 50.11792138000004], [16.418493726000065, 50.121601259000045], [16.422541870000032, 50.120876543000065], [16.427675470000054, 50.11995750400007], [16.429862057000037, 50.123240484000064], [16.432050661000062, 50.12652649300003], [16.44374424800003, 50.12772352200005], [16.450716284000066, 50.12843722400004], [16.454461672000036, 50.13118454900007], [16.456130122000047, 50.13240839300005], [16.458727398000065, 50.13266428900005], [16.458775157000048, 50.13266899400003], [16.462662800000032, 50.134526132000076], [16.471741671000075, 50.13709643200008], [16.476250357000026, 50.14163118400006], [16.477314169000067, 50.14771983700007], [16.48003542400005, 50.163294740000026], [16.493512725000073, 50.16726323300003], [16.505759501000057, 50.16489248400006], [16.519689688000028, 50.15965967000005], [16.521112430000073, 50.15665794700004], [16.523004270000058, 50.15266651500008], [16.54690938300007, 50.147339413000054], [16.56799502100006, 50.139382021000074], [16.58028997300005, 50.14278809900003], [16.595950789000028, 50.13994019100005], [16.61241596900004, 50.13216796100005], [16.61349629700004, 50.12926829200006], [16.61519503200003, 50.12470877800007], [16.626159512000072, 50.11951260500007], [16.626606066000022, 50.11930097900006], [16.627363934000073, 50.11858472400007], [16.634421702000054, 50.11191447900006], [16.644526824000025, 50.110852960000045], [16.650008338000077, 50.11027714000005], [16.657811050000078, 50.10810905800008], [16.69382523200005, 50.098102063000056], [16.705595783000035, 50.09699483600008], [16.720407057000045, 50.10304747500004], [16.739849324000033, 50.12745370600004], [16.74502637200004, 50.13395254900007], [16.75116792600005, 50.13446152000006], [16.758550752000076, 50.135073359000046], [16.783520208000027, 50.146562008000046], [16.783143464000034, 50.15009673000003], [16.78299117000006, 50.15152559900008], [16.786882889000026, 50.15529982000004], [16.79668857000007, 50.16480945300003], [16.798708478000037, 50.17175412100005], [16.80104827400004, 50.17979859900004], [16.812944791000064, 50.190794811000046], [16.81606262500003, 50.190452453000034], [16.822764869000025, 50.18971650300006], [16.834825995000074, 50.19799468400004], [16.835366726000075, 50.20030365000008], [16.835941958000035, 50.202759936000064], [16.837249992000068, 50.20331904900007], [16.847770637000053, 50.206530790000045], [16.863269831000025, 50.19812310000003]]]]}}, {"type": "Feature", "properties": {"NUTS_ID": "CZ032", "LEVL_CODE": 3, "CNTR_CODE": "CZ", "NAME_LATN": "Plzeňský kraj", "NUTS_NAME": "Plzeňský kraj", "MOUNT_TYPE": null, "URBN_TYPE": 3, "COAST_TYPE": null, "NAME_ENGL": "Czechia", "NAME_FREN": "Tchéquie", "ISO3_CODE": "CZE", "SVRG_UN": "UN Member State", "CAPT": "Prague", "EU_STAT": "T", "EFTA_STAT": "F", "CC_STAT": "F", "NAME_GERM": "Tschechien"}, "geometry": {"type": "MultiPolygon", "coordinates": [[[[13.369957684000042, 50.09043478900003], [13.369480991000046, 50.086192793000066], [13.368745223000076, 50.07964535000008], [13.375460602000032, 50.077900982000074], [13.390127260000042, 50.082383640000046], [13.394789985000045, 50.081023436000066], [13.407053290000022, 50.089617049000026], [13.408993613000064, 50.080494001000034], [13.414395316000025, 50.08198550800006], [13.415244728000062, 50.08222004600003], [13.419407690000071, 50.07682028200003], [13.427434948000041, 50.07388911100003], [13.425615487000073, 50.07264155200005], [13.429747356000064, 50.07022199000005], [13.428792926000028, 50.06800010300003], [13.426023030000067, 50.066541123000036], [13.428332942000054, 50.06478554300003], [13.429670443000077, 50.06105359900005], [13.418079266000063, 50.06191541800007], [13.413909107000052, 50.06222547400006], [13.41172952200003, 50.05699199600008], [13.410140330000047, 50.053176130000054], [13.408149193000042, 50.05040145500004], [13.39731620300006, 50.03530554300005], [13.400865189000058, 50.03258873000004], [13.421352139000021, 50.03432778400003], [13.425481565000041, 50.028520471000036], [13.431090286000028, 50.027887614000065], [13.440994252000053, 50.03442943600004], [13.442365923000068, 50.03604036200005], [13.44663801200005, 50.041057616000046], [13.464861083000073, 50.040119349000065], [13.47114496100005, 50.04267339200004], [13.473202426000057, 50.03930691800008], [13.479653426000027, 50.038943578000044], [13.480222577000063, 50.03776333400003], [13.481545026000049, 50.03502098200005], [13.488077442000076, 50.03328227900005], [13.498430261000067, 50.038592021000056], [13.499495555000067, 50.039138388000026], [13.515406730000052, 50.04079985700008], [13.522877602000051, 50.03397726600008], [13.522178933000077, 50.03167498200003], [13.515539252000053, 50.030535788000066], [13.506119701000046, 50.02891964300005], [13.50128568200006, 50.02196040900003], [13.508994200000075, 50.02109735500005], [13.515142249000064, 50.02040901200007], [13.517163335000077, 50.017777239000054], [13.520279395000045, 50.013719636000076], [13.527420155000073, 50.013608642000065], [13.540390356000046, 50.013407037000036], [13.555160990000047, 50.00791531700003], [13.566428376000033, 49.99775484600008], [13.569619732000035, 49.99487701000004], [13.599539566000033, 49.993254560000025], [13.60095448100003, 49.99303815300004], [13.619212747000063, 49.99302531200004], [13.629062442000077, 49.99846049400003], [13.631341310000039, 49.999718001000076], [13.636907188000066, 49.99901309000006], [13.650785634000044, 50.001717460000066], [13.667085561000022, 49.99623716000008], [13.670237161000045, 49.98876527900006], [13.672370219000072, 49.983708181000054], [13.679357454000069, 49.97830269600007], [13.684290677000035, 49.97742558600004], [13.695409779000045, 49.975448647000064], [13.69962767900006, 49.97006847000006], [13.699168177000047, 49.96542102500007], [13.698795328000074, 49.961650002000056], [13.702634026000055, 49.96207474600004], [13.711042084000042, 49.96421667800007], [13.720030674000043, 49.96650650000004], [13.724135729000068, 49.967552252000075], [13.732261822000055, 49.96595156200004], [13.747542696000039, 49.965727], [13.751800975000037, 49.958086550000075], [13.750332951000075, 49.95145643800004], [13.750280128000043, 49.95121787000005], [13.749910249000038, 49.943748252000034], [13.743123149000041, 49.94268855100006], [13.75015839100007, 49.94016010900003], [13.758840391000035, 49.94305393700006], [13.76010300200005, 49.94347478200007], [13.775862643000039, 49.93979208500008], [13.784351539000056, 49.94062132100004], [13.808850987000028, 49.927171919000045], [13.81272414600005, 49.92688287200008], [13.817472824000049, 49.92667034500005], [13.821037828000044, 49.92687451200004], [13.82301011800007, 49.92719185300007], [13.825908869000045, 49.92702498400007], [13.832560415000046, 49.92773843400005], [13.819479198000067, 49.92134363000008], [13.819390749000036, 49.921300391000045], [13.819606537000027, 49.92075996900007], [13.821637249000048, 49.915674239000055], [13.821071459000052, 49.91404547900004], [13.819085020000045, 49.90832704300004], [13.823054599000045, 49.90495573100003], [13.823395686000026, 49.90466605000006], [13.824518669000042, 49.898245143000054], [13.827427549000049, 49.88161297600004], [13.828939332000061, 49.87798297300003], [13.83298600300003, 49.868266349000066], [13.817597184000022, 49.866714639000065], [13.81720372500007, 49.86676354100007], [13.808409981000068, 49.86785648700004], [13.809094214000027, 49.86590338600007], [13.809837249000054, 49.86378103900006], [13.811219332000064, 49.859833363000064], [13.80862494300004, 49.859414781000055], [13.808010429000035, 49.85931563400004], [13.808331056000043, 49.85835631200007], [13.810262868000052, 49.852576283000076], [13.805882610000026, 49.84953795200005], [13.79848564200006, 49.84440710600006], [13.803139388000034, 49.84098902900007], [13.80340671700003, 49.840620741000066], [13.804713124000045, 49.83882096200006], [13.806298347000052, 49.836635080000065], [13.801287414000058, 49.83298782800006], [13.797113641000067, 49.82994991000004], [13.799759896000069, 49.82290380000006], [13.80248486000005, 49.82144631700004], [13.807346019000022, 49.81884626200008], [13.806607618000044, 49.81203944900005], [13.80223965500005, 49.80786335700003], [13.803358142000036, 49.80434784700003], [13.79724449400004, 49.80306589000003], [13.795831176000036, 49.80273392700008], [13.789443737000056, 49.80123363400003], [13.793726967000055, 49.792566058000034], [13.799117916000057, 49.781656895000026], [13.794756391000021, 49.76966231600005], [13.78769408900007, 49.76744716600007], [13.781921667000063, 49.76563659800007], [13.78173287800007, 49.75972498300007], [13.789066352000077, 49.762007495000034], [13.798703293000074, 49.76500695200008], [13.81217601000003, 49.760580282000035], [13.816725661000078, 49.75607261000005], [13.819359848000033, 49.75260940600003], [13.818801416000042, 49.74730278000004], [13.818589770000074, 49.74529156800003], [13.824792652000042, 49.73243587500008], [13.837665194000067, 49.70575707800003], [13.840354180000077, 49.69656055200005], [13.823471644000051, 49.68706551300005], [13.819781958000021, 49.68861126000007], [13.80815926200006, 49.69348044100008], [13.807327694000037, 49.69218650400006], [13.788838714000065, 49.68228251700003], [13.789967256000068, 49.68055040100006], [13.792240864000064, 49.677060804000064], [13.790802342000063, 49.67471967600005], [13.78357459600005, 49.67043251700005], [13.779953567000064, 49.670476320000034], [13.776284744000066, 49.67052070200003], [13.764090795000072, 49.653762690000065], [13.767491079000024, 49.64557382700008], [13.770902186000058, 49.63735890000004], [13.765871078000032, 49.63503142400003], [13.763892672000054, 49.635905824000076], [13.759713056000066, 49.63775309600004], [13.751868848000072, 49.63287754300006], [13.752805156000022, 49.62740471500007], [13.749447700000076, 49.62359189000006], [13.751560225000048, 49.619953527000064], [13.753674750000073, 49.616311719000066], [13.75005950600007, 49.61215230800008], [13.747993101000077, 49.609774868000045], [13.748769422000066, 49.60544603800008], [13.75070015700004, 49.59468010000006], [13.745846597000025, 49.58911255400005], [13.74559675300003, 49.58895348800007], [13.740124027000036, 49.58546921200008], [13.742813308000052, 49.575846314000046], [13.73875804100004, 49.56193943900007], [13.741804764000051, 49.560737317000076], [13.74415459200003, 49.559810163000066], [13.744090191000055, 49.55856268900004], [13.743792270000029, 49.55279184400007], [13.753418864000025, 49.549686276000045], [13.762923446000059, 49.546620070000074], [13.763486509000074, 49.54010671800006], [13.763630013000068, 49.538446699000076], [13.766116995000061, 49.537603759000035], [13.771812371000067, 49.53567336400005], [13.765590470000063, 49.51399046500006], [13.75853144000007, 49.51267166400004], [13.752009929000053, 49.506919949000064], [13.756826191000073, 49.500348630000076], [13.758009711000057, 49.49873383200003], [13.754967855000075, 49.49745608000006], [13.74818760100004, 49.49460798900003], [13.74844368600003, 49.49019834400008], [13.752866949000065, 49.485321584000076], [13.758964242000047, 49.484027052000044], [13.763285895000024, 49.48310951000008], [13.768567633000032, 49.47500184300003], [13.765345756000045, 49.472215454000036], [13.764512044000071, 49.47149443200004], [13.765233569000031, 49.46874088100003], [13.765810221000038, 49.46654021000006], [13.765133813000034, 49.46565129600003], [13.762659899000028, 49.46240015400008], [13.766889014000071, 49.45034203400007], [13.771189678000042, 49.445946409000044], [13.779110502000037, 49.43785068900007], [13.790483571000038, 49.43501656600006], [13.778154681000046, 49.43314731300006], [13.774517966000076, 49.42998650700008], [13.765159398000037, 49.42185262400005], [13.763892312000053, 49.40752674000004], [13.759414391000064, 49.404450057000076], [13.764960976000054, 49.38740792300007], [13.775577277000025, 49.37915060600005], [13.770947466000052, 49.378135444000065], [13.780572590000077, 49.37421678800007], [13.789324764000071, 49.37065353500003], [13.788572668000029, 49.364878770000075], [13.782658548000029, 49.359180164000065], [13.779637781000076, 49.35626947600008], [13.780954094000037, 49.35528071700003], [13.78552912400005, 49.351844147000065], [13.779937391000033, 49.350570419000064], [13.778202689000068, 49.34898605800004], [13.76909390000003, 49.340666697000074], [13.770649774000049, 49.33170650800008], [13.771114279000074, 49.32903144800008], [13.770969441000034, 49.32495448800006], [13.763606281000023, 49.32470953600006], [13.75454134100005, 49.32440797000004], [13.736772502000065, 49.315405088000034], [13.734562934000053, 49.31135538800004], [13.73305493600003, 49.30859152700003], [13.729323153000053, 49.30894613400005], [13.72396107000003, 49.30945565800005], [13.72616882400007, 49.302542275000064], [13.724170321000031, 49.29517106800006], [13.729920077000031, 49.29255468800005], [13.73530727800005, 49.29010328600003], [13.731376437000051, 49.28573975000006], [13.730586200000062, 49.28486252600004], [13.73040381900006, 49.28399878300007], [13.729368065000074, 49.27909352700004], [13.720030674000043, 49.278128493000054], [13.71624476900007, 49.27773721400007], [13.711703661000058, 49.277267884000025], [13.700149810000028, 49.27990449200007], [13.697608658000036, 49.27909059500007], [13.702345889000071, 49.276236518000076], [13.707870158000048, 49.25792063200004], [13.71011863800004, 49.25869739400008], [13.713207216000058, 49.25828362100003], [13.720030674000043, 49.25736949100008], [13.726285312000073, 49.256531565000046], [13.72286617900005, 49.25265295500003], [13.720774949000031, 49.25028069600006], [13.720372652000037, 49.249824337000064], [13.725170769000044, 49.24278584400008], [13.720030674000043, 49.24353314000007], [13.71410363800004, 49.244394846000034], [13.707510097000068, 49.245353453000064], [13.707618741000033, 49.238673463000055], [13.707632894000028, 49.23780325000007], [13.706628831000046, 49.23780010200005], [13.700357161000056, 49.23778044000005], [13.690990076000048, 49.23209604400006], [13.694271398000069, 49.232484466000074], [13.689174511000033, 49.22608199300004], [13.698278752000022, 49.21412464300005], [13.709201657000051, 49.21058113600003], [13.715103052000075, 49.20866666000006], [13.71462876000004, 49.202077848000044], [13.714598094000053, 49.201651834000074], [13.714720890000024, 49.20138891900007], [13.718198083000061, 49.19394401400007], [13.709007326000062, 49.192962099000056], [13.698709587000053, 49.19186191800003], [13.690351791000069, 49.182713153000066], [13.691313981000064, 49.17765101500004], [13.692726630000038, 49.170218985000076], [13.686962813000036, 49.16674620100008], [13.686199689000034, 49.166286408000076], [13.686699155000042, 49.16608542700004], [13.692114255000035, 49.16390643200003], [13.68971500500004, 49.15988092300006], [13.681955877000064, 49.16330800600008], [13.681784126000025, 49.16328226600007], [13.660163324000052, 49.160042023000074], [13.659872790000065, 49.15507465300004], [13.653761544000076, 49.14983315900008], [13.640107105000027, 49.14186841700007], [13.629676292000056, 49.13578404100008], [13.627863323000042, 49.139476383000044], [13.622923030000038, 49.140547662000074], [13.609203327000046, 49.14352271400003], [13.604791735000049, 49.14709052000006], [13.590615568000032, 49.14771846200006], [13.590712045000032, 49.14518561300008], [13.598051277000025, 49.14160087800008], [13.599547919000031, 49.14086986600006], [13.597697663000076, 49.13761582400008], [13.590899273000048, 49.12565950800007], [13.595611646000066, 49.114107432000026], [13.597893433000024, 49.10851378000007], [13.591106679000063, 49.107483538000054], [13.582673139000065, 49.10620331100006], [13.58023206100006, 49.103552938000064], [13.58649351300005, 49.09547937700006], [13.58747259100005, 49.09491415800005], [13.598258502000022, 49.08868747500003], [13.595293493000042, 49.080298811000034], [13.605005941000059, 49.071011793000025], [13.606967242000053, 49.064372399000035], [13.605884955000022, 49.06176947500006], [13.602267958000027, 49.05449394200008], [13.584566847000076, 49.04371346000005], [13.57868249300003, 49.046244982000076], [13.570434190000071, 49.04979350500008], [13.55807135200007, 49.03840398600005], [13.556973456000037, 49.03431804100006], [13.556431485000076, 49.03230103200008], [13.548211919000039, 49.02331408400005], [13.544940824000037, 49.01973759800006], [13.546164068000053, 49.015252787000065], [13.546254284000042, 49.01492202600008], [13.545764047000034, 49.005234477000045], [13.542738746000055, 49.00176912200004], [13.539212986000052, 48.99773051100004], [13.536800377000077, 48.98620340200006], [13.542548231000069, 48.98292444400005], [13.550160768000069, 48.97858174800007], [13.551578318000054, 48.96778749400005], [13.53149047900007, 48.973873308000066], [13.508881151000026, 48.96880327500003], [13.506144794000022, 48.95996056300004], [13.506608765000067, 48.956867156000044], [13.507869803000062, 48.94845950200005], [13.508252674000062, 48.94208327600006], [13.502018860000021, 48.94203715300006], [13.499041697000052, 48.94118095200008], [13.495581575000074, 48.941355146000035], [13.492245813000068, 48.94310065800005], [13.49013467900005, 48.94453448500008], [13.487419722000027, 48.94637140300006], [13.483811266000032, 48.94814199600006], [13.483688702000052, 48.94933381900006], [13.483469649000028, 48.95146390300005], [13.480194319000077, 48.95199260600003], [13.477866428000027, 48.95325137000003], [13.475987534000069, 48.95314904300005], [13.47458479100004, 48.953503210000065], [13.472999882000067, 48.953903370000035], [13.46961417700004, 48.95463308700005], [13.46698312500007, 48.955638933000046], [13.465363940000032, 48.95709502700004], [13.462687939000034, 48.958930499000076], [13.462664690000054, 48.95896235400005], [13.46150226800006, 48.96055504900005], [13.459985967000023, 48.96258451500006], [13.45736989900007, 48.963176059000034], [13.454439184000023, 48.96308260600006], [13.452794522000033, 48.96348267400003], [13.45091013900003, 48.96394105400003], [13.449418650000041, 48.965028749000055], [13.44912963400003, 48.96523951900008], [13.448897310000063, 48.965267511000036], [13.442914100000053, 48.96598841600007], [13.433346822000033, 48.972117868000055], [13.427121348000071, 48.97276960500005], [13.41665153300005, 48.980035368000074], [13.403186624000057, 48.98817060700003], [13.402782355000056, 48.99429076300004], [13.40401461700003, 48.99636455600006], [13.40881756500005, 49.00444751600003], [13.400408237000022, 49.016470070000025], [13.404974885000058, 49.02373987800007], [13.39954220800007, 49.03609486900007], [13.393679632000044, 49.041002699000046], [13.393353771000022, 49.04127549300006], [13.393552697000075, 49.041550949000055], [13.397093411000071, 49.04645381500006], [13.395018975000028, 49.05236856400006], [13.387850984000067, 49.05460638300008], [13.37745695500007, 49.05785135800005], [13.37310743300003, 49.06373573600007], [13.371017572000028, 49.06656306700006], [13.361169828000072, 49.071375153000076], [13.34364107600004, 49.088636231000066], [13.312291492000043, 49.104287647000035], [13.310458546000064, 49.10542289400007], [13.305467407000037, 49.10851378000007], [13.281025150000062, 49.12050125600007], [13.247721647000049, 49.11549969100008], [13.235947552000027, 49.11373144100003], [13.20438166200006, 49.12290713800007], [13.172141315000033, 49.14304959000003], [13.173827119000066, 49.151563244000045], [13.17633518200006, 49.16422947700005], [13.170907943000032, 49.17357963100005], [13.16169202900005, 49.17515876600004], [13.14716355400003, 49.18440091600007], [13.139538874000039, 49.18959866100005], [13.129618677000053, 49.19636126100005], [13.119252318000065, 49.19995826000007], [13.109970737000026, 49.20317885400004], [13.111924578000071, 49.21127726200007], [13.113513901000033, 49.217864794000036], [13.108171949000052, 49.21983157300008], [13.093992644000025, 49.22505205300007], [13.08735598100003, 49.229132185000026], [13.08771695300004, 49.23804954000008], [13.08533247300005, 49.241248194000036], [13.08072801000003, 49.24742483800003], [13.077105879000044, 49.247144906000074], [13.07153726000007, 49.246714541000074], [13.060268067000038, 49.250964483000075], [13.05779681100006, 49.256512798000074], [13.054530331000024, 49.263846502000035], [13.041420450000032, 49.264457873000026], [13.033926222000048, 49.26480736100007], [13.02648858200007, 49.27796848300005], [13.029008473000033, 49.28476055500005], [13.028970134000076, 49.286034881000035], [13.028438161000054, 49.303716773000076], [13.02191545900007, 49.30442973300006], [13.00757249700007, 49.30599748100008], [12.987750475000041, 49.32390500400004], [12.978125619000025, 49.32990887700004], [12.970763357000067, 49.334501371000044], [12.958264222000025, 49.33718836500003], [12.946452021000027, 49.343521546000034], [12.92369521300003, 49.34345153100003], [12.919901752000044, 49.343439860000046], [12.914125226000067, 49.34470759000004], [12.909135801000048, 49.34669569400006], [12.90253487800004, 49.34932592100006], [12.881662664000032, 49.35027474900005], [12.88107760400004, 49.344618843000035], [12.882968536000021, 49.34179482700006], [12.887996238000028, 49.33428619800003], [12.882440742000028, 49.33233706000004], [12.869847651000043, 49.33516825800007], [12.852948651000077, 49.33896751700007], [12.845563688000027, 49.344633215000044], [12.833933493000075, 49.34085598100006], [12.82963369600003, 49.340963894000026], [12.803409457000043, 49.34162204800003], [12.800367268000059, 49.34229292100008], [12.786286497000049, 49.345398060000036], [12.779062820000036, 49.34932673700007], [12.779647644000022, 49.354330669000035], [12.780395229000021, 49.36072722800003], [12.768984759000034, 49.365498021000064], [12.767754361000073, 49.36601245800006], [12.758976146000066, 49.37464404600007], [12.759533335000071, 49.37800069000008], [12.76048589800007, 49.38373916000006], [12.756809606000047, 49.39481776100007], [12.732572196000035, 49.40981637900006], [12.72763991000005, 49.41106259400004], [12.715906486000051, 49.41402721700007], [12.710755567000035, 49.420637568000075], [12.70778467200006, 49.42445021900005], [12.698900584000057, 49.42507247900005], [12.67924989100004, 49.42644885400006], [12.655893632000073, 49.434546916000045], [12.65690475200006, 49.44390224700004], [12.656985831000043, 49.44465242700005], [12.656867247000037, 49.45237431600003], [12.649341723000077, 49.46654294100006], [12.63376343300007, 49.47619511100004], [12.643651427000066, 49.48587201500004], [12.641965085000038, 49.49348159800007], [12.640299818000074, 49.500996084000064], [12.641709570000046, 49.50902020500007], [12.644175764000067, 49.52305744900008], [12.642401752000069, 49.524504042000046], [12.641277263000063, 49.52671210500006], [12.635553506000065, 49.53116419200006], [12.62908290100006, 49.528791898000065], [12.622721476000038, 49.52645963200007], [12.601466698000024, 49.532713038000054], [12.591627882000068, 49.537315902000046], [12.593778745000066, 49.542191357000036], [12.574413526000058, 49.560144861000026], [12.571573071000046, 49.56911841500005], [12.574137609000047, 49.578665630000046], [12.57615609100003, 49.58618000100006], [12.572020531000021, 49.589914660000034], [12.564726736000068, 49.596501395000075], [12.562307516000033, 49.60940835100007], [12.557655664000038, 49.61386049200007], [12.559369152000045, 49.61714284300007], [12.560669851000057, 49.61963445900005], [12.547057152000036, 49.62115496400003], [12.53742659900007, 49.61960882300008], [12.529753381000035, 49.61837692300003], [12.527736177000065, 49.62157775700007], [12.530576506000045, 49.62376462900005], [12.533275266000032, 49.62584250300006], [12.528021199000023, 49.62720538500008], [12.523383139000032, 49.62840847700005], [12.523247828000024, 49.633353415000045], [12.525693141000033, 49.63639949700007], [12.52767080600006, 49.63886303800007], [12.525332525000067, 49.64057071900004], [12.518248542000038, 49.645744258000036], [12.524230921000026, 49.653312896000045], [12.524790600000074, 49.65402097700007], [12.523826677000045, 49.65798875100006], [12.523240678000036, 49.66040088800003], [12.52358502800007, 49.660783888000026], [12.528968934000034, 49.66677207300006], [12.521402161000026, 49.685669811000025], [12.507427661000065, 49.68650673500008], [12.485200431000067, 49.68783791100003], [12.480479268000067, 49.694558200000074], [12.480133240000043, 49.695050749000075], [12.471344413000054, 49.69728745200007], [12.442028704000052, 49.70474812000003], [12.437809050000055, 49.71122044300006], [12.426028178000024, 49.72929055600008], [12.416235721000021, 49.732234031000075], [12.413613420000047, 49.73302225800006], [12.404542327000058, 49.74493859700004], [12.401524209000058, 49.758373121000034], [12.40521125500004, 49.76241836400004], [12.473944546000041, 49.78878638500004], [12.466894547000038, 49.79495656300003], [12.470161295000025, 49.800986684000065], [12.465669320000075, 49.81171208000006], [12.473943898000073, 49.817467590000035], [12.474525996000068, 49.83551429600004], [12.486513460000026, 49.841587477000076], [12.497166493000066, 49.838482690000035], [12.498101005000024, 49.85579924500007], [12.510608697000066, 49.858766038000056], [12.516246637000052, 49.864664911000034], [12.52201879300003, 49.881467970000074], [12.539959561000046, 49.891200344000026], [12.550988701000051, 49.90508807900005], [12.564756361000036, 49.90203926600003], [12.566471698000043, 49.90217048900007], [12.581212949000076, 49.903298190000044], [12.588599635000037, 49.898000737000075], [12.593985746000044, 49.89413802100006], [12.599279741000032, 49.89806490600006], [12.601446838000072, 49.89967237600007], [12.603155811000022, 49.899502287000075], [12.611960368000041, 49.89862599300005], [12.611345877000076, 49.90253944600005], [12.610680474000048, 49.90677713100007], [12.620960782000054, 49.912578487000076], [12.645608302000028, 49.91620414700003], [12.657358229000067, 49.91426963300006], [12.665271893000067, 49.90952391500008], [12.669599511000058, 49.89772525800004], [12.671833307000043, 49.89163511800007], [12.68062233300003, 49.89139075600008], [12.682747536000022, 49.89491942400008], [12.680557332000035, 49.90310714600008], [12.678828346000046, 49.90470613600007], [12.675213410000026, 49.90804927800008], [12.692993990000048, 49.91240590700005], [12.701756402000058, 49.91257160200007], [12.711781830000064, 49.912761180000075], [12.71069379000005, 49.91730583200007], [12.710088858000063, 49.91983258000005], [12.702981359000034, 49.92610864000005], [12.718997433000027, 49.92398242300004], [12.72766735600004, 49.92283144500004], [12.734755394000047, 49.92711486600007], [12.74369073500003, 49.93251464300005], [12.752336565000064, 49.930609736000065], [12.752714853000043, 49.93052638900008], [12.753698142000076, 49.93088039700007], [12.764782597000021, 49.934871067000074], [12.768003537000027, 49.933724092000034], [12.774130655000022, 49.93154222800007], [12.786047213000074, 49.937310901000046], [12.791121832000044, 49.93976746700008], [12.809228286000064, 49.93937013300007], [12.814229394000051, 49.938217088000044], [12.818146820000038, 49.93402209800007], [12.819918821000044, 49.93212454500008], [12.82492718800006, 49.93250544300008], [12.839723615000025, 49.93363074700005], [12.848847415000023, 49.92916355800003], [12.849881868000068, 49.926923498000065], [12.850814623000076, 49.92490366100003], [12.855164304000027, 49.924788110000065], [12.864628974000027, 49.92729541700004], [12.876808547000053, 49.924851131000025], [12.884564326000032, 49.93107777800003], [12.887407155000062, 49.93336011500003], [12.892991106000068, 49.934284855000044], [12.903502135000053, 49.932425909000074], [12.906870291000075, 49.92953562100007], [12.909289239000032, 49.927459869000074], [12.926599285000066, 49.92114210600005], [12.926774116000047, 49.923930496000025], [12.926903830000072, 49.92599930400007], [12.93233071800006, 49.925755751000054], [12.93518913400004, 49.92562746900006], [12.958810646000074, 49.93957392400006], [12.965465577000032, 49.94414584900005], [12.962186422000059, 49.95078870700007], [12.96211831000005, 49.95092668700005], [12.962183004000053, 49.95097174000006], [12.967915671000071, 49.95496399800004], [12.967370730000027, 49.960525732000065], [12.961927462000062, 49.964657024000076], [12.957677038000043, 49.96788297900008], [12.957109053000067, 49.97276888700003], [12.972722137000062, 49.977600464000034], [12.983687082000074, 49.97684849400008], [12.986745177000046, 49.97663877100007], [12.987655758000074, 49.97747280800007], [12.991929834000075, 49.981387607000045], [12.996810140000036, 49.97900453200003], [12.999609422000049, 49.97763763000006], [13.000270086000057, 49.98087434200005], [13.001822740000023, 49.98848107800006], [13.014332333000027, 49.98847380500007], [13.018862214000023, 49.98847117100007], [13.039599898000063, 50.00192334800005], [13.048122683000031, 50.00346761900005], [13.05671751400007, 50.009407442000054], [13.067718159000037, 50.010041673000046], [13.070061544000055, 50.01754434900005], [13.082490258000064, 50.02028240100003], [13.082706314000063, 50.025424196000074], [13.082794195000076, 50.02751561100007], [13.097193613000059, 50.03425920900003], [13.10018726100003, 50.03124248000006], [13.106143385000053, 50.02524043500006], [13.111525584000049, 50.02677489000007], [13.11917032100007, 50.02321936000004], [13.126263318000042, 50.026024204000066], [13.129560782000055, 50.023911044000045], [13.143805305000058, 50.02596297400004], [13.148555358000067, 50.026647221000076], [13.175164562000077, 50.01756468600007], [13.176211368000054, 50.01643751900008], [13.181726586000025, 50.010498908000045], [13.182299530000023, 50.014220531000035], [13.182705721000048, 50.01685899200004], [13.18528511900007, 50.01313333600007], [13.18706538500004, 50.01056193800008], [13.203524060000063, 50.001363370000036], [13.224322305000044, 49.99599203900004], [13.232425779000039, 49.99663541100006], [13.23463587200007, 49.99983333200004], [13.231902006000041, 50.00858266100005], [13.23018551000007, 50.014076051000075], [13.23729118700004, 50.021228277000034], [13.241777825000042, 50.02574430700008], [13.237008853000077, 50.03960395400003], [13.23448800400007, 50.04075432500008], [13.229141543000026, 50.04319414400004], [13.235448105000046, 50.04847674900003], [13.241930952000075, 50.04751057400006], [13.25067249500006, 50.04620777200006], [13.256107077000024, 50.05091373800008], [13.278884800000071, 50.052813729000036], [13.27685219600005, 50.05846232300007], [13.275629580000043, 50.06185996700003], [13.280642668000041, 50.059651064000036], [13.285086481000064, 50.05769299900004], [13.293177370000024, 50.06104299900005], [13.29902535900004, 50.07031559400008], [13.295332534000067, 50.07423028800008], [13.286605592000058, 50.07514448000006], [13.282475703000046, 50.07557710700007], [13.27914583200004, 50.07845752700007], [13.284090895000077, 50.085421276000034], [13.288348228000075, 50.09141654800004], [13.287653284000044, 50.09313789700008], [13.285924081000076, 50.09742106600004], [13.292395729000077, 50.09723623300005], [13.296959794000031, 50.09710588200005], [13.301367235000043, 50.09964337900004], [13.324346482000067, 50.10336206800008], [13.324777217000076, 50.09704203100006], [13.325391588000059, 50.088027544000056], [13.333676123000032, 50.08758160800005], [13.338131905000068, 50.09289860000007], [13.343466339000031, 50.09926407000006], [13.355584853000039, 50.10363667400003], [13.35723544700005, 50.09742100700004], [13.357838204000075, 50.09515119500003], [13.362635308000051, 50.092469753000046], [13.365501858000073, 50.090867435000064], [13.369957684000042, 50.09043478900003]], [[13.738643937000063, 49.62148963800007], [13.744117369000037, 49.620024081000054], [13.747233694000045, 49.62286494300008], [13.742204339000068, 49.624415069000065], [13.738643937000063, 49.62148963800007]], [[13.735370653000075, 49.54475571100005], [13.739224193000041, 49.54411432100005], [13.742353912000056, 49.549525060000065], [13.738220560000059, 49.54920676300003], [13.735370653000075, 49.54475571100005]]], [[[13.734265822000054, 49.257571117000055], [13.730466205000027, 49.25551038800006], [13.725777267000069, 49.25722688700006], [13.730555799000058, 49.26026730600006], [13.734265822000054, 49.257571117000055]]], [[[13.537822790000064, 50.03044897800004], [13.538178237000068, 50.02809236000007], [13.53254240900003, 50.029793201000075], [13.531386398000052, 50.03123643500004], [13.532908765000059, 50.03236905600005], [13.538341096000067, 50.03244503800005], [13.537822790000064, 50.03044897800004]]]]}}, {"type": "Feature", "properties": {"NUTS_ID": "CZ041", "LEVL_CODE": 3, "CNTR_CODE": "CZ", "NAME_LATN": "Karlovarský kraj", "NUTS_NAME": "Karlovarský kraj", "MOUNT_TYPE": 1, "URBN_TYPE": 2, "COAST_TYPE": null, "NAME_ENGL": "Czechia", "NAME_FREN": "Tchéquie", "ISO3_CODE": "CZE", "SVRG_UN": "UN Member State", "CAPT": "Prague", "EU_STAT": "T", "EFTA_STAT": "F", "CC_STAT": "F", "NAME_GERM": "Tschechien"}, "geometry": {"type": "MultiPolygon", "coordinates": [[[[12.82310165000007, 50.45823656200008], [12.893941346000076, 50.43000202500008], [12.902003123000043, 50.42383359200005], [12.902432757000042, 50.42350486000004], [12.902825625000048, 50.42348559800007], [12.913196898000024, 50.42297709500008], [12.934405433000052, 50.41231908800006], [12.935317315000077, 50.409738600000026], [12.936258420000058, 50.407075415000065], [12.948144599000045, 50.40431146900005], [12.951936849000049, 50.40339690800005], [12.958214314000031, 50.40184915100008], [12.964000829000042, 50.40100712700007], [12.966650360000074, 50.39906293300004], [12.968634136000048, 50.398077912000076], [12.969835290000049, 50.39659493000005], [12.971333746000028, 50.393389832000025], [12.971699701000034, 50.39260707700004], [12.97436771100007, 50.38937834200004], [12.98425312300003, 50.39213928200007], [12.987011463000044, 50.39290967100004], [12.998627849000059, 50.393282654000075], [13.011303316000067, 50.39368964200003], [13.016752342000075, 50.39472428400006], [13.01751435500006, 50.39486897200004], [13.021324585000059, 50.395761409000045], [13.022876753000048, 50.39421854100004], [13.026654191000034, 50.39046373600007], [13.042817239000044, 50.384860812000056], [13.04837787300005, 50.388450730000045], [13.053676540000026, 50.38852893400008], [13.070280810000042, 50.38877400100006], [13.076177522000023, 50.38437235600003], [13.080534120000038, 50.38112034100004], [13.090910468000061, 50.381650757000045], [13.09746636400007, 50.38198588000006], [13.108423471000037, 50.370452069000066], [13.10383617900004, 50.368897264000054], [13.100206162000063, 50.36766691500003], [13.093307612000046, 50.354897351000034], [13.099240906000034, 50.35624079300004], [13.106911235000041, 50.35418909200007], [13.109638916000051, 50.35345947700006], [13.110964159000048, 50.351915922000046], [13.115662580000048, 50.34644351600008], [13.120247199000062, 50.351306100000045], [13.122926362000044, 50.354147701000045], [13.133247362000077, 50.35925946400005], [13.140080725000075, 50.357939421000026], [13.163744472000076, 50.35336814900006], [13.186016761000076, 50.352534536000064], [13.201784064000037, 50.35829544100005], [13.208019840000077, 50.36057380800003], [13.208990122000046, 50.35645223100005], [13.209428715000058, 50.354589170000054], [13.214677904000041, 50.35360628500007], [13.221889308000073, 50.35225598400007], [13.225935483000058, 50.343778291000035], [13.227929226000072, 50.33960092700005], [13.229424196000025, 50.33897318000004], [13.23619943600005, 50.33612821200006], [13.234292474000029, 50.33226795100006], [13.233679460000076, 50.33102702700006], [13.23553445400006, 50.32809150700007], [13.23734448700003, 50.32522713900005], [13.233591604000026, 50.32208111300008], [13.222618828000066, 50.312882681000076], [13.228109824000057, 50.30512270300005], [13.23299823900004, 50.298214303000066], [13.225194944000066, 50.294102147000046], [13.22312524800003, 50.28970244000004], [13.221284797000067, 50.28579005600005], [13.215986389000022, 50.28263902000003], [13.218895974000077, 50.28102340600003], [13.216933107000045, 50.27400836700008], [13.223270761000038, 50.273206533000064], [13.23112726200003, 50.27221253500005], [13.230935783000064, 50.263683987000036], [13.231844031000037, 50.261790733000055], [13.233840583000074, 50.25762889400005], [13.235133465000047, 50.254933864000066], [13.236867963000066, 50.24746403000006], [13.228985988000034, 50.24597015300003], [13.224259501000063, 50.24507433800005], [13.22332139100007, 50.240629968000064], [13.232371005000061, 50.23266906400005], [13.241349788000036, 50.23290806600005], [13.243369503000054, 50.23296182800004], [13.253849074000073, 50.22894777500005], [13.251035643000023, 50.221995883000034], [13.241818435000027, 50.22164728100006], [13.236728764000077, 50.22145478600004], [13.226888774000031, 50.21691240200005], [13.239312486000074, 50.20949253600003], [13.245387169000026, 50.205864527000074], [13.246031557000038, 50.20442772500007], [13.250110180000036, 50.19533355600004], [13.261546316000022, 50.192732758000034], [13.264771740000072, 50.191999234000036], [13.278237435000051, 50.17867217200006], [13.277241506000053, 50.17511219800008], [13.27547523800007, 50.168798630000026], [13.28135093800006, 50.168034085000045], [13.285720022000021, 50.167465580000055], [13.284098089000054, 50.15657897800003], [13.276487191000058, 50.158004677000065], [13.272434353000051, 50.15876386800005], [13.267364334000035, 50.15545787100007], [13.268494640000029, 50.15243707800005], [13.274461787000064, 50.149225526000066], [13.283039820000056, 50.144608780000056], [13.280254673000059, 50.137497014000076], [13.263652861000025, 50.14251147200008], [13.250784924000072, 50.14639814000003], [13.24797699100003, 50.14302429400004], [13.236796384000058, 50.139599813000075], [13.240220262000037, 50.135325472000034], [13.240274533000047, 50.13525772000003], [13.240121921000025, 50.135228762000054], [13.229999219000035, 50.13330800400007], [13.233536754000056, 50.130699407000066], [13.245762434000028, 50.12559580800007], [13.265150986000037, 50.12712945100003], [13.273746666000022, 50.12780937300005], [13.278119521000065, 50.124425176000045], [13.278883836000034, 50.123833664000074], [13.285381439000048, 50.11880510200007], [13.28580056800007, 50.116391831000044], [13.285933876000058, 50.11562426300003], [13.286613411000076, 50.11551727800003], [13.293536587000062, 50.114427300000045], [13.296616448000066, 50.10475483400006], [13.298050919000048, 50.10024980400004], [13.301367235000043, 50.09964337900004], [13.296959794000031, 50.09710588200005], [13.292395729000077, 50.09723623300005], [13.285924081000076, 50.09742106600004], [13.287653284000044, 50.09313789700008], [13.288348228000075, 50.09141654800004], [13.284090895000077, 50.085421276000034], [13.27914583200004, 50.07845752700007], [13.282475703000046, 50.07557710700007], [13.286605592000058, 50.07514448000006], [13.295332534000067, 50.07423028800008], [13.29902535900004, 50.07031559400008], [13.293177370000024, 50.06104299900005], [13.285086481000064, 50.05769299900004], [13.280642668000041, 50.059651064000036], [13.275629580000043, 50.06185996700003], [13.27685219600005, 50.05846232300007], [13.278884800000071, 50.052813729000036], [13.256107077000024, 50.05091373800008], [13.25067249500006, 50.04620777200006], [13.241930952000075, 50.04751057400006], [13.235448105000046, 50.04847674900003], [13.229141543000026, 50.04319414400004], [13.23448800400007, 50.04075432500008], [13.237008853000077, 50.03960395400003], [13.241777825000042, 50.02574430700008], [13.23729118700004, 50.021228277000034], [13.23018551000007, 50.014076051000075], [13.231902006000041, 50.00858266100005], [13.23463587200007, 49.99983333200004], [13.232425779000039, 49.99663541100006], [13.224322305000044, 49.99599203900004], [13.203524060000063, 50.001363370000036], [13.18706538500004, 50.01056193800008], [13.18528511900007, 50.01313333600007], [13.182705721000048, 50.01685899200004], [13.182299530000023, 50.014220531000035], [13.181726586000025, 50.010498908000045], [13.176211368000054, 50.01643751900008], [13.175164562000077, 50.01756468600007], [13.148555358000067, 50.026647221000076], [13.143805305000058, 50.02596297400004], [13.129560782000055, 50.023911044000045], [13.126263318000042, 50.026024204000066], [13.11917032100007, 50.02321936000004], [13.111525584000049, 50.02677489000007], [13.106143385000053, 50.02524043500006], [13.10018726100003, 50.03124248000006], [13.097193613000059, 50.03425920900003], [13.082794195000076, 50.02751561100007], [13.082706314000063, 50.025424196000074], [13.082490258000064, 50.02028240100003], [13.070061544000055, 50.01754434900005], [13.067718159000037, 50.010041673000046], [13.05671751400007, 50.009407442000054], [13.048122683000031, 50.00346761900005], [13.039599898000063, 50.00192334800005], [13.018862214000023, 49.98847117100007], [13.014332333000027, 49.98847380500007], [13.001822740000023, 49.98848107800006], [13.000270086000057, 49.98087434200005], [12.999609422000049, 49.97763763000006], [12.996810140000036, 49.97900453200003], [12.991929834000075, 49.981387607000045], [12.987655758000074, 49.97747280800007], [12.986745177000046, 49.97663877100007], [12.983687082000074, 49.97684849400008], [12.972722137000062, 49.977600464000034], [12.957109053000067, 49.97276888700003], [12.957677038000043, 49.96788297900008], [12.961927462000062, 49.964657024000076], [12.967370730000027, 49.960525732000065], [12.967915671000071, 49.95496399800004], [12.962183004000053, 49.95097174000006], [12.96211831000005, 49.95092668700005], [12.962186422000059, 49.95078870700007], [12.965465577000032, 49.94414584900005], [12.958810646000074, 49.93957392400006], [12.93518913400004, 49.92562746900006], [12.93233071800006, 49.925755751000054], [12.926903830000072, 49.92599930400007], [12.926774116000047, 49.923930496000025], [12.926599285000066, 49.92114210600005], [12.909289239000032, 49.927459869000074], [12.906870291000075, 49.92953562100007], [12.903502135000053, 49.932425909000074], [12.892991106000068, 49.934284855000044], [12.887407155000062, 49.93336011500003], [12.884564326000032, 49.93107777800003], [12.876808547000053, 49.924851131000025], [12.864628974000027, 49.92729541700004], [12.855164304000027, 49.924788110000065], [12.850814623000076, 49.92490366100003], [12.849881868000068, 49.926923498000065], [12.848847415000023, 49.92916355800003], [12.839723615000025, 49.93363074700005], [12.82492718800006, 49.93250544300008], [12.819918821000044, 49.93212454500008], [12.818146820000038, 49.93402209800007], [12.814229394000051, 49.938217088000044], [12.809228286000064, 49.93937013300007], [12.791121832000044, 49.93976746700008], [12.786047213000074, 49.937310901000046], [12.774130655000022, 49.93154222800007], [12.768003537000027, 49.933724092000034], [12.764782597000021, 49.934871067000074], [12.753698142000076, 49.93088039700007], [12.752714853000043, 49.93052638900008], [12.752336565000064, 49.930609736000065], [12.74369073500003, 49.93251464300005], [12.734755394000047, 49.92711486600007], [12.72766735600004, 49.92283144500004], [12.718997433000027, 49.92398242300004], [12.702981359000034, 49.92610864000005], [12.710088858000063, 49.91983258000005], [12.71069379000005, 49.91730583200007], [12.711781830000064, 49.912761180000075], [12.701756402000058, 49.91257160200007], [12.692993990000048, 49.91240590700005], [12.675213410000026, 49.90804927800008], [12.678828346000046, 49.90470613600007], [12.680557332000035, 49.90310714600008], [12.682747536000022, 49.89491942400008], [12.68062233300003, 49.89139075600008], [12.671833307000043, 49.89163511800007], [12.669599511000058, 49.89772525800004], [12.665271893000067, 49.90952391500008], [12.657358229000067, 49.91426963300006], [12.645608302000028, 49.91620414700003], [12.620960782000054, 49.912578487000076], [12.610680474000048, 49.90677713100007], [12.611345877000076, 49.90253944600005], [12.611960368000041, 49.89862599300005], [12.603155811000022, 49.899502287000075], [12.601446838000072, 49.89967237600007], [12.599279741000032, 49.89806490600006], [12.593985746000044, 49.89413802100006], [12.588599635000037, 49.898000737000075], [12.581212949000076, 49.903298190000044], [12.566471698000043, 49.90217048900007], [12.564756361000036, 49.90203926600003], [12.550988701000051, 49.90508807900005], [12.547297924000077, 49.91994654500007], [12.53621925300007, 49.92487396000007], [12.529171810000037, 49.92582384600007], [12.50669489300003, 49.928853384000035], [12.491647331000024, 49.93604845600004], [12.49134001300007, 49.93619540200007], [12.491138008000064, 49.93618723600008], [12.478405047000024, 49.93567248100004], [12.471616021000045, 49.94360470300006], [12.471171471000048, 49.94888631600003], [12.47914908000007, 49.95711999300005], [12.482573615000035, 49.95779420700006], [12.489601441000048, 49.959177827000076], [12.492966656000021, 49.96632719100006], [12.494396255000026, 49.96936436000004], [12.49534377200007, 49.96986707700006], [12.499331594000068, 49.97198286500003], [12.489727462000076, 49.98090013700005], [12.485741998000037, 49.98108126200003], [12.476946446000056, 49.98148098900003], [12.471537386000023, 49.987554612000054], [12.467475139000044, 49.99211595200006], [12.46158295400005, 49.99439601000006], [12.448104865000062, 49.990232124000045], [12.432351961000052, 49.98536546200006], [12.426859669000066, 49.991236686000036], [12.430764189000058, 49.99285690600004], [12.434559930000034, 49.99443198800003], [12.434544811000023, 49.99895993600006], [12.430810935000068, 50.00196674600005], [12.424056956000072, 50.00047701200003], [12.42313698700002, 50.00075887700007], [12.420481619000043, 50.00147968300007], [12.40324326900003, 50.00615907400004], [12.400070560000074, 50.00969956300003], [12.400441143000023, 50.01161788600007], [12.400949662000073, 50.01425023500008], [12.394914112000038, 50.01373074800006], [12.386718873000063, 50.01302537400005], [12.37991717500006, 50.01452296800005], [12.376787739000065, 50.01890327900003], [12.367993454000043, 50.01818653600003], [12.358339478000062, 50.02556499200006], [12.341213823000032, 50.038653993000025], [12.330690099000037, 50.03451134300008], [12.326850252000042, 50.032999792000055], [12.316889822000064, 50.04565028900004], [12.316897359000052, 50.04577663400005], [12.317286151000076, 50.05229367600003], [12.29794853900006, 50.05850214900005], [12.285614813000052, 50.056581186000074], [12.280457782000042, 50.05577798500008], [12.277986370000065, 50.057065488000035], [12.270484509000028, 50.06097364500005], [12.260798923000038, 50.05815665500006], [12.261179197000047, 50.06406021200007], [12.262815956000054, 50.06588560700004], [12.27223957600006, 50.076395293000076], [12.246297425000023, 50.09225608100007], [12.246554369000023, 50.09665516700005], [12.240564101000075, 50.09628003600005], [12.23527339900005, 50.09466065400005], [12.233599906000052, 50.094148430000075], [12.228683330000024, 50.09704305900004], [12.228464809000059, 50.097958462000065], [12.22751770900004, 50.10192594400007], [12.21963878500003, 50.10223343400003], [12.21046950300007, 50.10259128200005], [12.201885297000047, 50.10876446800006], [12.196537442000022, 50.12767635700004], [12.19529533800005, 50.141826406000064], [12.199318503000029, 50.143766793000054], [12.20360701900006, 50.14583515900006], [12.202490107000074, 50.15035894000005], [12.201866573000075, 50.15288441200005], [12.204583668000055, 50.15471038700008], [12.210847182000066, 50.158919670000046], [12.214884477000055, 50.16592652000003], [12.211461548000045, 50.16900599500008], [12.208538743000076, 50.171635527000035], [12.207550445000038, 50.17361290600007], [12.200797777000048, 50.187123592000034], [12.192138445000069, 50.194581921000065], [12.193979813000055, 50.19867556600008], [12.184300910000047, 50.20121026600003], [12.17377622500004, 50.21145386100005], [12.168506385000057, 50.21212790800007], [12.161839478000047, 50.21298065000008], [12.160679129000073, 50.21984910300006], [12.158080042000051, 50.22644060600004], [12.147027714000046, 50.23037811200004], [12.150502901000038, 50.234019508000074], [12.148724216000062, 50.23520584400006], [12.139169354000046, 50.23110606900008], [12.135201936000044, 50.232065953000074], [12.11058016100003, 50.23802298900006], [12.10601574900005, 50.24604546200004], [12.097533627000075, 50.246893328000056], [12.092071148000059, 50.250777619000075], [12.101449311000067, 50.25582129500003], [12.101429621000023, 50.26266089200004], [12.121063048000053, 50.26820691800003], [12.128028721000021, 50.27017457200003], [12.138857055000074, 50.27805701200003], [12.13326588700005, 50.282747880000045], [12.123607775000039, 50.29085082600005], [12.119617149000021, 50.29893392400004], [12.122562936000065, 50.30448733000003], [12.124423083000067, 50.307994085000075], [12.100900625000065, 50.31802807500003], [12.106959740000036, 50.32169218900003], [12.114194772000076, 50.32009259400007], [12.115166706000025, 50.31828596200006], [12.116264001000047, 50.316246310000054], [12.123853995000047, 50.315626602000066], [12.136226370000031, 50.31866665500007], [12.148952009000027, 50.32179351000008], [12.175800183000035, 50.322858609000036], [12.18365882300003, 50.32180757200007], [12.183700018000025, 50.318660667000074], [12.183730152000066, 50.316358706000074], [12.18723102000007, 50.31203640200005], [12.193611564000037, 50.31010758700006], [12.200241081000058, 50.308103509000034], [12.19843000700007, 50.30246793100008], [12.196289720000038, 50.29580793100007], [12.20139073300004, 50.287883126000054], [12.201430844000072, 50.287820811000074], [12.201421362000076, 50.287732247000065], [12.19998008400006, 50.27427038900004], [12.213466437000022, 50.27038428000003], [12.223355597000022, 50.269864142000074], [12.245229393000045, 50.26871365100004], [12.252718905000052, 50.270625876000054], [12.265477679000071, 50.25889912000008], [12.262701969000034, 50.25182068200007], [12.253400128000067, 50.25403216800004], [12.249586011000076, 50.25493896300003], [12.241112842000064, 50.24679158100008], [12.256085446000043, 50.237116799000034], [12.26420844300003, 50.234971845000075], [12.275663741000074, 50.23194696500008], [12.281903155000066, 50.22680630800005], [12.281826633000037, 50.22511414500008], [12.281735449000053, 50.223097747000054], [12.285656947000064, 50.22200126700005], [12.28971987600005, 50.22086524100007], [12.283717233000061, 50.21191302400007], [12.28700329000003, 50.20818139000005], [12.285945345000073, 50.20354452200007], [12.280501231000073, 50.200854108000044], [12.277757417000032, 50.19949814900008], [12.275924436000025, 50.19689387500006], [12.27820164700006, 50.19169976100005], [12.287419126000032, 50.18608411000008], [12.289408919000039, 50.184871850000036], [12.289720772000067, 50.18324340400005], [12.290895209000041, 50.17711069000006], [12.29493866200005, 50.174678510000035], [12.335119630000065, 50.17200755300007], [12.32677904600007, 50.180407753000054], [12.326559194000026, 50.18062917700007], [12.327259020000042, 50.18127419400008], [12.336586940000075, 50.18987157400005], [12.336261850000028, 50.19459753700005], [12.329038815000047, 50.20165865000007], [12.32388250300005, 50.20669937100007], [12.327512755000043, 50.21709865400004], [12.327750738000077, 50.21716353100004], [12.334551031000046, 50.21901736900003], [12.330098884000051, 50.22544949600007], [12.330608836000067, 50.23022137800007], [12.331822399000032, 50.24157729900003], [12.342825685000037, 50.23930985000004], [12.350656206000053, 50.23769621300005], [12.356586072000027, 50.24521347000007], [12.354190758000072, 50.24828874700006], [12.350105335000023, 50.253533907000076], [12.363666935000026, 50.27863491000005], [12.372262315000057, 50.285530118000054], [12.382415125000023, 50.28891840700004], [12.388158317000034, 50.28942677500004], [12.393792666000024, 50.28992550900006], [12.399868722000065, 50.29513179300005], [12.402301825000052, 50.30153015900004], [12.399444993000031, 50.307388830000036], [12.398642861000042, 50.30903380800004], [12.399665107000033, 50.32178841800004], [12.41777094400004, 50.32273380400005], [12.431450514000062, 50.323448075000044], [12.436199659000067, 50.327310269000066], [12.436546700000065, 50.33001837000006], [12.437190737000037, 50.335044055000026], [12.443946159000063, 50.34249547100006], [12.463944878000063, 50.35296374100005], [12.470004811000024, 50.354220086000055], [12.47540562000006, 50.351431286000036], [12.482714427000076, 50.34765725800003], [12.489065455000059, 50.350295921000054], [12.492528219000064, 50.35595247900005], [12.488656978000051, 50.361850305000075], [12.48834537600004, 50.36232502900003], [12.487852062000059, 50.37184391100004], [12.514232894000031, 50.39733961100006], [12.517190579000044, 50.39733006000006], [12.529016393000063, 50.39796757600004], [12.558118561000072, 50.39953643900003], [12.583778453000036, 50.407078916000046], [12.60239159300005, 50.40656767000007], [12.60718537200006, 50.40908681600007], [12.620049839000046, 50.415847134000046], [12.637490756000034, 50.412808426000026], [12.640305569000077, 50.41192794400007], [12.642323839000028, 50.411296623000055], [12.645496783000056, 50.41075140800007], [12.649173163000057, 50.41074536000008], [12.651972027000056, 50.41126956900007], [12.654912231000026, 50.41117854100003], [12.658497713000031, 50.41165150300003], [12.662267988000053, 50.41216551800005], [12.666590197000062, 50.41418270100007], [12.667163002000052, 50.41445003000007], [12.674820262000026, 50.41584796800004], [12.693523729000049, 50.40509660300006], [12.707056292000061, 50.397317643000065], [12.707932793000055, 50.40347518200008], [12.708642693000058, 50.40846233000008], [12.724598331000038, 50.41876431600008], [12.729020786000035, 50.42161973800006], [12.730531479000035, 50.42420744700007], [12.734855112000048, 50.43161352000004], [12.753413838000029, 50.437790422000035], [12.79370511600007, 50.448806458000035], [12.800341254000045, 50.44199284800004], [12.802715085000045, 50.43955553300003], [12.808832230000064, 50.43562053100004], [12.808847250000042, 50.44089274700008], [12.808857150000051, 50.44436753400004], [12.82310165000007, 50.45823656200008]]]]}}, {"type": "Feature", "properties": {"NUTS_ID": "CZ042", "LEVL_CODE": 3, "CNTR_CODE": "CZ", "NAME_LATN": "Ústecký kraj", "NUTS_NAME": "Ústecký kraj", "MOUNT_TYPE": null, "URBN_TYPE": 2, "COAST_TYPE": null, "NAME_ENGL": "Czechia", "NAME_FREN": "Tchéquie", "ISO3_CODE": "CZE", "SVRG_UN": "UN Member State", "CAPT": "Prague", "EU_STAT": "T", "EFTA_STAT": "F", "CC_STAT": "F", "NAME_GERM": "Tschechien"}, "geometry": {"type": "MultiPolygon", "coordinates": [[[[14.334977403000039, 51.04014255000004], [14.344938182000021, 51.03907906300003], [14.346779118000029, 51.04111747200005], [14.350970921000055, 51.042717424000045], [14.35239152500003, 51.04302239300006], [14.35351756700004, 51.04326412700004], [14.35556009000004, 51.04317167500005], [14.356493731000057, 51.04312941500007], [14.356726296000033, 51.04322661900005], [14.361987075000059, 51.04542544000003], [14.381747963000066, 51.03798750200008], [14.38355069000005, 51.030370625000046], [14.383981877000053, 51.02854877400006], [14.391605880000043, 51.023660121000034], [14.395907559000023, 51.022366129000034], [14.400584318000028, 51.022092497000074], [14.405321509000032, 51.02083459100004], [14.421770903000038, 51.01986450900006], [14.443117812000025, 51.030060915000035], [14.454997075000051, 51.03573507600004], [14.465538079000055, 51.034762672000056], [14.470143481000036, 51.030803846000026], [14.476667085000031, 51.025196125000036], [14.491146130000061, 51.023748813000054], [14.493818629000032, 51.03573753900008], [14.491221239000026, 51.04353041100006], [14.499136975000056, 51.04578835500007], [14.505860333000044, 51.04389340800003], [14.507207677000054, 51.04088647200007], [14.50419395700004, 51.03356238900005], [14.49958265600003, 51.02235579000006], [14.507884828000044, 51.020716175000075], [14.533404016000077, 51.015676333000044], [14.538831715000072, 51.01120415200006], [14.535897262000049, 51.008705071000065], [14.533861757000068, 51.006971564000025], [14.53502964200004, 51.00381556700006], [14.550487186000055, 51.006894180000074], [14.563838855000029, 51.00955337400006], [14.578065053000046, 51.00012806700005], [14.580791709000039, 50.99599605800006], [14.58271154700003, 50.993086712000036], [14.588738551000063, 50.99050473400007], [14.598426346000053, 50.98635446900005], [14.59960299900007, 50.97845721700003], [14.594273670000064, 50.96951001000008], [14.592792905000067, 50.967024011000035], [14.593658729000026, 50.96569061800005], [14.595745097000076, 50.96247755400003], [14.581095613000059, 50.94272436800003], [14.574101624000036, 50.93847070500004], [14.571020559000033, 50.93659683700008], [14.560661915000026, 50.92537399300005], [14.565070218000074, 50.91870808200008], [14.582902938000075, 50.91471736900007], [14.591481371000043, 50.91695676100005], [14.64732179400005, 50.93153385100004], [14.651772306000055, 50.92665148800006], [14.65237952900003, 50.906395806000035], [14.648047124000072, 50.90408548400006], [14.637445883000055, 50.89843220800003], [14.633677585000044, 50.88728490200003], [14.619655558000034, 50.86463550000008], [14.61879975900007, 50.85780447700006], [14.607103289000065, 50.84291863000004], [14.595630225000036, 50.84010657700003], [14.58569465100004, 50.83963658300007], [14.571639085000072, 50.838971697000034], [14.567196592000073, 50.836610980000046], [14.569085169000061, 50.83103945400006], [14.569474957000068, 50.82988953300003], [14.567640080000047, 50.82840041400004], [14.56444345500006, 50.82580615100005], [14.561390091000021, 50.81698660300003], [14.560370049000028, 50.81404024400007], [14.562557232000074, 50.80677390900007], [14.560601982000037, 50.800080009000055], [14.540909617000068, 50.79499108300007], [14.525568745000044, 50.79556742600005], [14.518248128000039, 50.79917229000006], [14.494945968000025, 50.81064688500004], [14.48804657100004, 50.80991876500008], [14.484939103000045, 50.809590822000075], [14.484217428000022, 50.81128127100004], [14.482839198000022, 50.81450963200007], [14.476081706000059, 50.81630655200007], [14.467169076000062, 50.81277407700003], [14.460233426000059, 50.81002516700005], [14.457605229000023, 50.81115799100007], [14.45161603500003, 50.81373949500005], [14.446344513000042, 50.81139293500007], [14.450283465000041, 50.80804103600008], [14.452614094000069, 50.806057760000044], [14.451965397000038, 50.795648981000056], [14.458231212000044, 50.79323757000003], [14.452007885000057, 50.78846726100005], [14.449179793000042, 50.786299470000074], [14.452476722000029, 50.78314551900007], [14.457048068000063, 50.77877241700003], [14.448633468000025, 50.770969904000026], [14.44211421700004, 50.77168880000005], [14.433580175000031, 50.77262987300003], [14.427491803000066, 50.76525834100005], [14.421964357000036, 50.75138362200005], [14.418389863000073, 50.74837436100006], [14.419097672000078, 50.74160781100005], [14.42299467500004, 50.73874417400003], [14.426622380000026, 50.73607842600006], [14.417669170000067, 50.73177460000005], [14.416467232000059, 50.732887590000075], [14.411971406000077, 50.73705070700004], [14.40557399000005, 50.728685005000045], [14.404129297000054, 50.72679582400008], [14.39285536500006, 50.723778192000054], [14.389318943000035, 50.722831617000054], [14.376243685000077, 50.71996683200007], [14.36822907900006, 50.704276605000075], [14.368221255000037, 50.698440024000035], [14.374048212000048, 50.69496726400007], [14.37657931800004, 50.69345877000006], [14.377347629000042, 50.69014191100007], [14.36871942700003, 50.68575860400006], [14.351278836000063, 50.676898419000054], [14.343548239000029, 50.66792390200004], [14.34336402100007, 50.658461920000036], [14.351403935000064, 50.65605739200004], [14.357722220000028, 50.65651118300008], [14.362460544000044, 50.65685149900003], [14.360485614000027, 50.65184574800003], [14.360056420000035, 50.65075789300005], [14.361117069000045, 50.64820544100007], [14.365876271000047, 50.63675242100004], [14.363688113000023, 50.633383508000065], [14.360553598000024, 50.62855757400007], [14.364982337000072, 50.62592237500007], [14.367438973000048, 50.62446062200007], [14.368029458000024, 50.622338728000045], [14.368461319000062, 50.620786843000076], [14.373114061000024, 50.61720219100005], [14.380212005000033, 50.61173366000003], [14.380428951000056, 50.60981258600003], [14.381425899000021, 50.60098454800004], [14.393874635000032, 50.59092867600003], [14.40147091700004, 50.58855569900004], [14.40360944400004, 50.58788765200006], [14.404180517000043, 50.585818423000035], [14.405041760000074, 50.58269779200003], [14.411413547000052, 50.576675013000056], [14.414182578000066, 50.57405765200008], [14.414910260000056, 50.57140945800006], [14.418988926000054, 50.55656631200003], [14.42584706100007, 50.553617616000054], [14.429826577000028, 50.548947603000045], [14.436840185000051, 50.540717045000065], [14.440570700000023, 50.53325014500007], [14.442761766000046, 50.52886456500005], [14.460159503000057, 50.52746508400003], [14.470305180000025, 50.52664896200008], [14.48648554600004, 50.505027082000026], [14.483060385000044, 50.50644187100005], [14.478929515000061, 50.50649205800005], [14.472561152000026, 50.50921541900004], [14.469457130000023, 50.50928307300006], [14.470657281000058, 50.50516156100008], [14.472364398000025, 50.49929904600003], [14.462658568000052, 50.49736771700003], [14.45637281200004, 50.49611693700007], [14.46396971300004, 50.486326708000036], [14.471048868000025, 50.47720370400003], [14.47369188500005, 50.46014257600007], [14.471941510000022, 50.449810856000056], [14.461919601000034, 50.44945502300004], [14.456937401000062, 50.45101899500003], [14.449091706000047, 50.45348185100005], [14.44906067100004, 50.45051423400008], [14.44901803700003, 50.44643753500003], [14.43355586000007, 50.44952064600005], [14.424843114000055, 50.45125794100005], [14.424869923000074, 50.44415209200008], [14.424886275000063, 50.43981788200006], [14.420174445000043, 50.43575339100005], [14.41506806800004, 50.431348557000035], [14.416926099000023, 50.42994314300006], [14.419907090000038, 50.42768832200005], [14.416376120000052, 50.42025502100006], [14.39040355800006, 50.42732560800005], [14.383897111000067, 50.43145969600005], [14.377616598000031, 50.435450229000026], [14.366420606000077, 50.43182691900006], [14.360412502000031, 50.428762653000035], [14.365642727000022, 50.425576773000046], [14.368614449000063, 50.423766612000065], [14.36818177200007, 50.41827280500007], [14.374916966000058, 50.41054712700003], [14.369785432000072, 50.40990988800007], [14.366756298000041, 50.40953372800004], [14.363206708000064, 50.40627836600004], [14.36899525900003, 50.40270215700008], [14.36952705300007, 50.398822503000076], [14.373047230000054, 50.397574417000044], [14.37914584400005, 50.395412141000065], [14.378935580000075, 50.39341136100006], [14.376784491000024, 50.39302259400006], [14.37702222400003, 50.38860487800008], [14.377533651000022, 50.37592800800007], [14.373419542000022, 50.37639339000003], [14.367450452000071, 50.377068604000044], [14.367304615000023, 50.37436088000004], [14.369024687000035, 50.37120034600008], [14.369612049000068, 50.36926805200005], [14.372082436000028, 50.36114101900006], [14.367395513000076, 50.352538967000044], [14.36021356200007, 50.35019984300004], [14.350884876000066, 50.352389525000035], [14.328729347000035, 50.35758999800004], [14.32373851400007, 50.35611570300006], [14.32267543200004, 50.35258217900008], [14.308764162000045, 50.35469676400004], [14.307736850000026, 50.352145945000075], [14.307001452000065, 50.35031994900004], [14.296860563000052, 50.351374519000046], [14.289049116000058, 50.349596258000076], [14.281013277000056, 50.351995084000066], [14.274638295000045, 50.353898118000075], [14.264602255000057, 50.343310666000036], [14.250811172000056, 50.328761858000064], [14.247455932000037, 50.32846151600006], [14.24322445000007, 50.33156653000003], [14.240534190000062, 50.333540612000036], [14.231347485000072, 50.335261151000054], [14.221233820000066, 50.338749859000075], [14.215596138000024, 50.33993884300003], [14.213864685000033, 50.33798098400007], [14.211351395000065, 50.33513905500007], [14.200473586000044, 50.33543807900003], [14.19757433600006, 50.33746457600006], [14.193277152000064, 50.33929685900006], [14.196271727000067, 50.34182465300006], [14.19761778700007, 50.34296089500003], [14.19337504200007, 50.34394961100003], [14.182253007000043, 50.345269141000074], [14.181925055000022, 50.34219716100006], [14.181188471000041, 50.33529744300006], [14.168722670000022, 50.33429744000006], [14.160954291000053, 50.33325041000006], [14.143110375000049, 50.33084538800006], [14.140661120000061, 50.331024883000055], [14.139475621000031, 50.332316553000055], [14.139161800000068, 50.33265848000008], [14.135900295000056, 50.33268848200004], [14.126996933000044, 50.332770381000046], [14.096621975000062, 50.33408607800004], [14.077863998000055, 50.33492450800003], [14.065997552000056, 50.33996021400003], [14.065120974000024, 50.34033220300006], [14.056512198000064, 50.34094694100003], [14.051653872000031, 50.34129386600006], [14.050675622000028, 50.341554099000064], [14.036173313000063, 50.34541199100005], [14.032993880000049, 50.343393468000045], [14.029606551000029, 50.341242958000066], [14.024939560000064, 50.34423133000007], [14.019193317000031, 50.347910769000066], [14.008169278000025, 50.34622375400005], [13.982228469000063, 50.333165818000055], [13.98328482200003, 50.32388933800007], [13.985890330000075, 50.321626328000036], [13.991165163000062, 50.317044879000036], [13.988759343000027, 50.31064859000003], [13.991948785000034, 50.30453039900004], [13.973245047000034, 50.301959897000074], [13.96718340800004, 50.303423473000066], [13.960230421000063, 50.30510226400003], [13.952225304000024, 50.307035090000056], [13.953732252000066, 50.30212381500007], [13.956499735000023, 50.29310435000008], [13.945121265000068, 50.28808746200008], [13.94411589200007, 50.28800194100006], [13.940348449000055, 50.28079562100004], [13.932503406000023, 50.278801841000075], [13.929898826000056, 50.27832946900003], [13.927410614000053, 50.27839202600006], [13.926277384000059, 50.276948393000055], [13.92505325600007, 50.27509136200007], [13.918531565000023, 50.272494014000074], [13.916484859000036, 50.27245092100003], [13.911637791000032, 50.271406451000075], [13.910731096000063, 50.27510483900005], [13.910610365000025, 50.27559729600006], [13.878204871000037, 50.269656163000036], [13.866601138000021, 50.25944161500007], [13.86534464500005, 50.252444429000036], [13.863861835000023, 50.24418692800003], [13.856641427000056, 50.24238100300005], [13.846630147000042, 50.242013358000065], [13.843123576000039, 50.24156393900006], [13.839466175000041, 50.24001409700003], [13.838386885000034, 50.24114390200003], [13.831990885000039, 50.25185000700003], [13.827284883000061, 50.25972726800006], [13.815914165000038, 50.262598669000056], [13.79972022000004, 50.26004603900003], [13.795970148000038, 50.25378745300003], [13.795113882000066, 50.252358410000056], [13.79069333600006, 50.24948836300007], [13.787725163000061, 50.247010345000035], [13.780944262000048, 50.241706399000066], [13.776775434000058, 50.23619006500007], [13.76540409300003, 50.232510786000034], [13.763657099000056, 50.23494997200004], [13.760579994000068, 50.23924628600008], [13.753510008000035, 50.234883479000075], [13.751219830000025, 50.22769944000004], [13.749916036000059, 50.223609579000026], [13.73732762700007, 50.22429779700008], [13.720030674000043, 50.22524343400005], [13.708543844000076, 50.222936349000065], [13.699649871000076, 50.22115002900006], [13.69362493400007, 50.22285413700007], [13.685108845000059, 50.225262849000046], [13.679717330000074, 50.22476511500008], [13.671458355000027, 50.22400266300008], [13.670720592000066, 50.230426204000025], [13.669830790000049, 50.23817351400004], [13.664496768000049, 50.235654656000065], [13.655973320000044, 50.22850753200004], [13.655158323000023, 50.22782373300004], [13.652490723000028, 50.22558556400003], [13.65055439300005, 50.223362576000056], [13.638550846000044, 50.216826894000064], [13.632061805000035, 50.20875083100003], [13.625561437000044, 50.20960614200004], [13.61613496800004, 50.21084646600008], [13.619950644000028, 50.20615256500008], [13.622915369000054, 50.20250547100005], [13.59119541800004, 50.18921261400004], [13.569938605000061, 50.18548358800007], [13.563668800000073, 50.189477786000054], [13.560523293000074, 50.19148164000006], [13.548746491000031, 50.19088913300004], [13.535772532000067, 50.18898238000003], [13.534274767000056, 50.18612183400006], [13.533015807000027, 50.18371737600006], [13.523323022000056, 50.18028165700008], [13.516004871000064, 50.17768765400007], [13.516121465000026, 50.17644132200007], [13.516411237000057, 50.173343817000045], [13.512194456000032, 50.16848614100007], [13.497141149000072, 50.16631979300007], [13.489569806000077, 50.165230188000066], [13.491643854000074, 50.155942819000074], [13.493612846000076, 50.147125877000065], [13.490548383000032, 50.144341171000065], [13.490375734000054, 50.14432538800003], [13.479305316000023, 50.14331334600007], [13.486897063000072, 50.14177144300004], [13.489423929000054, 50.135605757000064], [13.48956331900007, 50.13526563800008], [13.492121952000048, 50.127972844000055], [13.479572570000073, 50.12680152300004], [13.476327541000046, 50.12840235300007], [13.470539174000066, 50.13125785700004], [13.467833530000064, 50.126220397000054], [13.468438905000028, 50.123096746000044], [13.47014692600004, 50.114283587000045], [13.462361859000055, 50.11318856100007], [13.462097981000056, 50.10589842600007], [13.456073224000022, 50.104554492000034], [13.442825326000047, 50.10738422600008], [13.442159945000071, 50.10752635000006], [13.440566731000047, 50.10912565800004], [13.427031689000046, 50.109113225000044], [13.424433993000036, 50.104320106000046], [13.424276504000034, 50.104029516000026], [13.423993448000033, 50.10394743100005], [13.411765509000077, 50.10040136400005], [13.407223944000066, 50.09768653200007], [13.407053290000022, 50.089617049000026], [13.394789985000045, 50.081023436000066], [13.390127260000042, 50.082383640000046], [13.375460602000032, 50.077900982000074], [13.368745223000076, 50.07964535000008], [13.369480991000046, 50.086192793000066], [13.369957684000042, 50.09043478900003], [13.365501858000073, 50.090867435000064], [13.362635308000051, 50.092469753000046], [13.357838204000075, 50.09515119500003], [13.35723544700005, 50.09742100700004], [13.355584853000039, 50.10363667400003], [13.343466339000031, 50.09926407000006], [13.338131905000068, 50.09289860000007], [13.333676123000032, 50.08758160800005], [13.325391588000059, 50.088027544000056], [13.324777217000076, 50.09704203100006], [13.324346482000067, 50.10336206800008], [13.301367235000043, 50.09964337900004], [13.298050919000048, 50.10024980400004], [13.296616448000066, 50.10475483400006], [13.293536587000062, 50.114427300000045], [13.286613411000076, 50.11551727800003], [13.285933876000058, 50.11562426300003], [13.28580056800007, 50.116391831000044], [13.285381439000048, 50.11880510200007], [13.278883836000034, 50.123833664000074], [13.278119521000065, 50.124425176000045], [13.273746666000022, 50.12780937300005], [13.265150986000037, 50.12712945100003], [13.245762434000028, 50.12559580800007], [13.233536754000056, 50.130699407000066], [13.229999219000035, 50.13330800400007], [13.240121921000025, 50.135228762000054], [13.240274533000047, 50.13525772000003], [13.240220262000037, 50.135325472000034], [13.236796384000058, 50.139599813000075], [13.24797699100003, 50.14302429400004], [13.250784924000072, 50.14639814000003], [13.263652861000025, 50.14251147200008], [13.280254673000059, 50.137497014000076], [13.283039820000056, 50.144608780000056], [13.274461787000064, 50.149225526000066], [13.268494640000029, 50.15243707800005], [13.267364334000035, 50.15545787100007], [13.272434353000051, 50.15876386800005], [13.276487191000058, 50.158004677000065], [13.284098089000054, 50.15657897800003], [13.285720022000021, 50.167465580000055], [13.28135093800006, 50.168034085000045], [13.27547523800007, 50.168798630000026], [13.277241506000053, 50.17511219800008], [13.278237435000051, 50.17867217200006], [13.264771740000072, 50.191999234000036], [13.261546316000022, 50.192732758000034], [13.250110180000036, 50.19533355600004], [13.246031557000038, 50.20442772500007], [13.245387169000026, 50.205864527000074], [13.239312486000074, 50.20949253600003], [13.226888774000031, 50.21691240200005], [13.236728764000077, 50.22145478600004], [13.241818435000027, 50.22164728100006], [13.251035643000023, 50.221995883000034], [13.253849074000073, 50.22894777500005], [13.243369503000054, 50.23296182800004], [13.241349788000036, 50.23290806600005], [13.232371005000061, 50.23266906400005], [13.22332139100007, 50.240629968000064], [13.224259501000063, 50.24507433800005], [13.228985988000034, 50.24597015300003], [13.236867963000066, 50.24746403000006], [13.235133465000047, 50.254933864000066], [13.233840583000074, 50.25762889400005], [13.231844031000037, 50.261790733000055], [13.230935783000064, 50.263683987000036], [13.23112726200003, 50.27221253500005], [13.223270761000038, 50.273206533000064], [13.216933107000045, 50.27400836700008], [13.218895974000077, 50.28102340600003], [13.215986389000022, 50.28263902000003], [13.221284797000067, 50.28579005600005], [13.22312524800003, 50.28970244000004], [13.225194944000066, 50.294102147000046], [13.23299823900004, 50.298214303000066], [13.228109824000057, 50.30512270300005], [13.222618828000066, 50.312882681000076], [13.233591604000026, 50.32208111300008], [13.23734448700003, 50.32522713900005], [13.23553445400006, 50.32809150700007], [13.233679460000076, 50.33102702700006], [13.234292474000029, 50.33226795100006], [13.23619943600005, 50.33612821200006], [13.229424196000025, 50.33897318000004], [13.227929226000072, 50.33960092700005], [13.225935483000058, 50.343778291000035], [13.221889308000073, 50.35225598400007], [13.214677904000041, 50.35360628500007], [13.209428715000058, 50.354589170000054], [13.208990122000046, 50.35645223100005], [13.208019840000077, 50.36057380800003], [13.201784064000037, 50.35829544100005], [13.186016761000076, 50.352534536000064], [13.163744472000076, 50.35336814900006], [13.140080725000075, 50.357939421000026], [13.133247362000077, 50.35925946400005], [13.122926362000044, 50.354147701000045], [13.120247199000062, 50.351306100000045], [13.115662580000048, 50.34644351600008], [13.110964159000048, 50.351915922000046], [13.109638916000051, 50.35345947700006], [13.106911235000041, 50.35418909200007], [13.099240906000034, 50.35624079300004], [13.093307612000046, 50.354897351000034], [13.100206162000063, 50.36766691500003], [13.10383617900004, 50.368897264000054], [13.108423471000037, 50.370452069000066], [13.09746636400007, 50.38198588000006], [13.090910468000061, 50.381650757000045], [13.080534120000038, 50.38112034100004], [13.076177522000023, 50.38437235600003], [13.070280810000042, 50.38877400100006], [13.053676540000026, 50.38852893400008], [13.04837787300005, 50.388450730000045], [13.042817239000044, 50.384860812000056], [13.026654191000034, 50.39046373600007], [13.022876753000048, 50.39421854100004], [13.021324585000059, 50.395761409000045], [13.01751435500006, 50.39486897200004], [13.016752342000075, 50.39472428400006], [13.011303316000067, 50.39368964200003], [12.998627849000059, 50.393282654000075], [12.987011463000044, 50.39290967100004], [12.98425312300003, 50.39213928200007], [12.97436771100007, 50.38937834200004], [12.971699701000034, 50.39260707700004], [12.971333746000028, 50.393389832000025], [12.969835290000049, 50.39659493000005], [12.968634136000048, 50.398077912000076], [12.966650360000074, 50.39906293300004], [12.964000829000042, 50.40100712700007], [12.958214314000031, 50.40184915100008], [12.951936849000049, 50.40339690800005], [12.948144599000045, 50.40431146900005], [12.941705712000044, 50.407795683000074], [12.94177441000005, 50.41056916400004], [12.959884155000054, 50.414680987000054], [12.982557211000028, 50.41982891200007], [12.988127494000025, 50.42530726000007], [12.993353932000048, 50.430447438000044], [13.003911024000047, 50.436658900000054], [13.016444946000036, 50.444033467000054], [13.022231069000043, 50.45139811300004], [13.020907787000056, 50.457709022000074], [13.019095239000023, 50.466353309000056], [13.023826649000057, 50.48806285500007], [13.031340853000074, 50.49933818800008], [13.03187484700004, 50.50867266500006], [13.044074588000058, 50.510732989000076], [13.051772461000041, 50.505863445000045], [13.051850956000067, 50.50573128500008], [13.053246310000077, 50.503381948000026], [13.055982743000072, 50.50125961200007], [13.05945734900007, 50.501047404000076], [13.082729321000045, 50.50022930700004], [13.100928055000054, 50.50306511300005], [13.120377416000053, 50.512812901000075], [13.130446927000037, 50.51785962100007], [13.135495738000031, 50.51406839200007], [13.136955757000067, 50.51297204100007], [13.140066254000033, 50.50620438300007], [13.15385735500007, 50.50826589300004], [13.175906841000028, 50.50385811800004], [13.186090928000056, 50.50371263100004], [13.193359282000074, 50.503172609000046], [13.196564994000028, 50.50616022100007], [13.196068006000075, 50.513733493000075], [13.195923797000034, 50.515931], [13.19853643600004, 50.51735809500008], [13.207078662000072, 50.52202409200004], [13.21052904000004, 50.530358481000064], [13.22834507500005, 50.549830256000064], [13.225866389000032, 50.557488953000075], [13.223876081000071, 50.563638652000066], [13.234838672000024, 50.57066370700005], [13.23603994900003, 50.57143351000008], [13.23589398100006, 50.57221330600004], [13.23466410900005, 50.57878358900007], [13.25435686000003, 50.59482526800008], [13.280047986000056, 50.592124700000056], [13.288036059000035, 50.580829308000034], [13.291504469000074, 50.57592486400006], [13.321797329000049, 50.58129300400003], [13.324566197000024, 50.58528467100007], [13.321391424000069, 50.59585969900007], [13.319468699000026, 50.602264208000065], [13.326590556000042, 50.607915983000055], [13.33222852800003, 50.60756817300006], [13.333576290000053, 50.60748502900003], [13.335196676000066, 50.60876860400003], [13.339862506000031, 50.61246460400008], [13.350295319000054, 50.61487506700007], [13.364254755000047, 50.61810034300004], [13.376345294000032, 50.62767495700007], [13.374350072000027, 50.63818681200007], [13.372475074000022, 50.64806526500007], [13.374268402000041, 50.649851659000035], [13.381670644000053, 50.64588673900005], [13.39130166800004, 50.64578971200007], [13.404988844000059, 50.63389792100003], [13.409465153000042, 50.62685984500007], [13.413624925000022, 50.62031945700005], [13.415170441000043, 50.61696787300008], [13.419293786000026, 50.616260183000065], [13.420859817000064, 50.615991405000045], [13.425471648000041, 50.61644647500003], [13.42735033100007, 50.61290985000005], [13.428365905000021, 50.61099802900003], [13.435194829000068, 50.610730097000044], [13.442404516000067, 50.610447226000076], [13.454035451000038, 50.60549484900008], [13.462777515000028, 50.60177253400008], [13.501846054000055, 50.633643033000055], [13.518381023000074, 50.63698656200006], [13.523441340000034, 50.63971225100005], [13.525188784000022, 50.648421247000044], [13.51959250300007, 50.64900847000007], [13.516387678000058, 50.64934475500007], [13.514267260000054, 50.65487522600006], [13.528892131000077, 50.666693304000034], [13.532483630000058, 50.66758571100007], [13.540573651000045, 50.66959590100004], [13.539531612000076, 50.67303167700004], [13.543526757000052, 50.67825792700006], [13.540757223000071, 50.68824878700008], [13.533307793000063, 50.695607823000046], [13.525920903000042, 50.702905077000025], [13.54029246600004, 50.70815500200007], [13.556272106000051, 50.714299495000034], [13.586604563000037, 50.71294546400003], [13.58758855700006, 50.71276393800008], [13.602253025000039, 50.71005865800004], [13.62464274000007, 50.715358526000045], [13.625591361000033, 50.71873667700004], [13.62655211300006, 50.72215803100005], [13.65217407800003, 50.73035993500008], [13.65892900700004, 50.73064698100006], [13.667076278000025, 50.73132238900007], [13.683130500000061, 50.722647736000056], [13.68888361300003, 50.719539129000054], [13.707373215000075, 50.71699390300006], [13.712005024000064, 50.72015506100007], [13.710303010000075, 50.72346648800004], [13.709546411000076, 50.72493852300005], [13.720030674000043, 50.72960293700004], [13.727126832000067, 50.73275999400005], [13.730885492000027, 50.73125914600007], [13.739776249000045, 50.727709032000064], [13.746765567000068, 50.72834044600006], [13.757055295000043, 50.73421062500006], [13.758436584000037, 50.73499863500007], [13.760964320000028, 50.73465149200007], [13.769280288000061, 50.73350942900004], [13.773666247000051, 50.73463869100004], [13.778245975000061, 50.73581784400005], [13.806729690000054, 50.732878861000074], [13.810133557000029, 50.73141233400003], [13.825947626000072, 50.72459897700003], [13.856467843000075, 50.72823602500006], [13.860226944000033, 50.73616620900003], [13.863272429000062, 50.74259095200006], [13.869609996000065, 50.741533598000046], [13.884297931000049, 50.73908307600004], [13.898492523000073, 50.744953433000035], [13.901454621000028, 50.75318923000003], [13.893855988000041, 50.75966814600008], [13.890261722000048, 50.76273276900008], [13.888062966000064, 50.76863037600003], [13.898931164000032, 50.784523258000036], [13.896464297000023, 50.78909026500003], [13.90359565500006, 50.79357340800004], [13.914043998000068, 50.790826422000066], [13.920675349000021, 50.78908296600008], [13.940091641000038, 50.790536098000075], [13.954464752000035, 50.80021706700006], [13.954874536000034, 50.80214318600008], [13.956200890000048, 50.808377482000026], [13.96718340800004, 50.811856420000026], [13.990087604000053, 50.81911179400004], [14.001463930000057, 50.81508374100008], [14.001909494000074, 50.814008785000055], [14.00346038300006, 50.81026715100006], [14.013350357000036, 50.810879889000034], [14.01624061900003, 50.81105895600007], [14.021713851000072, 50.80859260500006], [14.030892879000078, 50.80445634500006], [14.035078396000074, 50.80728635200006], [14.039621357000044, 50.810358042000075], [14.048440473000028, 50.810183520000066], [14.064496176000034, 50.81137835000004], [14.078379919000042, 50.81241154700007], [14.07920832800005, 50.816147768000064], [14.07973830800006, 50.81853803800004], [14.088394270000038, 50.82526693500006], [14.099832783000068, 50.827709921000064], [14.129649960000052, 50.83407814100008], [14.132872349000024, 50.83399486700006], [14.136846395000077, 50.83605963400004], [14.139474078000035, 50.83776775200005], [14.140099249000059, 50.83817414300006], [14.144891878000067, 50.840878961000044], [14.149217031000035, 50.84232844600007], [14.160954291000053, 50.84685082000004], [14.188215515000024, 50.850134481000055], [14.200151955000024, 50.85157224500006], [14.206875500000024, 50.85486891100004], [14.21505720600004, 50.85888053900004], [14.21867608100007, 50.85903692200003], [14.223292513000047, 50.859236413000076], [14.235667377000027, 50.875922177000064], [14.234522665000043, 50.88119775000007], [14.233149965000052, 50.88752404000007], [14.240417907000051, 50.88721073100004], [14.246294896000052, 50.88695738300004], [14.258863677000022, 50.89137794700008], [14.269683489000045, 50.89518338100004], [14.281263051000053, 50.892614380000055], [14.28596948300003, 50.889528418000054], [14.292469565000033, 50.88526637600006], [14.304959204000056, 50.884479174000035], [14.311097681000035, 50.886437390000026], [14.312854638000033, 50.88699787100006], [14.319364343000075, 50.888738931000034], [14.326032869000073, 50.88960187600003], [14.339830745000029, 50.89178408300006], [14.34750837300004, 50.892998341000066], [14.347591785000077, 50.893228270000066], [14.349980192000032, 50.89981201200004], [14.368562359000066, 50.89713050700004], [14.372259752000048, 50.896596954000074], [14.388335046000066, 50.900298977000034], [14.387830971000028, 50.90671157300005], [14.387079131000064, 50.91627612000008], [14.396928174000038, 50.92137357800004], [14.402143570000021, 50.92407285200005], [14.39672813900006, 50.93649060800004], [14.387412978000043, 50.940919886000074], [14.380940730000077, 50.93996115400006], [14.372596073000068, 50.93872506200006], [14.350833020000039, 50.94637652600005], [14.343308455000056, 50.94902201600007], [14.337139782000065, 50.94929429100006], [14.325564710000037, 50.94980519500007], [14.313248040000076, 50.95385519700005], [14.314751989000058, 50.957094804000064], [14.316191439000022, 50.960195475000035], [14.310869054000023, 50.962516366000045], [14.30394796400003, 50.96553439300004], [14.314583710000022, 50.97257077800003], [14.320891223000046, 50.97284244700006], [14.327073563000056, 50.97310872500003], [14.326807771000063, 50.97965193200008], [14.329989934000025, 50.98239607000005], [14.322184505000052, 50.98510656600007], [14.309160778000034, 50.98354843200008], [14.302704194000057, 50.98104255000004], [14.29815424800006, 50.97927665900005], [14.283341860000064, 50.97804199700005], [14.25852952200006, 50.98798939300008], [14.25930616900007, 50.992100711000035], [14.263053549000063, 50.99571725800007], [14.267445936000058, 50.99995629300008], [14.264609612000072, 51.00375435800004], [14.261501832000022, 51.00791592500008], [14.269338279000067, 51.01085330400008], [14.281972249000034, 51.01558896500006], [14.280534283000065, 51.01856703900006], [14.279893923000031, 51.01989324500005], [14.282051764000073, 51.02376874200007], [14.28519588100005, 51.02941559700008], [14.281567997000025, 51.03363077000006], [14.277570424000032, 51.03827547700007], [14.28590074400006, 51.03972691800004], [14.288298024000028, 51.04014461100007], [14.289648815000078, 51.04148206600007], [14.302491776000068, 51.05419823400007], [14.317873514000041, 51.05469913300004], [14.334977403000039, 51.04014255000004]]], [[[14.457114682000054, 50.80588685200007], [14.455282251000028, 50.804654267000046], [14.452947314000028, 50.80629254400003], [14.454980987000056, 50.80710409800008], [14.457114682000054, 50.80588685200007]]]]}}, {"type": "Feature", "properties": {"NUTS_ID": "CZ051", "LEVL_CODE": 3, "CNTR_CODE": "CZ", "NAME_LATN": "Liberecký kraj", "NUTS_NAME": "Liberecký kraj", "MOUNT_TYPE": 1, "URBN_TYPE": 2, "COAST_TYPE": null, "NAME_ENGL": "Czechia", "NAME_FREN": "Tchéquie", "ISO3_CODE": "CZE", "SVRG_UN": "UN Member State", "CAPT": "Prague", "EU_STAT": "T", "EFTA_STAT": "F", "CC_STAT": "F", "NAME_GERM": "Tschechien"}, "geometry": {"type": "MultiPolygon", "coordinates": [[[[15.03432999000006, 51.01484142800007], [15.038725713000076, 51.012385702000074], [15.05789515500004, 51.01368894500007], [15.058467146000055, 51.01817334300006], [15.058974574000047, 51.02215156200003], [15.068418861000055, 51.019145914000035], [15.071630323000022, 51.01750561000006], [15.078699778000043, 51.01389477600003], [15.094940688000065, 51.011912589000076], [15.10521043600005, 51.010659177000036], [15.10511871600005, 51.00727139000003], [15.102207123000028, 51.00569029300004], [15.09795635000006, 51.00338197500008], [15.099424112000065, 50.99700205900007], [15.104420718000029, 50.992211541000074], [15.112596350000047, 50.99212405700007], [15.134865267000066, 50.992650025000046], [15.135328514000037, 50.99794151000003], [15.140140704000032, 51.00551351800004], [15.144179778000023, 51.01186902300003], [15.168251976000022, 51.01851441100007], [15.171853939000073, 51.02002497600006], [15.174633785000026, 51.009929627000076], [15.174555130000044, 51.00291581600004], [15.174379100000067, 50.98721892700007], [15.177266872000075, 50.98504787400003], [15.19187065500006, 50.98086201000007], [15.198587657000076, 50.98382903600003], [15.198119682000026, 50.988321848000055], [15.198076745000037, 50.98873407100007], [15.20336780200006, 50.99170235300005], [15.237062395000066, 50.99823168100005], [15.240986295000027, 50.99687958900006], [15.238214017000075, 50.994161106000035], [15.23957695100006, 50.989222116000064], [15.240601841000057, 50.985508124000035], [15.248557475000041, 50.97972902300006], [15.258335558000056, 50.97933469600008], [15.274043404000054, 50.97870123600006], [15.276723662000052, 50.97258609100004], [15.27630655300004, 50.97031712300003], [15.27494421700004, 50.96290636900005], [15.284475376000046, 50.95798882200006], [15.290831203000039, 50.954709569000045], [15.28939949100004, 50.94755291100006], [15.282080876000066, 50.94295886900005], [15.272246444000075, 50.93678559800003], [15.271191609000027, 50.93645661700003], [15.267672423000022, 50.920708594000075], [15.277250818000027, 50.894201140000064], [15.277571958000067, 50.893676937000066], [15.278869555000028, 50.88983621700004], [15.309811826000043, 50.861438140000075], [15.31528719000005, 50.859863146000066], [15.328576630000043, 50.85779281400005], [15.338678533000063, 50.85621906100005], [15.352172514000074, 50.85063746000003], [15.36818990100005, 50.83605111800006], [15.373922483000058, 50.82191611700006], [15.370834586000058, 50.81556829300007], [15.37320537200003, 50.80876399200008], [15.370859704000054, 50.806394401000034], [15.367381109000064, 50.80288032700008], [15.373067019000075, 50.78988086000004], [15.371547116000045, 50.78050997500003], [15.38456300100006, 50.77597229200006], [15.394535874000042, 50.776794891000065], [15.406640776000074, 50.78609168500003], [15.413449416000049, 50.791320849000044], [15.422662165000077, 50.804239650000056], [15.437328070000035, 50.80868255200005], [15.448415424000075, 50.80727536400008], [15.458622830000024, 50.802251323000064], [15.48156255400005, 50.79096049000003], [15.499643078000076, 50.78886988100004], [15.502427299000033, 50.78917749100003], [15.510562794000066, 50.790076329000044], [15.516114040000048, 50.785092563000035], [15.52435149200005, 50.77769718800005], [15.535267653000062, 50.779375997000045], [15.535439960000076, 50.76450607700008], [15.54304968300005, 50.75470110400005], [15.552741205000075, 50.75062881000008], [15.567726308000033, 50.74433219800005], [15.572546188000047, 50.73721382000008], [15.56848201300005, 50.730255201000034], [15.559411860000068, 50.714725420000036], [15.565199843000073, 50.706270224000036], [15.565450354000063, 50.70196994200006], [15.565937366000071, 50.69360986200007], [15.56408929500003, 50.68927132300007], [15.56272627900006, 50.686071499000036], [15.561676556000066, 50.682920068000044], [15.562300357000026, 50.68018395200005], [15.565521326000066, 50.67780752800007], [15.57115396200004, 50.66102694600005], [15.576663749000033, 50.65716256800005], [15.582548002000067, 50.65303555200006], [15.574421425000025, 50.646171940000045], [15.565664087000073, 50.63877559300005], [15.574583432000054, 50.63457054600008], [15.582072717000074, 50.631039704000045], [15.586543474000052, 50.62422685000007], [15.589010521000034, 50.620467390000044], [15.593338938000045, 50.61834976200004], [15.601290659000028, 50.61445947500005], [15.593355048000035, 50.60872405900005], [15.584224891000076, 50.60212529100005], [15.582385189000036, 50.594585754000036], [15.571350214000063, 50.58116649300007], [15.57536671300005, 50.57992234900007], [15.577259092000077, 50.579064146000064], [15.580330150000066, 50.57671114400006], [15.582841835000067, 50.57585098000004], [15.58773115200006, 50.575286352000035], [15.58997733900003, 50.57502695800008], [15.592205841000066, 50.57462445800007], [15.594293002000029, 50.57409603100007], [15.591934609000077, 50.571975198000075], [15.587400758000058, 50.567898039000056], [15.59754902800006, 50.560497249000036], [15.592084976000024, 50.55863265600004], [15.602553019000027, 50.55579697700006], [15.605006994000064, 50.55231184500008], [15.609645283000077, 50.54881525800005], [15.627094361000047, 50.535661221000055], [15.632646518000058, 50.52530463200003], [15.632218498000043, 50.52280447000004], [15.614770834000069, 50.52151053000006], [15.603007782000077, 50.52063816800006], [15.599307090000025, 50.518817252000076], [15.59457769100004, 50.51649016300007], [15.59143832500007, 50.51744677000005], [15.587835321000057, 50.51854465400004], [15.586922669000046, 50.51815368500007], [15.585323990000063, 50.51746883100003], [15.586464276000072, 50.51446699200005], [15.582912584000042, 50.514934596000046], [15.581029881000063, 50.519695385000034], [15.579713342000048, 50.52302451700007], [15.576881960000037, 50.52108752700008], [15.570700379000073, 50.52581775200008], [15.564420434000056, 50.52664300400005], [15.555856249000044, 50.52275561400006], [15.553800882000075, 50.521822658000076], [15.546207036000055, 50.51977650400005], [15.54437594500007, 50.51500656700006], [15.536874247000071, 50.51365305000007], [15.513646884000025, 50.51760939900004], [15.50989192700007, 50.524023484000054], [15.495992028000046, 50.532701399000075], [15.496439209000073, 50.534275740000055], [15.49794298300003, 50.53956991500007], [15.48662289200007, 50.54529806000005], [15.476920544000052, 50.546200604000035], [15.477511070000048, 50.54241564900008], [15.478908001000036, 50.53346207200008], [15.465872925000042, 50.53531602000004], [15.46630710900007, 50.53018108100008], [15.463090304000048, 50.52588176300003], [15.446368883000048, 50.52441332500007], [15.43954293400003, 50.52381388600003], [15.437478041000077, 50.52054511500006], [15.440783044000057, 50.50993895500005], [15.443571861000066, 50.50342546400003], [15.448352855000053, 50.50213105900008], [15.452471167000056, 50.50101606800007], [15.45107600800003, 50.496451997000065], [15.446570887000064, 50.49600955100004], [15.445895032000067, 50.495943175000036], [15.442968864000022, 50.49150440600005], [15.43988534600004, 50.48682695000008], [15.435435858000062, 50.489297426000064], [15.431349681000029, 50.49156618200004], [15.42654047700006, 50.490318251000076], [15.424319136000065, 50.488171230000034], [15.425776122000059, 50.48646736900008], [15.427772625000046, 50.48413257500005], [15.415782812000032, 50.480895617000044], [15.410575656000049, 50.48201401800003], [15.407700121000062, 50.48263163000007], [15.404292440000063, 50.48181551300007], [15.404003739000075, 50.48160869600008], [15.401635917000021, 50.47991245600008], [15.391250435000075, 50.48120965000004], [15.379165600000022, 50.49123655000005], [15.385525162000022, 50.49179628700006], [15.386589257000026, 50.49188994300005], [15.384043633000033, 50.50531804800005], [15.379047135000064, 50.50771431800007], [15.373913010000024, 50.50531735700008], [15.372017586000027, 50.50076815700004], [15.369783615000074, 50.49540641200008], [15.361964902000068, 50.49928298400005], [15.356243946000063, 50.50211947400004], [15.350312289000044, 50.50270553400003], [15.343906615000037, 50.50333842800006], [15.342798679000055, 50.504912396000066], [15.337508762000027, 50.51242741000004], [15.328598272000022, 50.51529556600008], [15.324907908000057, 50.51181698200003], [15.321021230000042, 50.514468142000055], [15.316592769000067, 50.51260947000003], [15.313522506000027, 50.511320848000025], [15.301962648000028, 50.51452521600004], [15.30139824500003, 50.517072333000044], [15.301185191000059, 50.51803383200007], [15.288694493000037, 50.52274763200006], [15.289007642000058, 50.52173787600003], [15.272696157000041, 50.52184115800003], [15.26508595200005, 50.52534654400006], [15.265453557000058, 50.52219892900007], [15.247383791000061, 50.51124066400007], [15.24573, 50.50734909500005], [15.238743474000046, 50.50759234800006], [15.242242988000044, 50.504118635000054], [15.242353584000057, 50.50174558100008], [15.242482284000062, 50.49898405400006], [15.236820597000076, 50.49551703600008], [15.223061408000035, 50.49495918300005], [15.198341753000022, 50.50294738700006], [15.17760749100006, 50.510498909000034], [15.151195425000026, 50.517898107000065], [15.146770550000042, 50.522942595000075], [15.141765730000031, 50.522913481000046], [15.14022165800003, 50.52459712700005], [15.13740110200007, 50.52767264200003], [15.130711048000023, 50.52951339500004], [15.11834441700006, 50.53012425800006], [15.118000042000062, 50.53014126900007], [15.117874218000054, 50.53024305100007], [15.114407320000055, 50.533047500000066], [15.108652883000047, 50.532572756000036], [15.104952636000064, 50.532267484000045], [15.098063447000072, 50.53508287600005], [15.09525691400006, 50.545127570000034], [15.09259095300007, 50.55466915200003], [15.076260070000046, 50.562355436000075], [15.075665240000035, 50.562635398000054], [15.068540147000022, 50.56534499400004], [15.067555480000067, 50.566934555000046], [15.06497272300004, 50.57110393600004], [15.054717199000038, 50.56953580700008], [15.041088526000067, 50.56745190300006], [15.039450487000067, 50.57252311800005], [15.037670321000064, 50.57803434600004], [15.026431241000068, 50.583296622000034], [15.021952936000048, 50.58539342000006], [15.020694347000074, 50.58582500300008], [15.017015107000077, 50.587408451000044], [15.010125985000059, 50.59678932000003], [15.00517962500004, 50.60352474200005], [14.998929709000038, 50.60065191900003], [14.98995829300003, 50.600481871000056], [14.978143168000031, 50.604839380000044], [14.974624978000065, 50.60365214900003], [14.972287634000054, 50.59842572700006], [14.969224094000026, 50.59749077200007], [14.959488818000068, 50.594519683000044], [14.954007402000059, 50.59676508700005], [14.95415747100003, 50.59996393100005], [14.954179821000025, 50.60044034500004], [14.948498296000025, 50.60594816100007], [14.942189987000063, 50.606294234000075], [14.931930326000042, 50.606857079000065], [14.932077418000063, 50.61164336600007], [14.932251467000071, 50.617306848000055], [14.912763691000066, 50.61859377500008], [14.90992299100003, 50.61549703500003], [14.91316150800003, 50.61124181500003], [14.91613949400005, 50.607328917000075], [14.906433887000048, 50.604987976000075], [14.90319802700003, 50.604207504000044], [14.89877732900004, 50.60152863600007], [14.902328590000025, 50.59508524800003], [14.907200268000054, 50.586246103000065], [14.895211981000045, 50.579935954000064], [14.891850626000064, 50.58170573700005], [14.889992709000069, 50.58268394600003], [14.881112779000034, 50.58014213000007], [14.84746853400003, 50.57061743000003], [14.848957312000039, 50.564830259000075], [14.853353525000045, 50.56180799600003], [14.857745543000021, 50.55878861800005], [14.855865574000063, 50.55527911400003], [14.826869570000042, 50.53841037700005], [14.815769426000031, 50.543919937000055], [14.815591710000035, 50.54400814600007], [14.809706306000066, 50.546980381000026], [14.802329573000065, 50.550160926000046], [14.798884434000058, 50.550781967000034], [14.750374300000033, 50.556891345000054], [14.749836224000035, 50.54732531700006], [14.752763720000075, 50.54051444300006], [14.757794846000024, 50.52880943500003], [14.755378833000066, 50.52106470100006], [14.750828469000055, 50.517062913000075], [14.737093385000037, 50.518525158000045], [14.727641386000073, 50.519531423000046], [14.725799092000045, 50.51688772700004], [14.722075911000047, 50.505990403000055], [14.719491411000035, 50.49842586900007], [14.712736934000077, 50.49689863400005], [14.690563127000075, 50.49188497800003], [14.691930828000068, 50.48439199000006], [14.692689948000066, 50.48023313400006], [14.686046743000077, 50.48165657700008], [14.684653848000039, 50.48241188500003], [14.676815240000053, 50.48666243200006], [14.668354390000047, 50.48439092500007], [14.651158309000039, 50.48533024900007], [14.645934164000039, 50.480424292000066], [14.637889365000035, 50.48378205200004], [14.632635252000057, 50.48612018400007], [14.628699664000067, 50.47996712100007], [14.617987590000041, 50.48172363800006], [14.614633249000065, 50.477783954000074], [14.610384704000069, 50.47279402300006], [14.600336638000044, 50.47683903600006], [14.59774817400006, 50.47788106400003], [14.59336890000003, 50.47785892600007], [14.591965265000056, 50.47628573900005], [14.589756309000052, 50.473809954000046], [14.582279206000067, 50.48057590800005], [14.576174880000053, 50.49327223000006], [14.578793443000052, 50.49894349900006], [14.578723566000065, 50.50192107200007], [14.578507415000047, 50.51113158900006], [14.550577599000064, 50.504528632000074], [14.550769524000032, 50.499730545000034], [14.550895043000025, 50.49659257800005], [14.534206065000035, 50.49712553100005], [14.526867072000073, 50.50542481900004], [14.52248863400007, 50.51037616800005], [14.509213207000073, 50.508475273000045], [14.50388194900006, 50.49904503800008], [14.500529981000057, 50.493115886000055], [14.493482227000072, 50.499085568000055], [14.487793927000041, 50.500117802000034], [14.48648554600004, 50.505027082000026], [14.470305180000025, 50.52664896200008], [14.460159503000057, 50.52746508400003], [14.442761766000046, 50.52886456500005], [14.440570700000023, 50.53325014500007], [14.436840185000051, 50.540717045000065], [14.429826577000028, 50.548947603000045], [14.42584706100007, 50.553617616000054], [14.418988926000054, 50.55656631200003], [14.414910260000056, 50.57140945800006], [14.414182578000066, 50.57405765200008], [14.411413547000052, 50.576675013000056], [14.405041760000074, 50.58269779200003], [14.404180517000043, 50.585818423000035], [14.40360944400004, 50.58788765200006], [14.40147091700004, 50.58855569900004], [14.393874635000032, 50.59092867600003], [14.381425899000021, 50.60098454800004], [14.380428951000056, 50.60981258600003], [14.380212005000033, 50.61173366000003], [14.373114061000024, 50.61720219100005], [14.368461319000062, 50.620786843000076], [14.368029458000024, 50.622338728000045], [14.367438973000048, 50.62446062200007], [14.364982337000072, 50.62592237500007], [14.360553598000024, 50.62855757400007], [14.363688113000023, 50.633383508000065], [14.365876271000047, 50.63675242100004], [14.361117069000045, 50.64820544100007], [14.360056420000035, 50.65075789300005], [14.360485614000027, 50.65184574800003], [14.362460544000044, 50.65685149900003], [14.357722220000028, 50.65651118300008], [14.351403935000064, 50.65605739200004], [14.34336402100007, 50.658461920000036], [14.343548239000029, 50.66792390200004], [14.351278836000063, 50.676898419000054], [14.36871942700003, 50.68575860400006], [14.377347629000042, 50.69014191100007], [14.37657931800004, 50.69345877000006], [14.374048212000048, 50.69496726400007], [14.368221255000037, 50.698440024000035], [14.36822907900006, 50.704276605000075], [14.376243685000077, 50.71996683200007], [14.389318943000035, 50.722831617000054], [14.39285536500006, 50.723778192000054], [14.404129297000054, 50.72679582400008], [14.40557399000005, 50.728685005000045], [14.411971406000077, 50.73705070700004], [14.416467232000059, 50.732887590000075], [14.417669170000067, 50.73177460000005], [14.426622380000026, 50.73607842600006], [14.42299467500004, 50.73874417400003], [14.419097672000078, 50.74160781100005], [14.418389863000073, 50.74837436100006], [14.421964357000036, 50.75138362200005], [14.427491803000066, 50.76525834100005], [14.433580175000031, 50.77262987300003], [14.44211421700004, 50.77168880000005], [14.448633468000025, 50.770969904000026], [14.457048068000063, 50.77877241700003], [14.452476722000029, 50.78314551900007], [14.449179793000042, 50.786299470000074], [14.452007885000057, 50.78846726100005], [14.458231212000044, 50.79323757000003], [14.451965397000038, 50.795648981000056], [14.452614094000069, 50.806057760000044], [14.450283465000041, 50.80804103600008], [14.446344513000042, 50.81139293500007], [14.45161603500003, 50.81373949500005], [14.457605229000023, 50.81115799100007], [14.460233426000059, 50.81002516700005], [14.467169076000062, 50.81277407700003], [14.476081706000059, 50.81630655200007], [14.482839198000022, 50.81450963200007], [14.484217428000022, 50.81128127100004], [14.484939103000045, 50.809590822000075], [14.48804657100004, 50.80991876500008], [14.494945968000025, 50.81064688500004], [14.518248128000039, 50.79917229000006], [14.525568745000044, 50.79556742600005], [14.540909617000068, 50.79499108300007], [14.560601982000037, 50.800080009000055], [14.562557232000074, 50.80677390900007], [14.560370049000028, 50.81404024400007], [14.561390091000021, 50.81698660300003], [14.56444345500006, 50.82580615100005], [14.567640080000047, 50.82840041400004], [14.569474957000068, 50.82988953300003], [14.569085169000061, 50.83103945400006], [14.567196592000073, 50.836610980000046], [14.571639085000072, 50.838971697000034], [14.58569465100004, 50.83963658300007], [14.595630225000036, 50.84010657700003], [14.607103289000065, 50.84291863000004], [14.61879975900007, 50.85780447700006], [14.64850462000004, 50.84900040400004], [14.65632314100003, 50.84977060400007], [14.66000198200004, 50.85013300600008], [14.664757253000062, 50.849351], [14.670862466000074, 50.84665769000003], [14.672563005000029, 50.84590749800003], [14.674619201000041, 50.844869352000046], [14.67684620500006, 50.84420362700007], [14.679515713000058, 50.84326699200005], [14.688674345000038, 50.83849238300007], [14.701888429000064, 50.84001493400007], [14.706879224000033, 50.84058998300003], [14.711858965000033, 50.83813408700007], [14.718703337000022, 50.83279743800006], [14.71823273800004, 50.830126233000044], [14.717205909000029, 50.82429776200007], [14.722307256000022, 50.82216249000004], [14.72802628200003, 50.824277867000035], [14.741008616000045, 50.829079827000044], [14.763085298000021, 50.82136188800007], [14.768231186000037, 50.81956290200003], [14.773020256000052, 50.82053556400007], [14.776446572000054, 50.82123145000003], [14.790495835000058, 50.82408486000003], [14.79287716600004, 50.81994754900006], [14.800841179000031, 50.824251581000055], [14.802149110000073, 50.83052120200006], [14.803569443000072, 50.83732962400006], [14.810467007000057, 50.85032745600006], [14.814545165000027, 50.853912818000026], [14.820543763000046, 50.859186557000044], [14.823362001000078, 50.87055037200008], [14.831638325000029, 50.87229424900005], [14.840136721000022, 50.871218887000055], [14.856303611000044, 50.86917317700005], [14.86259973400007, 50.87048184100007], [14.864815771000053, 50.87220241000006], [14.871283558000073, 50.87722411200008], [14.883529287000044, 50.872948191000035], [14.896590315000026, 50.868387588000076], [14.901904045000038, 50.873680472000046], [14.903838775000054, 50.87560761200007], [14.923342311000056, 50.87092036200005], [14.960542760000067, 50.86198004500005], [14.994335887000034, 50.869359907000046], [15.000506838000035, 50.86933623500005], [15.00212351600004, 50.87194606300005], [14.995500828000047, 50.891671537000036], [14.996596157000056, 50.899660408000045], [15.006206084000041, 50.90743814700005], [14.999456981000037, 50.90728164400008], [14.993754137000053, 50.91661652800008], [14.990532871000028, 50.92188936200006], [15.002849604000062, 50.93116782900006], [15.01432548400004, 50.93981286400003], [15.013356979000037, 50.947205008000026], [15.011481781000043, 50.96151751000008], [15.016278314000033, 50.965210444000036], [15.02002430300007, 50.96809454500004], [15.009511997000061, 50.98312350100008], [15.004914105000069, 50.985678533000055], [14.999526617000072, 50.98383084400007], [14.986946525000064, 50.97951638300003], [14.969472671000062, 50.99016477100008], [14.985001349000072, 51.01090994300006], [14.992667658000073, 51.01118286800005], [15.002274990000046, 51.01152489400005], [15.01393137100007, 51.01662868400007], [15.01737111400007, 51.020390364000036], [15.01973192500003, 51.02297213200006], [15.031928408000056, 51.02099449700006], [15.03350920500003, 51.01694435400003], [15.03432999000006, 51.01484142800007]], [[14.457114682000054, 50.80588685200007], [14.454980987000056, 50.80710409800008], [14.452947314000028, 50.80629254400003], [14.455282251000028, 50.804654267000046], [14.457114682000054, 50.80588685200007]]]]}}, {"type": "Feature", "properties": {"NUTS_ID": "CZ064", "LEVL_CODE": 3, "CNTR_CODE": "CZ", "NAME_LATN": "Jihomoravský kraj", "NUTS_NAME": "Jihomoravský kraj", "MOUNT_TYPE": null, "URBN_TYPE": 2, "COAST_TYPE": null, "NAME_ENGL": "Czechia", "NAME_FREN": "Tchéquie", "ISO3_CODE": "CZE", "SVRG_UN": "UN Member State", "CAPT": "Prague", "EU_STAT": "T", "EFTA_STAT": "F", "CC_STAT": "F", "NAME_GERM": "Tschechien"}, "geometry": {"type": "MultiPolygon", "coordinates": [[[[16.635551639000028, 49.62688465800005], [16.649941719000026, 49.620308065000074], [16.656784376000076, 49.62255095300003], [16.66488017100005, 49.62520459500007], [16.665154863000055, 49.62794553400005], [16.679205877000072, 49.623557693000066], [16.69571307800004, 49.62540451600006], [16.713765632000047, 49.62164465200004], [16.71680791500006, 49.618572036000046], [16.719110186000023, 49.61624681100005], [16.725641075000055, 49.61472699700005], [16.72622315900003, 49.61539073700004], [16.72633379900003, 49.61551689700008], [16.731860176000055, 49.613486056000056], [16.750734952000073, 49.60654992500008], [16.781175750000045, 49.59644392900003], [16.80420003200004, 49.598813017000055], [16.78918138800003, 49.59057388800005], [16.793232588000023, 49.586462175000065], [16.801412609000067, 49.57815996800008], [16.79341611800004, 49.574031957000045], [16.783009884000023, 49.57318034200006], [16.771261885000058, 49.57912597700005], [16.765236771000048, 49.582175273000075], [16.762714867000057, 49.58008358400008], [16.76117249500004, 49.57880432800005], [16.75526331800006, 49.58091845600006], [16.753259123000078, 49.581635497000036], [16.745371962000036, 49.58723659800006], [16.747405170000036, 49.583494820000055], [16.743212803000063, 49.57317535200008], [16.745742453000048, 49.56701406900004], [16.746023145000038, 49.566330409000045], [16.752875553000024, 49.56077385300006], [16.746500689000072, 49.55285074500006], [16.738392284000042, 49.54277307800004], [16.75051090100004, 49.54385094200006], [16.754738770000074, 49.544226981000065], [16.76687036800007, 49.542125568000074], [16.77691992700005, 49.541486795000026], [16.796488441000065, 49.53398765900005], [16.813274362000072, 49.53589957200006], [16.833157579000044, 49.532190497000045], [16.824418469000022, 49.529409645000044], [16.813014183000064, 49.53125676500008], [16.806719944000065, 49.52816871600004], [16.806154520000064, 49.52789131000003], [16.802788907000036, 49.52447068400005], [16.80315702400003, 49.522672241000066], [16.804897795000045, 49.51416767400008], [16.796243943000036, 49.51200751400006], [16.78950733000005, 49.51032593100007], [16.78444816800004, 49.49718305000005], [16.786638760000073, 49.49592676100008], [16.79167257200004, 49.49303990400006], [16.789657326000054, 49.487425889000065], [16.789607406000073, 49.487286822000044], [16.789845013000047, 49.486897328000055], [16.796524017000024, 49.47594884000006], [16.795507774000043, 49.472623009000074], [16.79610140400007, 49.46927811000006], [16.798414516000037, 49.456244534000064], [16.80294305500007, 49.455634092000025], [16.803590216000032, 49.45554685500008], [16.817454208000072, 49.45135439100005], [16.816286625000032, 49.445431892000045], [16.828753015000075, 49.43561710100005], [16.821277164000037, 49.43117983800005], [16.81010460400006, 49.429799469000045], [16.801432231000035, 49.428727998000056], [16.798665240000048, 49.425494048000076], [16.80004468900006, 49.42072497800007], [16.79555484900004, 49.413560311000026], [16.79863997600006, 49.410943529000065], [16.804090590000044, 49.41167823600006], [16.80621533300007, 49.41196463700004], [16.80603794500007, 49.41076153700004], [16.805296303000034, 49.40573148900006], [16.823823231000063, 49.400815660000035], [16.838801254000032, 49.39062159100007], [16.852129726000044, 49.38681087600003], [16.85972530400005, 49.381393839000054], [16.862026225000022, 49.383272497000064], [16.869053887000064, 49.39164939400007], [16.87177180300006, 49.39488912000007], [16.873012799000037, 49.39523256700005], [16.886859394000055, 49.399064621000036], [16.891650800000036, 49.40280439800006], [16.893668263000052, 49.410868582000035], [16.893143171000077, 49.41345236800004], [16.892544023000028, 49.41640055900007], [16.89743889700003, 49.41734038800007], [16.90274520500003, 49.41835921300003], [16.906897936000064, 49.415971021000075], [16.905437349000067, 49.422580063000055], [16.91448052000004, 49.43010705900008], [16.910176544000024, 49.433150125000054], [16.90828198500003, 49.43448964700008], [16.908189597000046, 49.436080599000036], [16.90780449600004, 49.442712192000045], [16.902429317000042, 49.444576221000034], [16.89224086300004, 49.44810941800006], [16.897551246000035, 49.45177070500006], [16.899592174000077, 49.45317784000008], [16.89749777700007, 49.45901625500005], [16.88834402200007, 49.460441615000036], [16.877821853000057, 49.46849608700006], [16.874066258000028, 49.468912491000026], [16.867618458000038, 49.46962739500003], [16.869980804000022, 49.47694172900003], [16.858381809000036, 49.47950346300007], [16.862270498000044, 49.48168431000005], [16.87024751100006, 49.480010752000055], [16.877262674000065, 49.488640074000045], [16.90703927800007, 49.49899110600006], [16.90932380000004, 49.49813008000007], [16.910232137000037, 49.49778773200006], [16.91275693600005, 49.49813125600008], [16.918792410000037, 49.498952442000075], [16.924362509000048, 49.49540049900003], [16.932568779000064, 49.490167522000036], [16.936215318000052, 49.49261156800003], [16.938344184000073, 49.494038414000045], [16.942999976000067, 49.49322514000005], [16.94692851700006, 49.49223807900006], [16.948097661000077, 49.48875442700006], [16.948410799000044, 49.48782138200005], [16.955116489000034, 49.482006510000076], [16.95884421900007, 49.478773990000036], [16.958813478000025, 49.47845221600005], [16.958580015000052, 49.47600851300007], [16.953492420000032, 49.474488946000065], [16.960078072000044, 49.46885557200005], [16.97205742400007, 49.465719456000045], [16.97579171600006, 49.46474184300007], [16.974724327000047, 49.46315548900003], [16.972821219000025, 49.46032708800004], [16.974443070000063, 49.45764163100006], [16.98217035400006, 49.45599686300005], [16.987460148000025, 49.45487091900003], [16.985699418000024, 49.44912861800003], [16.98257888200004, 49.438951555000074], [16.984941881000054, 49.43600210500006], [16.98972606500007, 49.436271360000035], [16.992493507000063, 49.436427113000036], [16.991381813000032, 49.430984487000046], [16.990117163000036, 49.42479302400005], [16.998548920000076, 49.419475660000046], [16.99911447200003, 49.419457684000065], [17.00846011300007, 49.41916062900003], [17.014358684000058, 49.41641270200006], [17.014655246000075, 49.40714601500008], [17.014727467000057, 49.404889311000034], [17.018225907000044, 49.40431727600003], [17.02287058400003, 49.40355781800008], [17.022985474000052, 49.400546665000036], [17.023007876000065, 49.39995953600004], [17.02546133800007, 49.397419014000036], [17.029503030000058, 49.393233904000056], [17.025710034000042, 49.390001864000055], [17.02486581900007, 49.38928250200007], [17.026021368000045, 49.38071663300008], [17.026050501000043, 49.380500675000064], [17.026029537000056, 49.38047299400006], [17.022217195000053, 49.375439080000035], [17.027931120000062, 49.36958309500005], [17.038785655000027, 49.368619299000045], [17.047578273000056, 49.36783858500007], [17.050804157000073, 49.36505611600006], [17.04730343500006, 49.36162415600006], [17.04562563500002, 49.359979311000075], [17.035454860000073, 49.35977663400007], [17.046103926000058, 49.35446733400005], [17.052005974000053, 49.35355539900007], [17.06120300300006, 49.352134351000075], [17.06338917000005, 49.349093423000056], [17.064095596000072, 49.348110794000036], [17.084076727000024, 49.34213792500003], [17.092561359000058, 49.339601652000056], [17.10017870200005, 49.341820581000036], [17.116206909000027, 49.337110178000046], [17.12075326400003, 49.33271035000007], [17.12509314400006, 49.32834752900004], [17.127751526000054, 49.325675094000076], [17.132452604000036, 49.325873157000046], [17.139345073000072, 49.32616354600003], [17.139257026000053, 49.318908899000064], [17.139050463000046, 49.31850121800005], [17.137148721000074, 49.31474785300003], [17.140837755000064, 49.309369090000075], [17.143183126000054, 49.30271715500004], [17.145255144000032, 49.29583095100003], [17.15044099000005, 49.294768558000044], [17.150949422000053, 49.294664399000055], [17.151086832000033, 49.29342291700004], [17.151350473000036, 49.29104096200007], [17.15515651800007, 49.28238178700008], [17.15714145000004, 49.28080785600008], [17.160949473000073, 49.27778832400003], [17.159901390000073, 49.275057401000026], [17.153941073000055, 49.269461371000034], [17.15274274500007, 49.266774301000055], [17.14908739400005, 49.258577728000034], [17.142313323000053, 49.254706663000036], [17.131596611000077, 49.24858256200008], [17.130960092000066, 49.24504388400004], [17.13913737200005, 49.238627930000064], [17.145914461000075, 49.233310576000065], [17.146649242000024, 49.226723367000034], [17.144996594000077, 49.22593403400003], [17.144033673000024, 49.22424149100004], [17.14255720500006, 49.22289506200008], [17.140933148000045, 49.22141404200005], [17.13907772700003, 49.21913741800006], [17.139003311000067, 49.21709166100004], [17.13576444000006, 49.215091493000045], [17.143032567000034, 49.209956367000075], [17.149721097000054, 49.205230742000026], [17.150450228000068, 49.201751297000044], [17.15184827400003, 49.195079759000066], [17.158996708000075, 49.19229757900007], [17.164830865000056, 49.19002691800006], [17.160014242000045, 49.18696417900003], [17.15453222700006, 49.18347833800004], [17.152623206000044, 49.17770192900008], [17.147591186000056, 49.17479557200005], [17.152371247000076, 49.17290211300008], [17.169812168000078, 49.17639776400006], [17.18047733000003, 49.17302356600004], [17.191600823000044, 49.17965720900003], [17.19708066100003, 49.182925183000066], [17.20204508000006, 49.17584620300005], [17.199621750000063, 49.17073899500008], [17.19817000100005, 49.16767941000006], [17.198654745000056, 49.16598414200007], [17.199434084000075, 49.16325860000006], [17.19415071900005, 49.15733427200007], [17.193308805000072, 49.15639022000005], [17.192020418000027, 49.15324308300006], [17.185471732000053, 49.137246633000075], [17.18003671300005, 49.13885861800003], [17.179595318000054, 49.13898953200004], [17.179222481000068, 49.13864830600005], [17.177767367000058, 49.137316560000045], [17.175851720000026, 49.137777655000036], [17.17378982500003, 49.13827395100003], [17.170955501000037, 49.13673786800007], [17.17073, 49.13645474000003], [17.16795449500006, 49.13296996100007], [17.16109586300007, 49.133966291000036], [17.15426631200006, 49.13495839700005], [17.148503663000042, 49.13280448000006], [17.14318330900005, 49.11733740400007], [17.140148165000028, 49.10851378000007], [17.140662616000043, 49.104008803000056], [17.134510438000063, 49.10115556100004], [17.124062698000046, 49.101875809000035], [17.114091377000022, 49.10256321300005], [17.11345396100006, 49.091882772000076], [17.11687896500007, 49.08788591900003], [17.118809442000043, 49.08563312300004], [17.117302167000048, 49.08346950200007], [17.113824359000034, 49.07847727400008], [17.11579451800003, 49.07649373000004], [17.12805499700005, 49.074381301000074], [17.136200770000073, 49.07557511600004], [17.139002688000062, 49.07598575500003], [17.142043428000022, 49.074495942000055], [17.144750869000063, 49.073169430000064], [17.14821039700007, 49.07597465200007], [17.15118545300004, 49.078387031000034], [17.17159678200005, 49.08292598100007], [17.201106147000075, 49.09208755100008], [17.21356974200006, 49.09298608100005], [17.217715619000046, 49.081273872000054], [17.220049480000057, 49.074680655000066], [17.22223383000005, 49.07430898400003], [17.227313517000027, 49.07344466500007], [17.230710583000075, 49.065567258000044], [17.22843008800004, 49.052359], [17.225989815000048, 49.04844895300005], [17.22029520500007, 49.03932448300003], [17.21953555600004, 49.036320137000075], [17.22324889500004, 49.03242888700004], [17.224905039000078, 49.03356446600003], [17.227238201000034, 49.03664031100004], [17.227797297000052, 49.03737737600005], [17.22857592500003, 49.03934740100004], [17.23020160300007, 49.04039246100007], [17.237006976000032, 49.03963649700006], [17.242471847000047, 49.038752583000075], [17.24423137900004, 49.038467988000036], [17.244806879000066, 49.03847099500007], [17.250559787000043, 49.03850105600003], [17.250863926000022, 49.03645566400007], [17.25172697900007, 49.03065146200004], [17.259867717000077, 49.03345987600005], [17.260940653000034, 49.03383002100003], [17.267186053000046, 49.03365015900005], [17.26870120500007, 49.030520753000076], [17.269939647000058, 49.02796286700004], [17.271760175000054, 49.02710538000008], [17.27512076100004, 49.02552251000003], [17.27534307800005, 49.02233311500004], [17.27585947400007, 49.01492479600006], [17.282727735000037, 49.014222344000075], [17.284422078000034, 49.01566325500005], [17.28607948900003, 49.01707275800004], [17.304710210000053, 49.01818520100005], [17.310177313000054, 49.01660727900003], [17.31321756500006, 49.01228310000005], [17.320636251000053, 49.01376702200008], [17.335988240000063, 49.01477266100005], [17.348673504000033, 49.00690420600006], [17.362940839000032, 49.00483137400005], [17.358096232000037, 48.99812402200007], [17.35785306400004, 48.992544440000074], [17.357683166000072, 48.988646059000075], [17.353633330000036, 48.98458031200005], [17.353197786000067, 48.979632983000045], [17.355995622000023, 48.97794596800003], [17.37607130200007, 48.97659418500007], [17.385752746000037, 48.97863909500006], [17.395067967000045, 48.98060665100007], [17.39853809600004, 48.97542112900004], [17.401227403000064, 48.97140241400007], [17.434400752000045, 48.950328418000026], [17.445562945000063, 48.954606184000056], [17.466517258000067, 48.96263665300006], [17.475353340000026, 48.959296530000074], [17.48121009700003, 48.95708262100004], [17.49603370600005, 48.96106271600007], [17.496892913000067, 48.96268782700008], [17.49885551600005, 48.96639991100005], [17.50087625200007, 48.96471653000003], [17.503269940000052, 48.96168950200007], [17.503978774000075, 48.96079312000006], [17.507498330000033, 48.956136436000065], [17.50861408000003, 48.953051636000055], [17.51338223600004, 48.95427856100008], [17.517098071000078, 48.95486561100006], [17.518988453000077, 48.956159065000065], [17.520045069000048, 48.95651750900004], [17.520970232000025, 48.956831359000034], [17.523029923000024, 48.95696188200003], [17.524853380000025, 48.95609413100004], [17.54296757900005, 48.949874151000074], [17.549031283000033, 48.947257035000064], [17.551153405000036, 48.94531715100004], [17.553116704000047, 48.94324991500008], [17.54876570700003, 48.93670020400003], [17.53950096400007, 48.92275365900008], [17.543036502000064, 48.92065562300007], [17.547982459000025, 48.91641760400006], [17.55329411300005, 48.91871344000003], [17.56152854800007, 48.92227257700006], [17.580450793000068, 48.91265998700004], [17.58287477600004, 48.91142859200005], [17.58708292800003, 48.911181628000065], [17.601775172000032, 48.91031938400005], [17.612748208000028, 48.89626921000007], [17.61549829200004, 48.89274792700007], [17.625009632000058, 48.88236190400005], [17.627804411000056, 48.877352819000066], [17.627959719000046, 48.87707446100006], [17.62803464600006, 48.877074898000046], [17.63594045700006, 48.87712099700008], [17.63601996500006, 48.86812635700005], [17.64693006600004, 48.85426588300004], [17.632234977000053, 48.85417674300004], [17.621928530000048, 48.84728340800007], [17.621014267000078, 48.84226979700003], [17.62100611900007, 48.84222511400003], [17.620897945000024, 48.84221595300005], [17.60262828900005, 48.84066872400007], [17.594956067000055, 48.830207795000035], [17.593022321000035, 48.827571169000066], [17.575160500000038, 48.82425257300008], [17.573907903000077, 48.82417398500007], [17.56151789200004, 48.82809881500003], [17.55402708200006, 48.83047170700007], [17.551098624000076, 48.827214394000066], [17.551728143000048, 48.826140732000056], [17.554114645000027, 48.82207048600003], [17.552263108000034, 48.82040991200006], [17.549644715000056, 48.81806157400007], [17.537929062000046, 48.81805229100007], [17.528782875000047, 48.81289826100004], [17.520405864000054, 48.81290447300006], [17.51832425300006, 48.818070187000046], [17.517381422000028, 48.82040991200006], [17.515823167000065, 48.82427686700004], [17.51103760700005, 48.821067087000074], [17.51076766600005, 48.82088603200003], [17.504633385000034, 48.82239781900006], [17.499924191000048, 48.82563788700003], [17.476433145000044, 48.84180043300006], [17.45166289900004, 48.84582073300004], [17.442789149000077, 48.838718388000075], [17.435366007000027, 48.839329992000046], [17.430721376000065, 48.83221095500005], [17.430319929000063, 48.83161280600007], [17.426985562000027, 48.82664465900007], [17.42282410100006, 48.82753790800007], [17.418146453000077, 48.82854195600004], [17.411510905000057, 48.82397439300007], [17.40655034200006, 48.82040991200006], [17.39672547600003, 48.81335011900006], [17.377437561000022, 48.818510307000054], [17.36815307200004, 48.81560783000003], [17.361801116000038, 48.81362210900005], [17.356096396000055, 48.81943490200007], [17.35513951400003, 48.82040991200006], [17.35378774900005, 48.821787286000074], [17.34873870000007, 48.82421174400008], [17.327327710000077, 48.83449289500004], [17.323113918000047, 48.840848136000034], [17.32019374600003, 48.84525234000006], [17.314865922000024, 48.844917817000066], [17.30489691300005, 48.84429188400003], [17.282176168000035, 48.85460958800007], [17.278391526000064, 48.85814015400007], [17.275683069000024, 48.860666783000056], [17.266468075000034, 48.86106066100007], [17.256989954000062, 48.861465785000064], [17.25286937100003, 48.863534267000034], [17.244907995000062, 48.86753078000004], [17.217808631000025, 48.87111492300005], [17.206818808000037, 48.87582955200003], [17.20128637700003, 48.87751387000003], [17.193459008000048, 48.87500777000008], [17.184229263000077, 48.86729386500008], [17.17716704000003, 48.86139150000008], [17.16304591200003, 48.85191066900006], [17.156429657000047, 48.84746855900005], [17.155781626000078, 48.84663539700006], [17.154393567000056, 48.844850793000035], [17.138081888000045, 48.83968331300008], [17.111213243000066, 48.83117142400005], [17.105845207000073, 48.824361070000066], [17.106136622000065, 48.82040991200006], [17.10613702200004, 48.82040448500004], [17.106717494000065, 48.812534140000025], [17.100615832000074, 48.80224758800006], [17.09351097600006, 48.79879891200005], [17.093170177000047, 48.79863348900005], [17.092549203000033, 48.79715313600008], [17.08755775000003, 48.785253897000075], [17.078956075000065, 48.78248481700007], [17.06968571300007, 48.77950047100006], [17.06366474400005, 48.77426590500005], [17.06257013800007, 48.77343668100008], [17.059140315000036, 48.77083840300003], [17.05613451200003, 48.76988299900006], [17.049554558000068, 48.76779153900003], [17.047607240000048, 48.76711735900005], [17.045943605000048, 48.766176520000045], [17.041273512000032, 48.75776391100004], [17.040990156000078, 48.75725347900004], [17.040070687000025, 48.753361848000054], [17.035169549000045, 48.75013613500005], [17.028239446000043, 48.745575047000045], [17.025642556000037, 48.739020820000064], [17.013971936000075, 48.72799943200005], [17.012671135000062, 48.72202114700008], [17.011615077000044, 48.717167663000055], [17.00591447900007, 48.713577738000026], [16.998924318000036, 48.70917571700005], [16.998116740000057, 48.703833348000046], [16.99627896900006, 48.691675935000035], [16.978469225000026, 48.678736024000045], [16.97569414000003, 48.67581309900004], [16.968335629000023, 48.668062571000064], [16.96859823500006, 48.66131771800008], [16.969183712000074, 48.64628011100007], [16.963281299000073, 48.638574402000074], [16.962268381000058, 48.63227664600004], [16.955515785000046, 48.623803198000076], [16.940278026000044, 48.61724544700007], [16.93855196100003, 48.61827557700008], [16.937141978000056, 48.61862702500008], [16.934721254000067, 48.61923040800008], [16.932568779000064, 48.61928584200007], [16.919385858000055, 48.623787882000045], [16.922193411000023, 48.628408567000065], [16.928408329000035, 48.63863711400006], [16.921619373000055, 48.64500934700004], [16.92012345100005, 48.65070272200006], [16.92305682700004, 48.670186984000054], [16.918118294000067, 48.672210791000055], [16.912352226000053, 48.67457372100006], [16.910478923000028, 48.678691505000074], [16.91641684900003, 48.69049912100007], [16.917798283000025, 48.69324611300004], [16.915386432000048, 48.70151033900004], [16.90824998000005, 48.70717830400008], [16.904154938000033, 48.71043069700005], [16.90328663500003, 48.71331571800005], [16.902183200000024, 48.716981985000075], [16.893918446000043, 48.71660374800007], [16.887453454000024, 48.71630787700008], [16.884097318000045, 48.718541241000025], [16.87889039600003, 48.72200622400004], [16.87537627100005, 48.71894689800007], [16.868069628000057, 48.71258588300003], [16.84302429400003, 48.711683608000044], [16.837677084000063, 48.71416336100003], [16.834383195000044, 48.715690892000055], [16.829643572000066, 48.71314401300003], [16.825463760000048, 48.71089795300003], [16.81294073600003, 48.71084544400003], [16.812177747000078, 48.710927827000035], [16.806438386000025, 48.71154752500007], [16.804504721000058, 48.70995421900005], [16.800723253000058, 48.70683835700004], [16.792757422000022, 48.71143730700004], [16.789626531000067, 48.71324487900006], [16.78797443700006, 48.71317730800007], [16.774705476000065, 48.71263460500006], [16.764421335000065, 48.717773296000075], [16.76046155100005, 48.71679036200004], [16.753790345000027, 48.72113192200004], [16.750010417000055, 48.72698822800004], [16.747309234000056, 48.73117321700005], [16.740754030000062, 48.730355607000035], [16.737626933000058, 48.72996557400006], [16.73003317000007, 48.73425574600003], [16.72340485500007, 48.73800047800006], [16.70039002900006, 48.73588993800007], [16.69168882500003, 48.73193260600004], [16.68258582800007, 48.727792538000074], [16.682543375000023, 48.72808706500007], [16.674577889000034, 48.74131648500003], [16.679542317000028, 48.748936420000064], [16.679936519000023, 48.74954148300003], [16.679838906000043, 48.75618700600006], [16.675962640000023, 48.76924141100005], [16.669498240000053, 48.77264580000008], [16.665572085000065, 48.77471345600003], [16.665721133000034, 48.77678125300008], [16.665813625000055, 48.77806442100007], [16.644947755000032, 48.78570021100006], [16.63552541000007, 48.78546659400007], [16.62844117000003, 48.78070057000008], [16.62815536100004, 48.78071755500008], [16.593231469000045, 48.782792993000044], [16.59272730300006, 48.784971590000055], [16.592197544000044, 48.78726077500005], [16.583167248000052, 48.791697019000026], [16.578418132000024, 48.79237788900008], [16.56512288400006, 48.794283997000036], [16.548699288000023, 48.80776009600004], [16.54074828800003, 48.814284153000074], [16.534050295000043, 48.81082715200006], [16.53278371400006, 48.807672525000044], [16.53200245100004, 48.80714868000007], [16.51975150800007, 48.798934290000034], [16.515682060000074, 48.80150886300004], [16.514359373000048, 48.80234567300005], [16.506825985000035, 48.80232781800004], [16.479243961000066, 48.80226244500005], [16.47307266100006, 48.805449116000034], [16.46447227300007, 48.809890093000035], [16.460280132000037, 48.80799143400003], [16.460175760000027, 48.80633544300008], [16.46004035900006, 48.80418713600005], [16.457495952000045, 48.803108724000026], [16.448695953000026, 48.79937896400003], [16.446871548000047, 48.79035417700004], [16.436375162000047, 48.777997861000074], [16.436465441000053, 48.77778618100007], [16.438616310000043, 48.772742995000044], [16.434997805000023, 48.76563004900004], [16.431655773000045, 48.76402071900003], [16.430018885000038, 48.76323241800003], [16.428241377000063, 48.762625667000066], [16.422642694000047, 48.761142404000054], [16.421256206000066, 48.76077508100008], [16.413708975000077, 48.75360420900006], [16.410383369000044, 48.74638112300005], [16.408726186000024, 48.74278178700007], [16.395992956000043, 48.737047258000075], [16.389980768000044, 48.73789705400003], [16.38924707900003, 48.738000758000055], [16.38855239000003, 48.73735603500006], [16.379891717000078, 48.72931829800007], [16.360619873000076, 48.72838566300004], [16.352774475000047, 48.73336344300003], [16.354162634000033, 48.73670441100006], [16.355106681000052, 48.738976508000064], [16.343077142000027, 48.74450419400006], [16.34038434100006, 48.74255102200004], [16.338921455000047, 48.739252633000035], [16.336310335000064, 48.73336530700004], [16.33181845300004, 48.73168274300008], [16.318808757000056, 48.73301463400003], [16.312070206000044, 48.73370450500005], [16.301495424000052, 48.73954394200007], [16.273017840000023, 48.741277069000034], [16.26832260200007, 48.74133701300008], [16.261558172000036, 48.737444495000034], [16.22350033500004, 48.74010387200008], [16.207892827000023, 48.74242191500008], [16.204405735000023, 48.74293998600007], [16.19541730800006, 48.74312903200007], [16.156405509000024, 48.74797310900004], [16.152297133000047, 48.74496128800007], [16.149885837000056, 48.74319358400004], [16.146247414000072, 48.74373601800005], [16.143065480000075, 48.74421060200007], [16.13926873500003, 48.745407416000035], [16.136213507000036, 48.74331435100004], [16.121280795000075, 48.74718660700006], [16.117168004000064, 48.748253110000064], [16.11432962500004, 48.74768533000008], [16.10288451200006, 48.745395889000065], [16.098523400000033, 48.74603611100008], [16.092822788000035, 48.746872601000064], [16.088976599000034, 48.747823022000034], [16.080344273000037, 48.749800539000034], [16.074805481000055, 48.751931427000045], [16.069582335000064, 48.75339806900007], [16.066624150000052, 48.75427098700004], [16.06466834200006, 48.75484787500005], [16.059887133000075, 48.75734130700005], [16.052833106000037, 48.761020030000054], [16.04859635400004, 48.762027139000054], [16.022874009000077, 48.770247088000076], [15.995510349000028, 48.778991543000075], [15.982714980000026, 48.787200495000036], [15.97006286800007, 48.79531754000004], [15.964449839000054, 48.79823555000007], [15.950393891000033, 48.805542728000034], [15.952615671000046, 48.81422782700008], [15.954344267000067, 48.81555087700008], [15.959882777000075, 48.81978999900008], [15.943646305000073, 48.826814203000026], [15.940233299000056, 48.822981053000035], [15.938311742000053, 48.820822951000025], [15.929758293000077, 48.82162816700003], [15.926051682000036, 48.82510257900003], [15.926556417000029, 48.82692311900007], [15.928294696000023, 48.833192954000026], [15.917148670000074, 48.83874637100007], [15.90932792600006, 48.837282935000076], [15.904839457000037, 48.83644304200004], [15.903602338000042, 48.84072583900007], [15.903114671000026, 48.84241410100003], [15.895613962000027, 48.848472213000036], [15.88766677500007, 48.844427858000074], [15.884513036000044, 48.84282290800007], [15.880560394000042, 48.847503440000025], [15.879294034000054, 48.852975264000065], [15.878113917000064, 48.85807444400007], [15.873203397000054, 48.85964590400005], [15.873279328000024, 48.85571650500003], [15.873300025000049, 48.85464541400006], [15.86554387800004, 48.85277022000008], [15.844923504000064, 48.85927855400007], [15.842929537000032, 48.86197342600008], [15.846970316000068, 48.86460388000006], [15.851358555000047, 48.867460522000044], [15.84521692100003, 48.87243163200003], [15.844999529000063, 48.87569356200004], [15.838179603000071, 48.87671796700005], [15.832282321000037, 48.87366020400003], [15.828087523000022, 48.87148518500004], [15.799616480000054, 48.873398988000076], [15.793017787000053, 48.87384254700004], [15.780592802000058, 48.874534941000036], [15.774747263000052, 48.86969155600008], [15.753633425000032, 48.85217844500005], [15.751158200000077, 48.852142953000055], [15.74902204700004, 48.852583862000074], [15.745388166000055, 48.85333390800008], [15.741729766000049, 48.85443545000004], [15.738102831000049, 48.85514591900005], [15.735601135000024, 48.855371020000064], [15.729020010000056, 48.85596251900006], [15.72497304600006, 48.85632595900006], [15.713585308000063, 48.85805144200003], [15.714713044000064, 48.85965101700003], [15.710128183000052, 48.86049251600008], [15.698017812000046, 48.85706798900003], [15.692573357000072, 48.855528425000045], [15.684414453000045, 48.86109200800007], [15.653526869000075, 48.88215435200004], [15.63595630900005, 48.88709443600004], [15.635214810000036, 48.88552410700004], [15.63492903100007, 48.88491889100004], [15.630000547000066, 48.885606332000066], [15.619804295000051, 48.893176829000026], [15.615639351000027, 48.89626921000007], [15.613974573000064, 48.89750527100006], [15.606507817000022, 48.89708339600003], [15.592097584000044, 48.89626921000007], [15.587094070000035, 48.89598650900007], [15.580375779000065, 48.89572459000004], [15.576606653000056, 48.89626921000007], [15.55976344800007, 48.90404022000007], [15.542449604000069, 48.90769691100007], [15.549571836000041, 48.91777320400007], [15.549989939000056, 48.923239247000026], [15.55796721300004, 48.922410064000076], [15.562815489000059, 48.93071077500008], [15.570688993000033, 48.93520430900003], [15.56813079400007, 48.94118217600004], [15.578062031000059, 48.93893374000004], [15.581134249000058, 48.943564500000036], [15.586756448000074, 48.94715961600008], [15.58898277000003, 48.95454941400004], [15.601946663000035, 48.95365748300003], [15.602668116000075, 48.95754890000006], [15.612507640000047, 48.95856187500004], [15.616623251000021, 48.953573077000044], [15.61817994100005, 48.95168611200006], [15.623899321000067, 48.95033497800006], [15.621923958000025, 48.94544760800005], [15.62397790600005, 48.942470925000066], [15.636026231000073, 48.942151968000076], [15.639424461000033, 48.943309932000034], [15.646811638000031, 48.93833609500007], [15.651850204000027, 48.94666459300004], [15.65847007700006, 48.94820792500008], [15.657735999000067, 48.95140832700008], [15.66349243600007, 48.95569826000008], [15.663047153000036, 48.95859425900005], [15.662089521000041, 48.964822440000034], [15.674942937000026, 48.96308484600007], [15.685705054000039, 48.96162996500004], [15.68991311800005, 48.96477138300003], [15.692596674000072, 48.966774721000036], [15.704819025000063, 48.96753131600008], [15.716613659000075, 48.961507262000055], [15.721776473000034, 48.95609157300004], [15.725806612000042, 48.95186403900004], [15.730668163000075, 48.947067118000064], [15.737951164000037, 48.95210646600003], [15.741044940000052, 48.95821975900003], [15.740572174000022, 48.95995455900004], [15.739861144000031, 48.96256365900007], [15.745643420000022, 48.96818441700003], [15.749439389000031, 48.96795420900003], [15.754922198000031, 48.96762170100004], [15.756306197000072, 48.97414917000003], [15.757070074000069, 48.97775190600004], [15.75815385900006, 48.98076896500004], [15.772441092000065, 48.98054613800008], [15.781289037000022, 48.980408143000034], [15.792018407000057, 48.98418211300003], [15.794312305000062, 48.98918956000006], [15.79472137700003, 48.99008254100005], [15.796430611000062, 48.99092895000007], [15.802236859000061, 48.99380419400006], [15.801726658000064, 48.99527765900007], [15.80025626400004, 48.999524164000036], [15.813818231000027, 49.00520633300005], [15.814022746000035, 49.00529202000007], [15.81428754500007, 49.00559169700006], [15.818030929000031, 49.009828146000075], [15.82725898600006, 49.00778549200004], [15.834753013000068, 49.013293023000074], [15.844872545000044, 49.01123983800005], [15.850344539000048, 49.01491350900005], [15.864455637000049, 49.01167675700003], [15.867536615000063, 49.01097005400004], [15.866694216000042, 49.007028415000036], [15.871377967000058, 49.008828633000064], [15.875416940000036, 49.00844566200004], [15.873087610000027, 49.01266422500004], [15.878082659000029, 49.01499206900007], [15.879716834000021, 49.024167599000066], [15.882915470000057, 49.02861398700003], [15.88608831700003, 49.03302452500003], [15.88378056700003, 49.039332013000035], [15.904853033000052, 49.03500683800007], [15.905226730000038, 49.03425363800005], [15.907207150000033, 49.03026202700005], [15.91063394400004, 49.02953979600005], [15.918838876000052, 49.03034114800005], [15.934710488000064, 49.03898561900007], [15.933592301000033, 49.043052430000046], [15.931386214000042, 49.05107589800008], [15.942472648000034, 49.048660717000075], [15.94553853800005, 49.047992812000075], [15.950450918000058, 49.05090284600004], [15.96108842600006, 49.057204375000026], [15.971634320000078, 49.045786416000055], [15.971949922000022, 49.04247236600003], [15.972169507000046, 49.04016655700008], [15.97586625200006, 49.037435499000026], [15.980092170000034, 49.03851954600003], [15.982897105000063, 49.03353082500007], [15.993359259000044, 49.02866046200006], [16.007725975000028, 49.02723091800004], [16.02147325100003, 49.029487981000045], [16.024774083000068, 49.035440065000046], [16.032415437000054, 49.03650734000007], [16.032078778000027, 49.03988998400007], [16.03156156700004, 49.04508674600004], [16.03686000700003, 49.046094399000026], [16.039120405000062, 49.04252826000004], [16.039739361000045, 49.04238389000005], [16.048232262000056, 49.04040293800006], [16.054474369000047, 49.04129426000003], [16.06209672400007, 49.03646584000006], [16.075634052000055, 49.03903014600007], [16.085036332000072, 49.03171331600004], [16.086861749000036, 49.03258551600004], [16.084886251000057, 49.03682414900004], [16.08766531200007, 49.03882089200005], [16.099120479000078, 49.03763982100003], [16.103770858000075, 49.04043213300008], [16.119554829000037, 49.038302646000034], [16.125431348000063, 49.04406609600005], [16.126787747000037, 49.04539639600006], [16.129401229000052, 49.04548964000003], [16.14163558300004, 49.04592613600005], [16.14533033600003, 49.04896211500005], [16.138288463000038, 49.05300507000004], [16.130228631000023, 49.057632467000076], [16.13823115100007, 49.06729989100006], [16.168407079000076, 49.07322865000003], [16.17121007700007, 49.072064975000046], [16.17616138900007, 49.07000941900003], [16.197685327000045, 49.07389726400004], [16.21056688300007, 49.072430602000054], [16.215968776000068, 49.075707960000045], [16.216442149000045, 49.07866871900006], [16.226724371000046, 49.08543725800007], [16.221239462000028, 49.08974892600003], [16.216169551000064, 49.093734366000035], [16.22462665200004, 49.09845906700008], [16.229346512000063, 49.09871460100004], [16.246532023000043, 49.099645029000044], [16.25602288600004, 49.109571620000054], [16.24848034000007, 49.11169603600007], [16.24495179400003, 49.113949492000074], [16.239934878000042, 49.11591391300004], [16.236793437000074, 49.117143973000054], [16.226909015000047, 49.12124693800007], [16.225035615000024, 49.12202454200008], [16.218807095000045, 49.124764850000076], [16.20394890600005, 49.134481797000035], [16.205202901000064, 49.13808652400007], [16.211190631000022, 49.14020763000008], [16.219751118000033, 49.135594956000034], [16.220840173000056, 49.13500813700006], [16.233598518000065, 49.136128453000026], [16.24467277800005, 49.14614663100008], [16.238896874000034, 49.15078748600007], [16.237457280000058, 49.15425066600005], [16.235756496000022, 49.15834218300006], [16.226573054000028, 49.16422447200006], [16.227441918000068, 49.16647994900006], [16.235352807000027, 49.17463425700004], [16.246937992000028, 49.17462819600007], [16.254664767000065, 49.17462415300008], [16.26061424100004, 49.177486601000055], [16.260268129000053, 49.18001294000004], [16.26998573800006, 49.17752610700006], [16.274599310000042, 49.18361764100007], [16.269755690000068, 49.18572610000007], [16.26910054800004, 49.18601128700004], [16.267716088000043, 49.194530601000054], [16.26823471700004, 49.19468180700005], [16.27189809500004, 49.19574986600003], [16.273264588000075, 49.20120114700006], [16.266698422000047, 49.20540041500004], [16.24508007700007, 49.21159062900006], [16.243565232000037, 49.21147382400005], [16.235044897000023, 49.210816847000046], [16.23670353800003, 49.220699652000064], [16.237146042000063, 49.230250098000056], [16.24591721200005, 49.240059563000045], [16.251247738000075, 49.25153233800006], [16.264418982000052, 49.25235043300006], [16.268583809000063, 49.252609119000056], [16.287635676000036, 49.25773838300006], [16.287367774000074, 49.26388208700007], [16.278195038000035, 49.270022125000025], [16.269894669000053, 49.27236330200003], [16.258086954000078, 49.27569375000007], [16.255470305000074, 49.28386917600005], [16.26073111000005, 49.29292209500005], [16.269828732000065, 49.294091223000066], [16.27294610900003, 49.29449183400004], [16.280709220000062, 49.302702500000066], [16.285093806000077, 49.302735066000025], [16.294028293000054, 49.312424960000044], [16.28970014400005, 49.32057508300005], [16.287894168000037, 49.321984361000034], [16.286148624000077, 49.32082315000008], [16.280407059000026, 49.32094816000006], [16.277636164000057, 49.32044258500008], [16.274599567000053, 49.31829391400004], [16.273262265000028, 49.31673543100004], [16.272509909000064, 49.315858640000044], [16.270015331000025, 49.317779786000074], [16.26951726300007, 49.31816336300005], [16.26655782900002, 49.31889187000007], [16.23934557700005, 49.325590549000026], [16.246952574000034, 49.33169981700007], [16.248020604000033, 49.33170282000003], [16.27228616000002, 49.331771040000035], [16.27134871000004, 49.334782887000074], [16.254534715000034, 49.33714582700003], [16.236294996000026, 49.34899895400008], [16.234648341000025, 49.350402863000056], [16.22924006900007, 49.349786650000055], [16.22354103200007, 49.349137307000035], [16.217094015000043, 49.35558998600004], [16.22645867800003, 49.36256626800008], [16.23177656000007, 49.36652786800005], [16.22738954500005, 49.368972529000075], [16.226168345000076, 49.36965304200004], [16.227512339000043, 49.36981760500004], [16.230322009000076, 49.37016163100003], [16.234650651000038, 49.37379762900008], [16.234138897000037, 49.37813689200004], [16.235844001000032, 49.37989391800005], [16.230384620000052, 49.38720515500006], [16.230147957000042, 49.38795602600004], [16.228185584000073, 49.39418211700007], [16.23483891500007, 49.39365860000004], [16.239415148000035, 49.401967048000074], [16.244705570000065, 49.40274836200007], [16.246056043000067, 49.40324024300003], [16.248924342000066, 49.40428496000004], [16.253603098000042, 49.404049988000054], [16.25728896800007, 49.40578738600004], [16.25973622500004, 49.40558752100003], [16.255627496000045, 49.412078113000064], [16.25410953100004, 49.41447605400003], [16.26050814900003, 49.41872277300007], [16.262311238000052, 49.42512692500003], [16.269580192000035, 49.428957540000056], [16.27554151100003, 49.43038547700007], [16.28515376000007, 49.43260235400004], [16.29079309800005, 49.42967590900008], [16.293676322000067, 49.42817970600004], [16.314211371000056, 49.43089533800003], [16.322197723000045, 49.42893057900005], [16.32866455900006, 49.43732439000007], [16.336482713000066, 49.44016163500004], [16.332866766000052, 49.44662614600003], [16.322485349000033, 49.44995632400003], [16.313593741000034, 49.448975275000066], [16.29211144100003, 49.446605040000065], [16.29190567200004, 49.449912468000036], [16.311176154000066, 49.45731680000006], [16.314474878000055, 49.46568803000008], [16.33121250100004, 49.47066512500004], [16.351928403000045, 49.469430061000025], [16.349526646000072, 49.46302250600007], [16.34850904600006, 49.460307690000036], [16.35076720400002, 49.45454236200004], [16.352284071000042, 49.44994619500005], [16.357612033000066, 49.450168], [16.36321650900004, 49.45275663600006], [16.36755189300004, 49.448980592000055], [16.37862248600004, 49.451871622000056], [16.381055210000056, 49.45709612500008], [16.377769511000054, 49.46049848700005], [16.373671482000077, 49.46474202200005], [16.380079997000053, 49.46694733800007], [16.388541458000077, 49.469859119000034], [16.38946433600006, 49.47611398200007], [16.380680204000043, 49.47639242900004], [16.380627541000024, 49.47644534400007], [16.37763061900006, 49.479456576000075], [16.377751482000065, 49.48095168700007], [16.377991218000034, 49.48391729600007], [16.375886689000026, 49.48387353100003], [16.371130383000036, 49.483774622000055], [16.363816373000077, 49.48714248700003], [16.36107415300006, 49.492091654000035], [16.35832276600007, 49.50067488800005], [16.364160637000055, 49.50105659600007], [16.368200666000064, 49.497928468000055], [16.370904843000062, 49.494555098000035], [16.37299930100005, 49.491942331000075], [16.379250901000034, 49.491850397000064], [16.396671758000025, 49.50157040600004], [16.40306720500007, 49.509443376000036], [16.409716638000077, 49.51108202100005], [16.417485689000046, 49.523490346000074], [16.41613244800004, 49.53027864100005], [16.40792260300003, 49.53906652900008], [16.399219285000072, 49.53969941200006], [16.393959797000036, 49.54008186900006], [16.388787113000035, 49.53908186600006], [16.379394621000074, 49.543189839000036], [16.373084693000067, 49.553841643000055], [16.382307018000063, 49.556393125000056], [16.38541487400005, 49.55725295600007], [16.389654622000023, 49.56192291700006], [16.393628169000067, 49.58061059900007], [16.403283670000064, 49.57440608600007], [16.41646307800005, 49.583479612000076], [16.41960990900003, 49.58560090700007], [16.41756328500003, 49.58947458400007], [16.416457268000045, 49.59156796000008], [16.41824957500006, 49.59541949900006], [16.425002910000046, 49.594214314000055], [16.428387215000043, 49.59361035900008], [16.435016958000062, 49.59590965400008], [16.442052044000036, 49.59834952800003], [16.449924576000058, 49.595815093000056], [16.44765492600004, 49.592892111000026], [16.446263911000074, 49.591100684000025], [16.44825245000004, 49.58827398400007], [16.471733997000058, 49.591834375000076], [16.480163454000035, 49.59632505500008], [16.486945087000038, 49.59993787900004], [16.492673667000076, 49.59948534800003], [16.494278868000038, 49.59782052700007], [16.49540234500006, 49.596772541000064], [16.496794548000025, 49.59547388500005], [16.49917288300003, 49.59288788400005], [16.506962153000075, 49.59120406000005], [16.50877662000005, 49.59196455600005], [16.540030270000045, 49.59113368800007], [16.542569704000073, 49.59315367500005], [16.540661871000054, 49.59821556800006], [16.544033107000075, 49.59997737000003], [16.543438773000048, 49.60825814000003], [16.54739184300007, 49.61312936100006], [16.548166569000045, 49.61957370700003], [16.549179716000026, 49.62800128400005], [16.555395872000076, 49.63074253600007], [16.558672700000045, 49.630170597000074], [16.561706300000026, 49.62946633900003], [16.563230863000058, 49.62764927300003], [16.564100617000065, 49.62661264800005], [16.567688172000032, 49.62844694300003], [16.57297766800002, 49.631151429000056], [16.58001463900007, 49.626681778000034], [16.585950629000024, 49.62291143300007], [16.589268565000054, 49.62425233700003], [16.591749237000045, 49.62525487100004], [16.599327901000038, 49.62285857000006], [16.603522935000058, 49.621532141000046], [16.618619936000073, 49.62688483300008], [16.619668543000046, 49.629266304000055], [16.62145633700004, 49.63332653000003], [16.635551639000028, 49.62688465800005]]], [[[15.901006874000075, 48.835796936000065], [15.893329170000072, 48.83471042600007], [15.889872103000073, 48.83874081700003], [15.891321240000025, 48.84069715600003], [15.893138649000036, 48.84315066400006], [15.895936894000045, 48.84053539400003], [15.901006874000075, 48.835796936000065]]]]}}, {"type": "Feature", "properties": {"NUTS_ID": "CZ080", "LEVL_CODE": 3, "CNTR_CODE": "CZ", "NAME_LATN": "Moravskoslezský kraj", "NUTS_NAME": "Moravskoslezský kraj", "MOUNT_TYPE": null, "URBN_TYPE": 2, "COAST_TYPE": null, "NAME_ENGL": "Czechia", "NAME_FREN": "Tchéquie", "ISO3_CODE": "CZE", "SVRG_UN": "UN Member State", "CAPT": "Prague", "EU_STAT": "T", "EFTA_STAT": "F", "CC_STAT": "F", "NAME_GERM": "Tschechien"}, "geometry": {"type": "MultiPolygon", "coordinates": [[[[17.726538695000045, 50.27281853900007], [17.725646846000075, 50.262451860000056], [17.726129360000073, 50.25662674500006], [17.742199295000034, 50.24715055300004], [17.754741825000053, 50.24076791200008], [17.76422529200005, 50.23594196600004], [17.75916376200007, 50.225998753000056], [17.75742077700005, 50.222574714000075], [17.75806327500004, 50.220345241000075], [17.75931205100005, 50.216011982000055], [17.75757846500005, 50.20709141200007], [17.741266481000025, 50.202624736000075], [17.72691110100004, 50.20451273000003], [17.718960365000044, 50.20555839700006], [17.711451961000023, 50.19926883000005], [17.710897376000048, 50.19607169900007], [17.71040051600005, 50.19320735200006], [17.703971886000033, 50.18537755500006], [17.69438860100007, 50.18399240700006], [17.69089279600007, 50.18348713000006], [17.67610051500003, 50.18090919300005], [17.637211957000034, 50.17413185600003], [17.625493403000064, 50.169973576000075], [17.613004638000064, 50.170271771000046], [17.604372313000056, 50.170477885000025], [17.593850943000064, 50.160686534000035], [17.611184183000034, 50.14070134600007], [17.61565003900006, 50.13897386900004], [17.626381095000056, 50.13482289600006], [17.640267596000058, 50.13008180800006], [17.64872751200005, 50.116267847000074], [17.652199710000048, 50.110598193000044], [17.675869851000073, 50.10395591900004], [17.679138005000027, 50.10926585200008], [17.683670371000062, 50.11662981400008], [17.696974087000058, 50.11674922200007], [17.70652079100006, 50.113460959000065], [17.730914942000027, 50.09716815100006], [17.73077445100006, 50.092895052000074], [17.730597404000036, 50.08751006500006], [17.74455696900003, 50.079909530000066], [17.749898725000037, 50.07700111500003], [17.757358558000078, 50.06684482000003], [17.756894346000024, 50.06205168200006], [17.75677945500007, 50.06086539100005], [17.75835362600003, 50.05942091900005], [17.770454353000048, 50.048317189000045], [17.773224025000047, 50.04216500200005], [17.77057224500004, 50.03739340900006], [17.770176727000035, 50.03668171700008], [17.77184411500002, 50.03510050300008], [17.776697811000076, 50.03049765600008], [17.775493999000048, 50.028520557000036], [17.773035115000027, 50.02448217300008], [17.777956991000053, 50.020639567000046], [17.791095210000037, 50.01855381400003], [17.79341049100003, 50.01818625200008], [17.79352573500006, 50.01792446200005], [17.795012107000048, 50.01454798100008], [17.81736978300006, 50.01175036600006], [17.828623368000024, 50.010342206000075], [17.835794215000078, 50.00353097400006], [17.83028351200005, 49.99792564200004], [17.826658141000053, 49.994238016000054], [17.837668260000044, 49.990498728000034], [17.850195393000035, 49.98624422700004], [17.858444347000045, 49.98032031400004], [17.86827082900004, 49.97326351400005], [17.875708148000058, 49.975651490000075], [17.88950720400004, 49.98008209400007], [17.90174371100005, 49.97776909300006], [17.90636134700003, 49.97689624600008], [17.922867816000064, 49.97875501400006], [17.941013785000052, 49.993757636000055], [17.954118496000035, 50.00459227500005], [17.970727348000025, 50.00847834700005], [17.971328768000035, 50.00831594500005], [17.98330508300006, 50.00508197900007], [17.989904834000072, 50.01322116000006], [17.990110925000067, 50.01347532300008], [18.003392401000042, 50.01748581000004], [18.006139408000024, 50.01420591400006], [18.008442243000047, 50.011456354000074], [18.037173212000027, 50.00879484400008], [18.044708155000023, 50.00688244000003], [18.042436097000063, 50.01415738700007], [18.046378395000033, 50.01592189200005], [18.044106858000077, 50.022170954000046], [18.04826296500005, 50.02830845700004], [18.04305312200006, 50.03661598600007], [18.025623005000057, 50.03840451200006], [18.01749937900007, 50.03329714500006], [18.013230649000036, 50.03061337100007], [18.005259351000063, 50.03694410600008], [18.006303546000026, 50.05324587500007], [18.03506107900006, 50.06577202200003], [18.050690788000054, 50.05875975500004], [18.05085593900003, 50.058757134000075], [18.060950714000057, 50.05859695300006], [18.06364572900003, 50.053076873000066], [18.063812856000027, 50.05273455300005], [18.064309723000065, 50.05278197600006], [18.06580861900005, 50.05292503800007], [18.067624085000034, 50.05312802800006], [18.06774941200007, 50.05125432600005], [18.067978786000026, 50.04782505900005], [18.079783035000048, 50.04590989600007], [18.08797678600007, 50.04458051300003], [18.087111030000074, 50.03945384700006], [18.08597737300005, 50.03274077900005], [18.093463434000057, 50.028300933000025], [18.095874424000044, 50.026871018000065], [18.101969275000044, 50.02215418600008], [18.098575509000057, 50.01932566200003], [18.093351751000057, 50.01497193700004], [18.106142916000067, 50.000118099000076], [18.118611590000057, 49.994502641000054], [18.121809450000057, 49.99512253800003], [18.133252205000076, 49.997340687000076], [18.146832051000047, 49.99110545500008], [18.150668497000026, 49.98646607500007], [18.15360921900003, 49.98290988600007], [18.169480646000068, 49.98736316800006], [18.169330901000023, 49.99380044800006], [18.169230138000046, 49.99813207700004], [18.18301776000004, 50.00039900200005], [18.189754657000037, 49.997150618000035], [18.194013406000067, 49.995097143000066], [18.199831032000077, 49.99570731600005], [18.207348221000075, 49.99649574600005], [18.213153695000074, 49.98713892200004], [18.21420104400005, 49.97984482100003], [18.21534494800005, 49.97187827600004], [18.221607127000027, 49.96824249100007], [18.227533852000022, 49.96950173500005], [18.228114220000066, 49.96962504500004], [18.239907753000068, 49.97043415600007], [18.276418858000056, 49.96391411700006], [18.281429495000054, 49.951197172000036], [18.280564183000024, 49.94682150700004], [18.279254156000036, 49.94019702600008], [18.289969518000078, 49.92937824200004], [18.29670236100003, 49.92845860500006], [18.29821818700003, 49.928251559000046], [18.298711041000047, 49.927414534000036], [18.30115267800005, 49.923267846000044], [18.321821200000045, 49.91581996000008], [18.32897673800005, 49.922916601000054], [18.329560996000055, 49.92492515100008], [18.330837572000064, 49.92931373600004], [18.33658237900005, 49.92780507200007], [18.340996376000078, 49.92664589600008], [18.343688636000024, 49.92938035900005], [18.34325571200003, 49.930542235000075], [18.342323948000057, 49.933042888000045], [18.344798148000052, 49.93370860200008], [18.350665349000053, 49.93528724500004], [18.346436982000057, 49.93954557400008], [18.342301098000064, 49.939831481000056], [18.335525150000024, 49.94029989100005], [18.333537070000034, 49.94898211900005], [18.35512803900002, 49.94386143400004], [18.361212952000074, 49.94075193600003], [18.368305039000063, 49.93712775400007], [18.383079047000024, 49.934937932000025], [18.402313805000063, 49.936351580000064], [18.41832854200004, 49.937528575000044], [18.429333392000046, 49.937974369000074], [18.43103973700005, 49.934398531000056], [18.433811852000076, 49.92858925300004], [18.44460828600006, 49.923879698000064], [18.456286445000046, 49.92274755300008], [18.46218487300007, 49.92217572700008], [18.464761390000035, 49.91883649300007], [18.466289292000056, 49.916856291000045], [18.47869189200003, 49.91146407000008], [18.490414698000052, 49.90472188200005], [18.533586504000027, 49.90022571900005], [18.545875012000067, 49.90871885000007], [18.541630222000038, 49.911789671000065], [18.540732513000023, 49.91243910400004], [18.54238967300006, 49.92166819100004], [18.539701017000027, 49.92576010400006], [18.55296815400004, 49.92068285900007], [18.558996528000023, 49.91837584000007], [18.56528000900005, 49.91941085800005], [18.573020721000034, 49.92068591100008], [18.575724146000027, 49.91042295900007], [18.578825091000056, 49.90445813800005], [18.572613846000024, 49.89397096600004], [18.572010041000055, 49.892951491000076], [18.572139295000056, 49.89146081700005], [18.57245603700005, 49.88780784100004], [18.571223745000054, 49.88661799800008], [18.56628491600003, 49.881849300000056], [18.56977880900007, 49.87506009800006], [18.58105881000006, 49.86738023600003], [18.588716711000075, 49.86686785100005], [18.59844354300003, 49.86621703600008], [18.60492946100004, 49.86122205800007], [18.60291494300003, 49.857389057000034], [18.596598786000072, 49.85561832600007], [18.58567189400003, 49.85255497900005], [18.587881177000042, 49.846125760000064], [18.58822299600007, 49.845131036000055], [18.58524973300007, 49.84326039100006], [18.56967273300006, 49.83346003300005], [18.570757462000074, 49.827148642000054], [18.575776578000045, 49.822964986000045], [18.582642892000024, 49.817241608000074], [18.58376040400003, 49.810765282000034], [18.58441516000005, 49.806970773000046], [18.587871541000027, 49.80448325100008], [18.59207189800003, 49.80146029600007], [18.59823691500003, 49.79152384200006], [18.599370145000023, 49.79015706700005], [18.598926456000072, 49.787590763000026], [18.59835506400003, 49.784285830000044], [18.609973168000067, 49.77052122600003], [18.614231989000075, 49.76019602900004], [18.61492897100004, 49.75416895600006], [18.624279955000077, 49.748849291000056], [18.628613294000047, 49.74638410500006], [18.627661402000058, 49.73500692500005], [18.62663920500006, 49.72278943900005], [18.631653964000066, 49.71883692000006], [18.63239962800003, 49.71855534400004], [18.65319505900004, 49.70859165400003], [18.65878546400006, 49.70925930300007], [18.664822453000056, 49.709980286000075], [18.666045145000055, 49.70842289900003], [18.669683316000032, 49.70378882800003], [18.689500406000036, 49.70572056700007], [18.694945235000034, 49.706251320000035], [18.70651238100004, 49.70436034000005], [18.71685642400007, 49.68920786800004], [18.716947219000076, 49.687198385000045], [18.71711318800004, 49.68352512100006], [18.724666100000036, 49.683529210000074], [18.731121191000057, 49.68353270500006], [18.737896945000045, 49.67973060800006], [18.743522091000045, 49.676574155000026], [18.751738344000046, 49.67747145100003], [18.759046192000028, 49.68149731700004], [18.76308603700005, 49.68372285300006], [18.777949507000073, 49.68438499500007], [18.80458315800007, 49.67888909900006], [18.809458780000057, 49.67189435600005], [18.807781264000027, 49.65697283600008], [18.807151970000064, 49.651375259000076], [18.819671567000057, 49.624567099000046], [18.820029016000035, 49.61800746900008], [18.824175514000046, 49.61312104900003], [18.823073935000025, 49.60553299500003], [18.82669587600003, 49.596954915000026], [18.83475797500006, 49.59589183400004], [18.839078998000048, 49.59532205700003], [18.835863992000043, 49.59058691800004], [18.83181663700003, 49.58462587500003], [18.838069398000073, 49.56269287600003], [18.844319682000048, 49.56046723000003], [18.84681326200007, 49.559579298000074], [18.858784756000034, 49.54906529500005], [18.856574049000074, 49.53800975300004], [18.846646187000033, 49.53389740000006], [18.84343711400004, 49.53256812700005], [18.84365358200006, 49.52969368200007], [18.843756964000022, 49.52832088800005], [18.841676577000044, 49.52616725000007], [18.838496951000025, 49.52287566900003], [18.851551020000045, 49.51718893800006], [18.81930316100005, 49.51628752400006], [18.788799347000065, 49.50865013200007], [18.787620668000045, 49.50812962300006], [18.775273982000044, 49.50073049700006], [18.75486687600005, 49.488500920000035], [18.736402077000037, 49.490186203000064], [18.727646624000045, 49.494459078000034], [18.713029764000055, 49.501592462000076], [18.69867660700004, 49.500872310000034], [18.690396286000066, 49.50045685500004], [18.686102531000074, 49.503655894000076], [18.68262084400004, 49.50624990600005], [18.676427785000044, 49.50763213400006], [18.669396136000046, 49.50454219300008], [18.664375292000045, 49.502335867000056], [18.661886581000033, 49.503152560000046], [18.661641983000038, 49.503141940000035], [18.65997422500004, 49.50306952900007], [18.643933681000078, 49.500705614000026], [18.642615496000076, 49.49970611700007], [18.638923845000022, 49.496906968000076], [18.633138056000064, 49.497994670000026], [18.631250954000052, 49.49834943700006], [18.627772769000046, 49.49743332000003], [18.62148985500005, 49.495778468000026], [18.603062038000076, 49.497709343000054], [18.601729411000065, 49.50570916400005], [18.601683055000024, 49.50598744000007], [18.596961844000077, 49.51017400900008], [18.58721901800004, 49.50798348600006], [18.581810345000065, 49.50676743000008], [18.577087668000047, 49.50706431100008], [18.56837472500007, 49.507612032000054], [18.545682314000032, 49.50026390700003], [18.544420728000034, 49.49829241400005], [18.542732620000038, 49.496722430000034], [18.542194723000023, 49.49469305200006], [18.535966957000028, 49.49006446900006], [18.534914637000043, 49.48538175400006], [18.540804046000062, 49.47705815900008], [18.54717924700003, 49.468047986000045], [18.53638531400003, 49.46215145100007], [18.52532651100006, 49.45611022200006], [18.524781494000024, 49.45450692700007], [18.522982255000045, 49.449214049000034], [18.51460895300005, 49.44713011600004], [18.502669883000067, 49.43993993700008], [18.495838176000063, 49.435825614000066], [18.491270366000037, 49.43316452400006], [18.492145469000036, 49.43098444900005], [18.493231765000075, 49.42827824700004], [18.488020566000046, 49.42639992100004], [18.484214269000063, 49.42502797900005], [18.478766501000052, 49.419649], [18.477303241000072, 49.414488402000075], [18.475868381000055, 49.40942796400003], [18.46652927200006, 49.40617340500006], [18.45527702800007, 49.402252143000055], [18.453375107000056, 49.399650973000064], [18.450015031000078, 49.39505554900006], [18.43571176200004, 49.39274088700006], [18.42678988800003, 49.395084620000034], [18.41268049300004, 49.39879109000003], [18.40359555400005, 49.396745484000064], [18.366475156000035, 49.40505096600003], [18.369367786000055, 49.41370070500005], [18.37235554700004, 49.422634911000046], [18.365929879000078, 49.43236174400005], [18.36020267500004, 49.43354118700006], [18.359019696000075, 49.43378480600006], [18.358730576000028, 49.43501750200005], [18.357478738000054, 49.440354865000074], [18.350067636000063, 49.44586472300006], [18.340629942000078, 49.44775123000005], [18.323094207000054, 49.451256459000035], [18.306737105000025, 49.46638264300003], [18.30588848600007, 49.472207996000066], [18.30388216700004, 49.48598038200004], [18.29180933500004, 49.49165791200005], [18.26954455400005, 49.49307022200003], [18.262052038000036, 49.48603630000008], [18.261258248000047, 49.485291095000036], [18.253465808000044, 49.48253513900005], [18.249902301000077, 49.48302606900006], [18.24730071700003, 49.48426099800008], [18.24135787700004, 49.48510103000007], [18.240771290000055, 49.48541387200004], [18.23702273600003, 49.48741307200004], [18.229660487000046, 49.48775795500006], [18.224042783000073, 49.49013508100006], [18.22286809900004, 49.49179546400006], [18.21958328100004, 49.49186099600007], [18.216054735000057, 49.49279238100007], [18.211551282000073, 49.491570969000065], [18.207922349000057, 49.49095165400007], [18.20587395600006, 49.49014879500004], [18.203287044000035, 49.48913486600003], [18.19196565900006, 49.493763812000054], [18.173979673000076, 49.50852783100004], [18.163535095000043, 49.51710139100004], [18.15928966900003, 49.514300785000046], [18.158345902000065, 49.51367820400003], [18.135650845000043, 49.509467045000065], [18.13062984800007, 49.51465552800005], [18.12531783700007, 49.52014473200006], [18.096893781000063, 49.51695191300007], [18.093822224000064, 49.517500538000036], [18.091778015000045, 49.518488501000036], [18.086494936000065, 49.51832249100005], [18.083523765000052, 49.51851444000005], [18.081145930000048, 49.51785947500008], [18.079180133000023, 49.51670937500006], [18.055582580000078, 49.51408644900005], [18.051563584000064, 49.513817955000036], [18.048590416000025, 49.51293593500003], [18.045360536000032, 49.51240704000003], [18.041247645000055, 49.512220580000076], [18.037468381000053, 49.51153504800004], [18.03377252300004, 49.51140695600003], [18.02310791700006, 49.50815647500008], [18.012234333000038, 49.504842300000064], [17.99546945000003, 49.503877130000035], [17.992699927000047, 49.50576751400007], [17.99278545800007, 49.51257955600005], [17.99272140200003, 49.51445626800006], [17.992435477000072, 49.52283324800004], [17.973689359000048, 49.537752545000046], [17.967310508000025, 49.537857881000036], [17.966909576000035, 49.537134223000066], [17.966200551000043, 49.53585447300003], [17.962093980000077, 49.53719913700007], [17.954363709000063, 49.53973035300004], [17.91685655300006, 49.53780894000005], [17.91658927000003, 49.54119336900004], [17.906160270000044, 49.55112320900008], [17.906700638000075, 49.55621580300004], [17.884733770000025, 49.56769640700003], [17.872552255000073, 49.559419544000036], [17.870308726000076, 49.55671161500004], [17.862027158000046, 49.54671580000007], [17.854199953000034, 49.550702337000075], [17.853433882000047, 49.55560909600007], [17.85290249700006, 49.55901267100006], [17.85003617500007, 49.56021401700008], [17.843151656000032, 49.56309948900008], [17.852239824000037, 49.57064780600007], [17.852888697000026, 49.57065458100004], [17.862842184000044, 49.570758503000036], [17.86652446100004, 49.57606290100006], [17.861371228000053, 49.57916181400003], [17.85396810900005, 49.58361370400007], [17.852528604000042, 49.58862845500005], [17.852423722000026, 49.58899382900006], [17.852172623000058, 49.58900712700006], [17.847730524000042, 49.58924238600008], [17.84165695100006, 49.60019310900003], [17.838305587000036, 49.60623565700007], [17.824397770000076, 49.61226964900004], [17.823077417000036, 49.61284249200003], [17.82291878700005, 49.61301288300007], [17.814706310000076, 49.621834249000074], [17.807591009000078, 49.624722605000045], [17.795821798000077, 49.62842007300003], [17.787366889000054, 49.634903646000055], [17.782091518000072, 49.633529837000026], [17.778738345000022, 49.63265660600007], [17.77679768200005, 49.63619015200004], [17.77350012100004, 49.64219432900006], [17.770241315000078, 49.64417367300007], [17.767295826000066, 49.645962713000074], [17.76796183400006, 49.647068914000045], [17.77120192700005, 49.65245052100005], [17.757710700000075, 49.66204255500003], [17.750328522000075, 49.67264165300003], [17.738365092000038, 49.680173049000075], [17.736719936000043, 49.67865544400007], [17.734171245000027, 49.670080134000045], [17.73269894300006, 49.66512643800007], [17.721370024000066, 49.66356388200006], [17.717944932000023, 49.66783261100005], [17.692112119000058, 49.67636988100003], [17.68545089500003, 49.68212040100008], [17.686749939000038, 49.69386037700008], [17.68237914900004, 49.702073049000035], [17.68275591500003, 49.70899951200005], [17.68976185300005, 49.716633804000026], [17.697823029000062, 49.72541797700006], [17.697743453000044, 49.733115233000035], [17.692563923000023, 49.735518368000044], [17.69159937300003, 49.73476113600003], [17.688758801000063, 49.732531109000035], [17.68377957000007, 49.74463477000006], [17.680000862000043, 49.753820165000036], [17.658823393000034, 49.75974730300004], [17.649427391000074, 49.75711133400006], [17.64305336700005, 49.75532315600003], [17.641263739000067, 49.75568396300008], [17.63586441500007, 49.75677252100007], [17.624309852000067, 49.75274520900007], [17.617819308000037, 49.75384201700007], [17.61474211500007, 49.75104679800006], [17.61021480200003, 49.746934338000074], [17.605066538000074, 49.74935507500004], [17.603006421000032, 49.75032375100005], [17.594618902000036, 49.75033014700006], [17.58670552800004, 49.75033618200007], [17.58167869400006, 49.75286365100004], [17.57211959400007, 49.75799372900008], [17.560552805000043, 49.75868524900005], [17.55675976200007, 49.76351416000006], [17.552524837000078, 49.76890563100005], [17.541518176000068, 49.77317646400007], [17.533395649000056, 49.77165044600008], [17.527988866000044, 49.770634647000065], [17.520502215000022, 49.78134052100006], [17.522539331000075, 49.786014453000064], [17.524478800000054, 49.79046434500003], [17.514607212000044, 49.79314676300004], [17.49442048700007, 49.79863212400005], [17.499678483000025, 49.800208603000044], [17.498928728000067, 49.80629594200008], [17.499174507000077, 49.806517744000075], [17.50560146600003, 49.812317722000046], [17.501706961000025, 49.817878834000055], [17.495165024000073, 49.816491144000054], [17.49153390600003, 49.815720904000045], [17.492442435000044, 49.82073848600004], [17.48264316700005, 49.83073022600007], [17.480490575000033, 49.83741961000004], [17.486087463000047, 49.83907114600004], [17.490264145000026, 49.84030360700007], [17.485724936000054, 49.85271816200003], [17.479670115000033, 49.855033992000074], [17.47296205500004, 49.85759967200005], [17.475026454000044, 49.86658487900007], [17.47657448700005, 49.87332262600006], [17.46672740300005, 49.87129730600003], [17.451018628000043, 49.87425284700004], [17.448166824000054, 49.87260450800005], [17.446027222000055, 49.87158605700006], [17.44490947500003, 49.86991444900008], [17.441140698000027, 49.867024650000076], [17.445961762000024, 49.86527828000004], [17.44715001900005, 49.86484784900006], [17.454800429000045, 49.855720819000055], [17.455470588000026, 49.84774496600005], [17.46371601800007, 49.84001807000004], [17.462408571000026, 49.833874611000056], [17.456201599000053, 49.83509193800006], [17.454802209000036, 49.83536639000005], [17.45418563900006, 49.834608192000076], [17.44958305800003, 49.82894838200008], [17.438202543000045, 49.82455638500005], [17.435009121000064, 49.82722848700007], [17.43766364100003, 49.83064360600008], [17.43869590500003, 49.83197164400008], [17.431808284000056, 49.83465077500006], [17.426267868000025, 49.82790909900007], [17.424832516000038, 49.82616253800006], [17.418226739000033, 49.82597956600006], [17.409774559000027, 49.825745450000056], [17.408088572000054, 49.82194631500005], [17.409662165000043, 49.82018979500003], [17.413981216000025, 49.81536866400006], [17.400904110000056, 49.81081603300004], [17.40088518600004, 49.81081888400007], [17.392872504000024, 49.81202596500003], [17.389437343000054, 49.798596375000045], [17.387476341000024, 49.79092993300003], [17.372519104000048, 49.803557467000076], [17.356188906000057, 49.81267539400005], [17.369880471000045, 49.83281637600004], [17.379804439000054, 49.84741503300006], [17.355999809000025, 49.86261620800008], [17.342669175000026, 49.85931578600008], [17.33978902700005, 49.85724819100005], [17.335628910000025, 49.85426173500008], [17.33374875900006, 49.85529169200004], [17.33458310800006, 49.85660255300007], [17.336301091000053, 49.85930170900008], [17.333596472000067, 49.859642757000074], [17.328680277000046, 49.855870484000036], [17.32637631700004, 49.85410261900006], [17.32133161200005, 49.854959102000066], [17.315528939000046, 49.855944272000045], [17.31008528600006, 49.8511], [17.305309952000073, 49.84685046100003], [17.302616681000075, 49.846987771000045], [17.298562375000074, 49.84719447100008], [17.285774849000063, 49.83883863900007], [17.265026040000066, 49.83426172900005], [17.26122982000004, 49.82834349500007], [17.262699153000028, 49.82500910200008], [17.265754757000025, 49.81807494700007], [17.253313138000067, 49.82207171600004], [17.241616856000064, 49.82582905100003], [17.230822646000036, 49.82516116900007], [17.22316973900007, 49.82142653100004], [17.218064205000076, 49.81893501700006], [17.210218913000062, 49.82760392200004], [17.21400473800003, 49.83378950000008], [17.220958762000066, 49.845151531000056], [17.224148752000076, 49.857165362000046], [17.22146239700004, 49.860338530000035], [17.21690566700005, 49.853623405000064], [17.209512290000077, 49.85442559100005], [17.20811072300006, 49.851004774000046], [17.20730806000006, 49.84904570500004], [17.198912763000067, 49.85002591500006], [17.19479808400007, 49.850506333000055], [17.192699943000036, 49.849364739000066], [17.18510174200003, 49.84523057400003], [17.17228700900006, 49.85741757000005], [17.171869798000046, 49.858897529000046], [17.170595199000047, 49.86341886900004], [17.16433256700003, 49.86596633200003], [17.160968577000062, 49.86733470900003], [17.159029230000044, 49.87094007500008], [17.156498387000056, 49.87564506700005], [17.153067661000023, 49.876531141000044], [17.147394407000036, 49.87799640600008], [17.149680944000067, 49.886630085000036], [17.161491973000068, 49.89416761500007], [17.16389136500004, 49.895698852000066], [17.175123830000075, 49.91082499700008], [17.16956506100007, 49.91172256800007], [17.162392966000027, 49.91288064200006], [17.16279155600006, 49.920710245000066], [17.17516386400007, 49.92895582700004], [17.180427252000072, 49.93246363600008], [17.189248081000073, 49.93349372200004], [17.202862242000037, 49.949546128000065], [17.198952312000074, 49.95830491500004], [17.192449578000037, 49.964467830000046], [17.167055094000034, 49.97712388400004], [17.155207650000023, 49.98302839000007], [17.162567301000024, 49.98644280800005], [17.17195047200005, 49.99079601200003], [17.17027404600003, 49.998598291000064], [17.167557809000073, 50.011239971000066], [17.176187001000073, 50.01646721600008], [17.17969983200004, 50.01859515900003], [17.18063544000006, 50.02002744500004], [17.18771894200006, 50.030871303000026], [17.197170122000045, 50.03434442200006], [17.206328857000074, 50.04068053700007], [17.20663533800007, 50.04083600100006], [17.219877091000058, 50.04755294800003], [17.23298776400003, 50.06207967300003], [17.228690845000074, 50.07886737000007], [17.23138178000005, 50.084866041000055], [17.22702316500005, 50.09255310700007], [17.224245669000027, 50.09612756900003], [17.22220206800006, 50.09875755300004], [17.22051445900007, 50.10232414500007], [17.23538444600007, 50.111729712000056], [17.248333153000033, 50.11992003000006], [17.24517451300005, 50.12485628400003], [17.243306990000065, 50.12777480900007], [17.240441023000074, 50.14237358500003], [17.248959782000043, 50.14509575100004], [17.25932302700005, 50.148407322000025], [17.27256212800006, 50.159973602000036], [17.27989757200004, 50.16500156700005], [17.28057670900006, 50.16607726500007], [17.285060121000072, 50.17317863400007], [17.290163902000074, 50.17243948500004], [17.298500771000022, 50.17123210900007], [17.303020321000076, 50.174799205000056], [17.30663448200005, 50.18336963400003], [17.30756321800004, 50.18557198800005], [17.316672509000057, 50.18955316900008], [17.326623636000022, 50.18758526800008], [17.33790337000005, 50.18535462600005], [17.345424171000047, 50.188448176000065], [17.352563365000037, 50.19638746900006], [17.360628779000024, 50.20535678400006], [17.368403657000044, 50.21027274200003], [17.37211955400005, 50.21262225800007], [17.373329699000067, 50.21459081000006], [17.377897500000074, 50.22202128300006], [17.384039165000047, 50.21812828700007], [17.39701425800007, 50.209903808000035], [17.42318632000007, 50.211739487000045], [17.426632445000052, 50.229689903000065], [17.42539515200002, 50.23651983800005], [17.424797806000072, 50.239817223000045], [17.426705447000074, 50.24211995300004], [17.428792670000064, 50.24463945700006], [17.42960512700006, 50.254512987000055], [17.439965778000044, 50.25200235300008], [17.449204162000058, 50.25514462000007], [17.455822862000048, 50.25859011800003], [17.456654037000078, 50.26220753500007], [17.45820776200003, 50.268969619000075], [17.463965552000047, 50.267723653000076], [17.476264834000062, 50.27085898900003], [17.503492320000078, 50.27507093400004], [17.52728091000006, 50.272313101000066], [17.54555117800004, 50.270195012000045], [17.550702384000033, 50.270616904000065], [17.55982418700006, 50.27136399500006], [17.560016381000025, 50.27130778700007], [17.563242856000045, 50.270364192000045], [17.577230119000035, 50.27445818100006], [17.590657140000076, 50.278388190000044], [17.595086889000072, 50.275216906000026], [17.605858948000048, 50.26750512400008], [17.61731525600004, 50.266952512000046], [17.634601882000027, 50.27275800100006], [17.650323267000033, 50.27803535000004], [17.689131769000028, 50.30188903900006], [17.688515089000077, 50.31641399500006], [17.688051638000047, 50.32732987500003], [17.71840396300007, 50.32095011500007], [17.72146258500004, 50.31577564000003], [17.728835772000025, 50.30330193000003], [17.744109996000077, 50.30083887300003], [17.751560804000064, 50.299637387000075], [17.740796316000058, 50.28614767500005], [17.734229733000063, 50.27791864400007], [17.726538695000045, 50.27281853900007]], [[17.896748365000064, 49.56355111000005], [17.90213573500006, 49.56274190000005], [17.90475742600006, 49.565772794000054], [17.900814370000035, 49.56741321700008], [17.896748365000064, 49.56355111000005]]]]}}, {"type": "Feature", "properties": {"NUTS_ID": "CZ071", "LEVL_CODE": 3, "CNTR_CODE": "CZ", "NAME_LATN": "Olomoucký kraj", "NUTS_NAME": "Olomoucký kraj", "MOUNT_TYPE": 1, "URBN_TYPE": 2, "COAST_TYPE": null, "NAME_ENGL": "Czechia", "NAME_FREN": "Tchéquie", "ISO3_CODE": "CZE", "SVRG_UN": "UN Member State", "CAPT": "Prague", "EU_STAT": "T", "EFTA_STAT": "F", "CC_STAT": "F", "NAME_GERM": "Tschechien"}, "geometry": {"type": "MultiPolygon", "coordinates": [[[[16.963590486000044, 50.42477317600003], [16.97504804500005, 50.418451557000026], [16.98888753600005, 50.42325726400003], [16.999639614000046, 50.42699088000006], [17.00715861900005, 50.42283394800006], [17.013331494000056, 50.41942123300004], [17.01613647000005, 50.419888969000056], [17.023622628000055, 50.42113730400007], [17.030309704000047, 50.41573967900007], [17.037832878000074, 50.412771958000064], [17.05255119900005, 50.406965917000036], [17.080754135000063, 50.40273029900004], [17.086018764000073, 50.405209643000035], [17.086940381000034, 50.40564367300004], [17.110768953000047, 50.40495002700004], [17.111176928000077, 50.40141013900006], [17.111995611000054, 50.39430664200006], [17.12544791700003, 50.39305142100005], [17.12553855300007, 50.393042964000074], [17.12592814900006, 50.392770143000064], [17.14358018100006, 50.38040901000005], [17.15751712900004, 50.380767139000056], [17.165042339000024, 50.38315790100006], [17.185033125000075, 50.38950898000007], [17.196897927000066, 50.387823121000054], [17.20310630800003, 50.38514099300005], [17.20047088800004, 50.37724116000004], [17.199539154000036, 50.37444823000004], [17.201427486000057, 50.36473723900008], [17.21307779400007, 50.35629184100003], [17.23215684300004, 50.341752529000075], [17.232693107000046, 50.34174558600006], [17.249735401000066, 50.33140298600006], [17.289939653000033, 50.317503153000075], [17.312758423000048, 50.320757798000045], [17.314405157000067, 50.32140255000007], [17.328822583000033, 50.32704745700005], [17.348517022000067, 50.327450569000064], [17.34832139100007, 50.32365158500005], [17.341534172000024, 50.32187318100006], [17.340602880000063, 50.32162916100003], [17.33842029500005, 50.314820988000065], [17.34747377700006, 50.310015014000044], [17.352440861000048, 50.30737827400003], [17.347198610000078, 50.29845505900005], [17.34570366500003, 50.29591040500003], [17.34591626100007, 50.29456097000008], [17.347018105000075, 50.28756712000006], [17.34298695700005, 50.28566559300003], [17.337982810000028, 50.28330509500006], [17.341437151000036, 50.28095932000008], [17.342178020000063, 50.28045621000007], [17.343292588000054, 50.27710569000004], [17.346198577000052, 50.26836994700005], [17.350679955000032, 50.26447574600007], [17.36204316100003, 50.26535379000006], [17.362604041000054, 50.27106818800007], [17.363367699000037, 50.27884855100007], [17.36826880800004, 50.28217824300003], [17.390331050000043, 50.28234339000005], [17.395619881000073, 50.27993995400004], [17.40759768500004, 50.27449680600006], [17.413628906000042, 50.275469507000025], [17.41995577600005, 50.27648988900006], [17.430052458000034, 50.26479155000004], [17.42960512700006, 50.254512987000055], [17.428792670000064, 50.24463945700006], [17.426705447000074, 50.24211995300004], [17.424797806000072, 50.239817223000045], [17.42539515200002, 50.23651983800005], [17.426632445000052, 50.229689903000065], [17.42318632000007, 50.211739487000045], [17.39701425800007, 50.209903808000035], [17.384039165000047, 50.21812828700007], [17.377897500000074, 50.22202128300006], [17.373329699000067, 50.21459081000006], [17.37211955400005, 50.21262225800007], [17.368403657000044, 50.21027274200003], [17.360628779000024, 50.20535678400006], [17.352563365000037, 50.19638746900006], [17.345424171000047, 50.188448176000065], [17.33790337000005, 50.18535462600005], [17.326623636000022, 50.18758526800008], [17.316672509000057, 50.18955316900008], [17.30756321800004, 50.18557198800005], [17.30663448200005, 50.18336963400003], [17.303020321000076, 50.174799205000056], [17.298500771000022, 50.17123210900007], [17.290163902000074, 50.17243948500004], [17.285060121000072, 50.17317863400007], [17.28057670900006, 50.16607726500007], [17.27989757200004, 50.16500156700005], [17.27256212800006, 50.159973602000036], [17.25932302700005, 50.148407322000025], [17.248959782000043, 50.14509575100004], [17.240441023000074, 50.14237358500003], [17.243306990000065, 50.12777480900007], [17.24517451300005, 50.12485628400003], [17.248333153000033, 50.11992003000006], [17.23538444600007, 50.111729712000056], [17.22051445900007, 50.10232414500007], [17.22220206800006, 50.09875755300004], [17.224245669000027, 50.09612756900003], [17.22702316500005, 50.09255310700007], [17.23138178000005, 50.084866041000055], [17.228690845000074, 50.07886737000007], [17.23298776400003, 50.06207967300003], [17.219877091000058, 50.04755294800003], [17.20663533800007, 50.04083600100006], [17.206328857000074, 50.04068053700007], [17.197170122000045, 50.03434442200006], [17.18771894200006, 50.030871303000026], [17.18063544000006, 50.02002744500004], [17.17969983200004, 50.01859515900003], [17.176187001000073, 50.01646721600008], [17.167557809000073, 50.011239971000066], [17.17027404600003, 49.998598291000064], [17.17195047200005, 49.99079601200003], [17.162567301000024, 49.98644280800005], [17.155207650000023, 49.98302839000007], [17.167055094000034, 49.97712388400004], [17.192449578000037, 49.964467830000046], [17.198952312000074, 49.95830491500004], [17.202862242000037, 49.949546128000065], [17.189248081000073, 49.93349372200004], [17.180427252000072, 49.93246363600008], [17.17516386400007, 49.92895582700004], [17.16279155600006, 49.920710245000066], [17.162392966000027, 49.91288064200006], [17.16956506100007, 49.91172256800007], [17.175123830000075, 49.91082499700008], [17.16389136500004, 49.895698852000066], [17.161491973000068, 49.89416761500007], [17.149680944000067, 49.886630085000036], [17.147394407000036, 49.87799640600008], [17.153067661000023, 49.876531141000044], [17.156498387000056, 49.87564506700005], [17.159029230000044, 49.87094007500008], [17.160968577000062, 49.86733470900003], [17.16433256700003, 49.86596633200003], [17.170595199000047, 49.86341886900004], [17.171869798000046, 49.858897529000046], [17.17228700900006, 49.85741757000005], [17.18510174200003, 49.84523057400003], [17.192699943000036, 49.849364739000066], [17.19479808400007, 49.850506333000055], [17.198912763000067, 49.85002591500006], [17.20730806000006, 49.84904570500004], [17.20811072300006, 49.851004774000046], [17.209512290000077, 49.85442559100005], [17.21690566700005, 49.853623405000064], [17.22146239700004, 49.860338530000035], [17.224148752000076, 49.857165362000046], [17.220958762000066, 49.845151531000056], [17.21400473800003, 49.83378950000008], [17.210218913000062, 49.82760392200004], [17.218064205000076, 49.81893501700006], [17.22316973900007, 49.82142653100004], [17.230822646000036, 49.82516116900007], [17.241616856000064, 49.82582905100003], [17.253313138000067, 49.82207171600004], [17.265754757000025, 49.81807494700007], [17.262699153000028, 49.82500910200008], [17.26122982000004, 49.82834349500007], [17.265026040000066, 49.83426172900005], [17.285774849000063, 49.83883863900007], [17.298562375000074, 49.84719447100008], [17.302616681000075, 49.846987771000045], [17.305309952000073, 49.84685046100003], [17.31008528600006, 49.8511], [17.315528939000046, 49.855944272000045], [17.32133161200005, 49.854959102000066], [17.32637631700004, 49.85410261900006], [17.328680277000046, 49.855870484000036], [17.333596472000067, 49.859642757000074], [17.336301091000053, 49.85930170900008], [17.33458310800006, 49.85660255300007], [17.33374875900006, 49.85529169200004], [17.335628910000025, 49.85426173500008], [17.33978902700005, 49.85724819100005], [17.342669175000026, 49.85931578600008], [17.355999809000025, 49.86261620800008], [17.379804439000054, 49.84741503300006], [17.369880471000045, 49.83281637600004], [17.356188906000057, 49.81267539400005], [17.372519104000048, 49.803557467000076], [17.387476341000024, 49.79092993300003], [17.389437343000054, 49.798596375000045], [17.392872504000024, 49.81202596500003], [17.40088518600004, 49.81081888400007], [17.400904110000056, 49.81081603300004], [17.413981216000025, 49.81536866400006], [17.409662165000043, 49.82018979500003], [17.408088572000054, 49.82194631500005], [17.409774559000027, 49.825745450000056], [17.418226739000033, 49.82597956600006], [17.424832516000038, 49.82616253800006], [17.426267868000025, 49.82790909900007], [17.431808284000056, 49.83465077500006], [17.43869590500003, 49.83197164400008], [17.43766364100003, 49.83064360600008], [17.435009121000064, 49.82722848700007], [17.438202543000045, 49.82455638500005], [17.44958305800003, 49.82894838200008], [17.45418563900006, 49.834608192000076], [17.454802209000036, 49.83536639000005], [17.456201599000053, 49.83509193800006], [17.462408571000026, 49.833874611000056], [17.46371601800007, 49.84001807000004], [17.455470588000026, 49.84774496600005], [17.454800429000045, 49.855720819000055], [17.44715001900005, 49.86484784900006], [17.445961762000024, 49.86527828000004], [17.441140698000027, 49.867024650000076], [17.44490947500003, 49.86991444900008], [17.446027222000055, 49.87158605700006], [17.448166824000054, 49.87260450800005], [17.451018628000043, 49.87425284700004], [17.46672740300005, 49.87129730600003], [17.47657448700005, 49.87332262600006], [17.475026454000044, 49.86658487900007], [17.47296205500004, 49.85759967200005], [17.479670115000033, 49.855033992000074], [17.485724936000054, 49.85271816200003], [17.490264145000026, 49.84030360700007], [17.486087463000047, 49.83907114600004], [17.480490575000033, 49.83741961000004], [17.48264316700005, 49.83073022600007], [17.492442435000044, 49.82073848600004], [17.49153390600003, 49.815720904000045], [17.495165024000073, 49.816491144000054], [17.501706961000025, 49.817878834000055], [17.50560146600003, 49.812317722000046], [17.499174507000077, 49.806517744000075], [17.498928728000067, 49.80629594200008], [17.499678483000025, 49.800208603000044], [17.49442048700007, 49.79863212400005], [17.514607212000044, 49.79314676300004], [17.524478800000054, 49.79046434500003], [17.522539331000075, 49.786014453000064], [17.520502215000022, 49.78134052100006], [17.527988866000044, 49.770634647000065], [17.533395649000056, 49.77165044600008], [17.541518176000068, 49.77317646400007], [17.552524837000078, 49.76890563100005], [17.55675976200007, 49.76351416000006], [17.560552805000043, 49.75868524900005], [17.57211959400007, 49.75799372900008], [17.58167869400006, 49.75286365100004], [17.58670552800004, 49.75033618200007], [17.594618902000036, 49.75033014700006], [17.603006421000032, 49.75032375100005], [17.605066538000074, 49.74935507500004], [17.61021480200003, 49.746934338000074], [17.61474211500007, 49.75104679800006], [17.617819308000037, 49.75384201700007], [17.624309852000067, 49.75274520900007], [17.63586441500007, 49.75677252100007], [17.641263739000067, 49.75568396300008], [17.64305336700005, 49.75532315600003], [17.649427391000074, 49.75711133400006], [17.658823393000034, 49.75974730300004], [17.680000862000043, 49.753820165000036], [17.68377957000007, 49.74463477000006], [17.688758801000063, 49.732531109000035], [17.69159937300003, 49.73476113600003], [17.692563923000023, 49.735518368000044], [17.697743453000044, 49.733115233000035], [17.697823029000062, 49.72541797700006], [17.68976185300005, 49.716633804000026], [17.68275591500003, 49.70899951200005], [17.68237914900004, 49.702073049000035], [17.686749939000038, 49.69386037700008], [17.68545089500003, 49.68212040100008], [17.692112119000058, 49.67636988100003], [17.717944932000023, 49.66783261100005], [17.721370024000066, 49.66356388200006], [17.73269894300006, 49.66512643800007], [17.734171245000027, 49.670080134000045], [17.736719936000043, 49.67865544400007], [17.738365092000038, 49.680173049000075], [17.750328522000075, 49.67264165300003], [17.757710700000075, 49.66204255500003], [17.77120192700005, 49.65245052100005], [17.76796183400006, 49.647068914000045], [17.767295826000066, 49.645962713000074], [17.770241315000078, 49.64417367300007], [17.77350012100004, 49.64219432900006], [17.77679768200005, 49.63619015200004], [17.778738345000022, 49.63265660600007], [17.782091518000072, 49.633529837000026], [17.787366889000054, 49.634903646000055], [17.795821798000077, 49.62842007300003], [17.807591009000078, 49.624722605000045], [17.814706310000076, 49.621834249000074], [17.82291878700005, 49.61301288300007], [17.823077417000036, 49.61284249200003], [17.824397770000076, 49.61226964900004], [17.838305587000036, 49.60623565700007], [17.84165695100006, 49.60019310900003], [17.847730524000042, 49.58924238600008], [17.852172623000058, 49.58900712700006], [17.852423722000026, 49.58899382900006], [17.852528604000042, 49.58862845500005], [17.85396810900005, 49.58361370400007], [17.861371228000053, 49.57916181400003], [17.86652446100004, 49.57606290100006], [17.862842184000044, 49.570758503000036], [17.852888697000026, 49.57065458100004], [17.852239824000037, 49.57064780600007], [17.843151656000032, 49.56309948900008], [17.85003617500007, 49.56021401700008], [17.85290249700006, 49.55901267100006], [17.853433882000047, 49.55560909600007], [17.854199953000034, 49.550702337000075], [17.862027158000046, 49.54671580000007], [17.870308726000076, 49.55671161500004], [17.872552255000073, 49.559419544000036], [17.884733770000025, 49.56769640700003], [17.906700638000075, 49.55621580300004], [17.906160270000044, 49.55112320900008], [17.91658927000003, 49.54119336900004], [17.91685655300006, 49.53780894000005], [17.912851042000057, 49.526070866000055], [17.90136257200004, 49.51873502800004], [17.899449179000044, 49.51145575100003], [17.88671633200005, 49.50859662200003], [17.87955273700004, 49.51260246600003], [17.874146919000054, 49.51148802700004], [17.865453218000027, 49.51630503900003], [17.862400808000075, 49.517996321000055], [17.848240453000074, 49.52029285200007], [17.845053025000027, 49.52359498200008], [17.84038439400007, 49.52191633500007], [17.84187373000003, 49.51731549500005], [17.841998475000025, 49.51693013500005], [17.835769308000067, 49.50450832100006], [17.82561739500005, 49.50161168900007], [17.823428319000072, 49.50184178500007], [17.813599276000048, 49.50287492500007], [17.810420442000066, 49.49645403300008], [17.807953261000023, 49.49147060200005], [17.796723189000033, 49.48832637300006], [17.791660152000077, 49.488588813000035], [17.786902695000038, 49.48883541300006], [17.794074676000037, 49.47835033300004], [17.79917943600003, 49.47088742900007], [17.79113325800006, 49.463869370000054], [17.789247802000034, 49.46222483300005], [17.77765456000003, 49.45774959100004], [17.781765544000052, 49.455722113000036], [17.779928443000074, 49.44997059500008], [17.778068596000026, 49.44414786500005], [17.77363478600006, 49.43808601100005], [17.765079653000043, 49.43937701600004], [17.76399637700007, 49.439513343000044], [17.75820236000004, 49.44024250000007], [17.749989768000034, 49.438421875000074], [17.733884614000033, 49.43485157200007], [17.711002259000054, 49.442959012000074], [17.711159415000054, 49.44758351200005], [17.71124720100005, 49.45016673400005], [17.706211128000064, 49.45291188400006], [17.69687834800004, 49.45690495500003], [17.692285235000043, 49.46327660800006], [17.68851039200007, 49.46111685600005], [17.686680895000052, 49.46007012000007], [17.68496987700007, 49.46063624900006], [17.67928828400005, 49.462516132000076], [17.67384689900007, 49.46099653700003], [17.668402470000046, 49.449208834000046], [17.669201814000076, 49.44637843600003], [17.670192348000057, 49.44287105600006], [17.664466912000023, 49.43945398500006], [17.658374808000076, 49.441213865000066], [17.654692913000076, 49.44459142100004], [17.647910848000038, 49.450812893000034], [17.631973328000072, 49.44831950100007], [17.62985249700006, 49.44833214600004], [17.628861219000044, 49.44833805600007], [17.623296937000077, 49.448371232000056], [17.622822084000063, 49.44099008300003], [17.62924299900004, 49.43757229600004], [17.634191238000028, 49.43493839900003], [17.635360155000058, 49.431231739000054], [17.63546241800003, 49.43090746200005], [17.63603031100007, 49.430537109000056], [17.638021050000077, 49.429238843000064], [17.647045853000066, 49.42273471400006], [17.645120762000033, 49.421114672000044], [17.64436544000006, 49.42047903900004], [17.646023800000023, 49.418281844000035], [17.648928574000024, 49.414433247000034], [17.638388297000063, 49.408621880000055], [17.633905149000043, 49.406150102000026], [17.633778893000056, 49.40594667900007], [17.630139625000027, 49.40008309800004], [17.61997283900007, 49.39728062900008], [17.61116714600007, 49.40018855900007], [17.603831367000055, 49.39868661100007], [17.59365949900007, 49.39814940100007], [17.591574337000054, 49.40383484100005], [17.591434761000073, 49.40421541100005], [17.587652, 49.406439626000065], [17.57585272400007, 49.40607239700006], [17.570939230000022, 49.40556834600005], [17.54310212400003, 49.40515398200006], [17.536018441000067, 49.40153584900003], [17.527393928000038, 49.39713070700003], [17.524714835000054, 49.40033832100005], [17.523152786000026, 49.40220852600004], [17.504167063000068, 49.40142037500004], [17.51307532000004, 49.39860193800007], [17.509042599000054, 49.39416098800007], [17.513525087000062, 49.39142753500005], [17.514217847000054, 49.391005085000074], [17.514442789000043, 49.38322153400003], [17.49771978900003, 49.37013209400004], [17.48624464900007, 49.36155755800007], [17.480349257000057, 49.358507014000054], [17.47705994300003, 49.355749066000044], [17.473811584000032, 49.35471552700005], [17.472393673000056, 49.35624549500005], [17.47067756100006, 49.362378996000075], [17.470182151000074, 49.36414962400005], [17.467574074000026, 49.36768442300007], [17.465904445000035, 49.370115508000026], [17.448585346000073, 49.37996704600005], [17.44217612800003, 49.379787984000075], [17.428987319000043, 49.37941951300007], [17.417196533000038, 49.37852011500007], [17.41202127200006, 49.38447727500005], [17.411454435000053, 49.38512975100008], [17.39153155500003, 49.38762059100003], [17.390573690000053, 49.38433453500005], [17.389600960000053, 49.38099748500008], [17.375865677000036, 49.38071859400003], [17.375875842000028, 49.38995451200003], [17.377300185000024, 49.398700215000076], [17.378431437000074, 49.39996189100003], [17.381422626000074, 49.40329794200005], [17.38166073700006, 49.405704928000034], [17.370199704000072, 49.41282344800004], [17.365406687000075, 49.409649271000035], [17.363800737000076, 49.40858573100007], [17.361366442000076, 49.408306], [17.35555032800005, 49.407637657000066], [17.347354216000042, 49.39610778700006], [17.335858612000038, 49.389473819000045], [17.333129249000024, 49.38292655400005], [17.333189682000068, 49.38052244000005], [17.335224401000062, 49.37650437600007], [17.34428186400004, 49.35947058800008], [17.347337826000057, 49.35788742200003], [17.352484726000057, 49.35522102900006], [17.352780094000025, 49.347713095000074], [17.35675027700006, 49.34274838600004], [17.347757010000066, 49.34176223900005], [17.339827198000023, 49.340892705000044], [17.336596259000032, 49.33700783100005], [17.333566408000024, 49.33336474600003], [17.324597013000073, 49.33189623000004], [17.316453221000074, 49.33056288600005], [17.314772427000037, 49.32576942700007], [17.311983947000044, 49.31781696100006], [17.300950801000056, 49.31218866300003], [17.300068939000028, 49.311738802000036], [17.298258367000074, 49.309543148000046], [17.291071385000066, 49.30082760300007], [17.29010796400007, 49.30091162800005], [17.270990967000046, 49.29491857900007], [17.26144404400003, 49.29961487000003], [17.255284492000044, 49.302644857000075], [17.252128029000062, 49.29932555000005], [17.251406819000067, 49.29878346600003], [17.249005529000044, 49.296978581000076], [17.245679256000074, 49.29597149400007], [17.230011190000027, 49.29701122100005], [17.226910291000024, 49.29721699600003], [17.225715137000066, 49.29665537000005], [17.214067684000042, 49.29118200900007], [17.209552571000074, 49.289326376000076], [17.198508743000048, 49.29440180800003], [17.19311516600004, 49.29688054400003], [17.19204191600005, 49.29125566500005], [17.19181212700005, 49.29005134400006], [17.19055932300006, 49.289695411000025], [17.189322916000037, 49.28934413600007], [17.182922589000043, 49.28849749200003], [17.178146965000053, 49.28354780400008], [17.18025407500005, 49.27885035200006], [17.18051073600003, 49.27827817000008], [17.178923072000032, 49.271578514000055], [17.17543670400005, 49.26903793500003], [17.16585495000004, 49.27058614900005], [17.159901390000073, 49.275057401000026], [17.160949473000073, 49.27778832400003], [17.15714145000004, 49.28080785600008], [17.15515651800007, 49.28238178700008], [17.151350473000036, 49.29104096200007], [17.151086832000033, 49.29342291700004], [17.150949422000053, 49.294664399000055], [17.15044099000005, 49.294768558000044], [17.145255144000032, 49.29583095100003], [17.143183126000054, 49.30271715500004], [17.140837755000064, 49.309369090000075], [17.137148721000074, 49.31474785300003], [17.139050463000046, 49.31850121800005], [17.139257026000053, 49.318908899000064], [17.139345073000072, 49.32616354600003], [17.132452604000036, 49.325873157000046], [17.127751526000054, 49.325675094000076], [17.12509314400006, 49.32834752900004], [17.12075326400003, 49.33271035000007], [17.116206909000027, 49.337110178000046], [17.10017870200005, 49.341820581000036], [17.092561359000058, 49.339601652000056], [17.084076727000024, 49.34213792500003], [17.064095596000072, 49.348110794000036], [17.06338917000005, 49.349093423000056], [17.06120300300006, 49.352134351000075], [17.052005974000053, 49.35355539900007], [17.046103926000058, 49.35446733400005], [17.035454860000073, 49.35977663400007], [17.04562563500002, 49.359979311000075], [17.04730343500006, 49.36162415600006], [17.050804157000073, 49.36505611600006], [17.047578273000056, 49.36783858500007], [17.038785655000027, 49.368619299000045], [17.027931120000062, 49.36958309500005], [17.022217195000053, 49.375439080000035], [17.026029537000056, 49.38047299400006], [17.026050501000043, 49.380500675000064], [17.026021368000045, 49.38071663300008], [17.02486581900007, 49.38928250200007], [17.025710034000042, 49.390001864000055], [17.029503030000058, 49.393233904000056], [17.02546133800007, 49.397419014000036], [17.023007876000065, 49.39995953600004], [17.022985474000052, 49.400546665000036], [17.02287058400003, 49.40355781800008], [17.018225907000044, 49.40431727600003], [17.014727467000057, 49.404889311000034], [17.014655246000075, 49.40714601500008], [17.014358684000058, 49.41641270200006], [17.00846011300007, 49.41916062900003], [16.99911447200003, 49.419457684000065], [16.998548920000076, 49.419475660000046], [16.990117163000036, 49.42479302400005], [16.991381813000032, 49.430984487000046], [16.992493507000063, 49.436427113000036], [16.98972606500007, 49.436271360000035], [16.984941881000054, 49.43600210500006], [16.98257888200004, 49.438951555000074], [16.985699418000024, 49.44912861800003], [16.987460148000025, 49.45487091900003], [16.98217035400006, 49.45599686300005], [16.974443070000063, 49.45764163100006], [16.972821219000025, 49.46032708800004], [16.974724327000047, 49.46315548900003], [16.97579171600006, 49.46474184300007], [16.97205742400007, 49.465719456000045], [16.960078072000044, 49.46885557200005], [16.953492420000032, 49.474488946000065], [16.958580015000052, 49.47600851300007], [16.958813478000025, 49.47845221600005], [16.95884421900007, 49.478773990000036], [16.955116489000034, 49.482006510000076], [16.948410799000044, 49.48782138200005], [16.948097661000077, 49.48875442700006], [16.94692851700006, 49.49223807900006], [16.942999976000067, 49.49322514000005], [16.938344184000073, 49.494038414000045], [16.936215318000052, 49.49261156800003], [16.932568779000064, 49.490167522000036], [16.924362509000048, 49.49540049900003], [16.918792410000037, 49.498952442000075], [16.91275693600005, 49.49813125600008], [16.910232137000037, 49.49778773200006], [16.90932380000004, 49.49813008000007], [16.90703927800007, 49.49899110600006], [16.877262674000065, 49.488640074000045], [16.87024751100006, 49.480010752000055], [16.862270498000044, 49.48168431000005], [16.858381809000036, 49.47950346300007], [16.869980804000022, 49.47694172900003], [16.867618458000038, 49.46962739500003], [16.874066258000028, 49.468912491000026], [16.877821853000057, 49.46849608700006], [16.88834402200007, 49.460441615000036], [16.89749777700007, 49.45901625500005], [16.899592174000077, 49.45317784000008], [16.897551246000035, 49.45177070500006], [16.89224086300004, 49.44810941800006], [16.902429317000042, 49.444576221000034], [16.90780449600004, 49.442712192000045], [16.908189597000046, 49.436080599000036], [16.90828198500003, 49.43448964700008], [16.910176544000024, 49.433150125000054], [16.91448052000004, 49.43010705900008], [16.905437349000067, 49.422580063000055], [16.906897936000064, 49.415971021000075], [16.90274520500003, 49.41835921300003], [16.89743889700003, 49.41734038800007], [16.892544023000028, 49.41640055900007], [16.893143171000077, 49.41345236800004], [16.893668263000052, 49.410868582000035], [16.891650800000036, 49.40280439800006], [16.886859394000055, 49.399064621000036], [16.873012799000037, 49.39523256700005], [16.87177180300006, 49.39488912000007], [16.869053887000064, 49.39164939400007], [16.862026225000022, 49.383272497000064], [16.85972530400005, 49.381393839000054], [16.852129726000044, 49.38681087600003], [16.838801254000032, 49.39062159100007], [16.823823231000063, 49.400815660000035], [16.805296303000034, 49.40573148900006], [16.80603794500007, 49.41076153700004], [16.80621533300007, 49.41196463700004], [16.804090590000044, 49.41167823600006], [16.79863997600006, 49.410943529000065], [16.79555484900004, 49.413560311000026], [16.80004468900006, 49.42072497800007], [16.798665240000048, 49.425494048000076], [16.801432231000035, 49.428727998000056], [16.81010460400006, 49.429799469000045], [16.821277164000037, 49.43117983800005], [16.828753015000075, 49.43561710100005], [16.816286625000032, 49.445431892000045], [16.817454208000072, 49.45135439100005], [16.803590216000032, 49.45554685500008], [16.80294305500007, 49.455634092000025], [16.798414516000037, 49.456244534000064], [16.79610140400007, 49.46927811000006], [16.795507774000043, 49.472623009000074], [16.796524017000024, 49.47594884000006], [16.789845013000047, 49.486897328000055], [16.789607406000073, 49.487286822000044], [16.789657326000054, 49.487425889000065], [16.79167257200004, 49.49303990400006], [16.786638760000073, 49.49592676100008], [16.78444816800004, 49.49718305000005], [16.78950733000005, 49.51032593100007], [16.796243943000036, 49.51200751400006], [16.804897795000045, 49.51416767400008], [16.80315702400003, 49.522672241000066], [16.802788907000036, 49.52447068400005], [16.806154520000064, 49.52789131000003], [16.806719944000065, 49.52816871600004], [16.813014183000064, 49.53125676500008], [16.824418469000022, 49.529409645000044], [16.833157579000044, 49.532190497000045], [16.813274362000072, 49.53589957200006], [16.796488441000065, 49.53398765900005], [16.77691992700005, 49.541486795000026], [16.76687036800007, 49.542125568000074], [16.754738770000074, 49.544226981000065], [16.75051090100004, 49.54385094200006], [16.738392284000042, 49.54277307800004], [16.746500689000072, 49.55285074500006], [16.752875553000024, 49.56077385300006], [16.746023145000038, 49.566330409000045], [16.745742453000048, 49.56701406900004], [16.743212803000063, 49.57317535200008], [16.747405170000036, 49.583494820000055], [16.745371962000036, 49.58723659800006], [16.753259123000078, 49.581635497000036], [16.75526331800006, 49.58091845600006], [16.76117249500004, 49.57880432800005], [16.762714867000057, 49.58008358400008], [16.765236771000048, 49.582175273000075], [16.771261885000058, 49.57912597700005], [16.783009884000023, 49.57318034200006], [16.79341611800004, 49.574031957000045], [16.801412609000067, 49.57815996800008], [16.793232588000023, 49.586462175000065], [16.78918138800003, 49.59057388800005], [16.80420003200004, 49.598813017000055], [16.805264339000075, 49.599212144000035], [16.804561189000026, 49.60035835700006], [16.80255321800007, 49.60363157200004], [16.806155575000048, 49.60730245000008], [16.804336491000072, 49.613086612000075], [16.808871271000044, 49.621605739000074], [16.809818222000047, 49.62285246300007], [16.812671115000057, 49.626608486000066], [16.821955633000073, 49.62326539000003], [16.813179469000033, 49.63060311000004], [16.80439831700005, 49.636033756000074], [16.79960468200005, 49.638998349000076], [16.80342319500005, 49.644181064000065], [16.804489302000036, 49.64562804800005], [16.804258074000074, 49.649410637000074], [16.803805474000058, 49.65681459400008], [16.808760577000044, 49.657457656000076], [16.817873115000054, 49.66560212300004], [16.82056818700005, 49.66588935100003], [16.828715058000057, 49.666757604000054], [16.828525770000056, 49.66801892400008], [16.82658094900006, 49.67042736600007], [16.839129617000026, 49.67518733600008], [16.843702153000038, 49.68080199100007], [16.843647822000037, 49.68577090800005], [16.84772418500006, 49.702084273000025], [16.843371142000024, 49.704789334000054], [16.84033353600006, 49.70667695800006], [16.843488226000034, 49.71161613900006], [16.846231060000036, 49.715910492000035], [16.83198014000004, 49.72840174500004], [16.819986671000038, 49.72785548000007], [16.816354682000053, 49.72769005400005], [16.81519968200007, 49.72820928700003], [16.80809783600006, 49.73140194100006], [16.804222836000065, 49.72902058900007], [16.79958520400004, 49.726170567000054], [16.791241779000075, 49.72729073100004], [16.78977260000005, 49.72981631700003], [16.803210553000042, 49.740601921000064], [16.813038626000036, 49.74849015400008], [16.80183228800007, 49.75397770700005], [16.792373287000032, 49.758609619000026], [16.79677461800003, 49.76278702400003], [16.797340220000024, 49.76332385000006], [16.801790201000074, 49.767762471000026], [16.798927941000045, 49.77428108500004], [16.79150766500004, 49.77591883200006], [16.784012550000057, 49.77757309800006], [16.766384690000052, 49.79171372700006], [16.756018530000063, 49.80482845200004], [16.758985276000033, 49.809654160000036], [16.75898946800004, 49.81080796900005], [16.759016576000022, 49.81826873300008], [16.74897849000007, 49.82493092400006], [16.744820580000066, 49.827690492000045], [16.739453595000043, 49.82714245500006], [16.736178266000024, 49.83289862500004], [16.73811659300003, 49.84794995800007], [16.739033892000066, 49.85836834400004], [16.742493806000027, 49.86368201600004], [16.75133779600003, 49.86673166800006], [16.76605028700004, 49.87180494200004], [16.75867155700007, 49.88342792900005], [16.75637282400004, 49.886382936000075], [16.75067406000005, 49.89370866200005], [16.75377946900005, 49.89876560000005], [16.75612341300007, 49.902582547000065], [16.75434133600004, 49.90634872500004], [16.75376000400007, 49.90757729000006], [16.754747989000066, 49.91183704100007], [16.756653319000065, 49.920051974000046], [16.753231151000023, 49.921631889000025], [16.747301552000067, 49.92436941200003], [16.748917151000057, 49.92998813100007], [16.749304024000025, 49.93133359400008], [16.747663628000055, 49.93241621400006], [16.74172912000006, 49.936332838000055], [16.731697288000078, 49.950957568000035], [16.733221537000077, 49.96039062600005], [16.734429223000063, 49.967864588000054], [16.727069722000067, 49.98134230200003], [16.720832724000047, 49.984387826000045], [16.71827582900005, 49.98563635700003], [16.71199736600005, 49.99964938800008], [16.721024629000055, 50.002265538000074], [16.740140317000055, 50.001540230000046], [16.74638072500005, 50.00010966500008], [16.747260512000025, 49.99898712900006], [16.749917782000068, 49.995596671000044], [16.768143941000062, 50.007068608000054], [16.768126433000077, 50.00871780800003], [16.768040390000067, 50.01682264900006], [16.775404799000057, 50.01750210200004], [16.794952929000033, 50.02928545300006], [16.795931749000033, 50.02935660000003], [16.807677605000038, 50.03021037100007], [16.807789694000064, 50.038158287000044], [16.807800901000064, 50.038952952000045], [16.81123471500007, 50.04071539100005], [16.81855844000006, 50.04447436400005], [16.810764165000023, 50.05015447100004], [16.80812638200007, 50.05207676500004], [16.809183223000048, 50.05362041700005], [16.812797511000042, 50.05889954600008], [16.804277381000077, 50.06437563900005], [16.799882696000054, 50.06720020900008], [16.80099712200007, 50.072281575000034], [16.811958682000068, 50.07919031200004], [16.821403820000057, 50.085143294000034], [16.814281618000052, 50.09466929300004], [16.806099403000076, 50.10561306800008], [16.807502485000043, 50.110548520000066], [16.817411352000022, 50.11291099300007], [16.824879830000043, 50.11469162800006], [16.825036029000046, 50.11954310700003], [16.825266704000057, 50.12670777900007], [16.830932849000078, 50.12851625800005], [16.832827291000058, 50.129120913000065], [16.835965121000072, 50.13617383500008], [16.849111227000037, 50.165722422000044], [16.859157011000036, 50.171464782000044], [16.86196779000005, 50.173071476000075], [16.86523053600007, 50.177045021000026], [16.866809524000075, 50.18796933700003], [16.863269831000025, 50.19812310000003], [16.872744857000043, 50.19738947900004], [16.882306766000056, 50.20029797400008], [16.883511628000065, 50.20459030600006], [16.886032148000027, 50.21356968600003], [16.899790385000074, 50.222091533000025], [16.917719894000072, 50.22592357700006], [16.930348925000033, 50.22375094800003], [16.932568779000064, 50.22336905700007], [16.95549329200003, 50.222802450000074], [16.964690146000066, 50.22978802600005], [16.964097588000072, 50.23341377100007], [16.963264035000066, 50.238514122000026], [16.976565765000032, 50.24412786900007], [16.99056858700004, 50.22597433200008], [16.99760161100005, 50.21685658100006], [17.014785025000037, 50.21944485300003], [17.028322853000077, 50.22999704400007], [17.01741351800007, 50.23838105800007], [17.01225084400005, 50.242348664000076], [17.011405963000072, 50.245408594000025], [17.010471105000022, 50.24879439600005], [17.00646788800003, 50.25185911900007], [17.002929651000045, 50.25456787000007], [17.011078052000073, 50.26238437600006], [17.01610279600004, 50.26720445600006], [17.019134163000047, 50.27813884400007], [17.009716199000025, 50.29382545300007], [17.00156800600007, 50.301801589000036], [16.997225204000074, 50.30225494700005], [16.97723171800004, 50.30740272400004], [16.97489, 50.30800565200008], [16.974465620000046, 50.30843451900006], [16.96786718900006, 50.31510272600008], [16.964213202000053, 50.31495914900006], [16.959347939000054, 50.31407364100005], [16.95346421200003, 50.31300276600007], [16.93933458400005, 50.322149111000044], [16.935282724000047, 50.32980177300004], [16.936940008000022, 50.33264873500008], [16.93776993700004, 50.33407442600003], [16.93679797300007, 50.34148675100005], [16.932568779000064, 50.345133488000045], [16.928730896000047, 50.34935792300007], [16.91672693700002, 50.36257092200003], [16.91845153400004, 50.37028098700006], [16.918610053000066, 50.370989671000075], [16.909718673000043, 50.389610911000034], [16.901347986000076, 50.390218909000055], [16.898110218000056, 50.39045408100003], [16.88875407300003, 50.396420283000054], [16.885898970000028, 50.39824091700007], [16.88169074800004, 50.39989833700008], [16.860914970000067, 50.40808093800007], [16.882242640000072, 50.44247132600003], [16.907924286000025, 50.44945407800003], [16.92304157700005, 50.44015729900008], [16.932568779000064, 50.43707665900007], [16.941953928000032, 50.43436624600008], [16.950871154000026, 50.431790969000076], [16.963590486000044, 50.42477317600003]]], [[[17.90475742600006, 49.565772794000054], [17.90213573500006, 49.56274190000005], [17.896748365000064, 49.56355111000005], [17.900814370000035, 49.56741321700008], [17.90475742600006, 49.565772794000054]]]]}}, {"type": "Feature", "properties": {"NUTS_ID": "CZ072", "LEVL_CODE": 3, "CNTR_CODE": "CZ", "NAME_LATN": "Zlínský kraj", "NUTS_NAME": "Zlínský kraj", "MOUNT_TYPE": 1, "URBN_TYPE": 2, "COAST_TYPE": null, "NAME_ENGL": "Czechia", "NAME_FREN": "Tchéquie", "ISO3_CODE": "CZE", "SVRG_UN": "UN Member State", "CAPT": "Prague", "EU_STAT": "T", "EFTA_STAT": "F", "CC_STAT": "F", "NAME_GERM": "Tschechien"}, "geometry": {"type": "MultiPolygon", "coordinates": [[[[17.962093980000077, 49.53719913700007], [17.966200551000043, 49.53585447300003], [17.966909576000035, 49.537134223000066], [17.967310508000025, 49.537857881000036], [17.973689359000048, 49.537752545000046], [17.992435477000072, 49.52283324800004], [17.99272140200003, 49.51445626800006], [17.99278545800007, 49.51257955600005], [17.992699927000047, 49.50576751400007], [17.99546945000003, 49.503877130000035], [18.012234333000038, 49.504842300000064], [18.02310791700006, 49.50815647500008], [18.03377252300004, 49.51140695600003], [18.037468381000053, 49.51153504800004], [18.041247645000055, 49.512220580000076], [18.045360536000032, 49.51240704000003], [18.048590416000025, 49.51293593500003], [18.051563584000064, 49.513817955000036], [18.055582580000078, 49.51408644900005], [18.079180133000023, 49.51670937500006], [18.081145930000048, 49.51785947500008], [18.083523765000052, 49.51851444000005], [18.086494936000065, 49.51832249100005], [18.091778015000045, 49.518488501000036], [18.093822224000064, 49.517500538000036], [18.096893781000063, 49.51695191300007], [18.12531783700007, 49.52014473200006], [18.13062984800007, 49.51465552800005], [18.135650845000043, 49.509467045000065], [18.158345902000065, 49.51367820400003], [18.15928966900003, 49.514300785000046], [18.163535095000043, 49.51710139100004], [18.173979673000076, 49.50852783100004], [18.19196565900006, 49.493763812000054], [18.203287044000035, 49.48913486600003], [18.20587395600006, 49.49014879500004], [18.207922349000057, 49.49095165400007], [18.211551282000073, 49.491570969000065], [18.216054735000057, 49.49279238100007], [18.21958328100004, 49.49186099600007], [18.22286809900004, 49.49179546400006], [18.224042783000073, 49.49013508100006], [18.229660487000046, 49.48775795500006], [18.23702273600003, 49.48741307200004], [18.240771290000055, 49.48541387200004], [18.24135787700004, 49.48510103000007], [18.24730071700003, 49.48426099800008], [18.249902301000077, 49.48302606900006], [18.253465808000044, 49.48253513900005], [18.261258248000047, 49.485291095000036], [18.262052038000036, 49.48603630000008], [18.26954455400005, 49.49307022200003], [18.29180933500004, 49.49165791200005], [18.30388216700004, 49.48598038200004], [18.30588848600007, 49.472207996000066], [18.306737105000025, 49.46638264300003], [18.323094207000054, 49.451256459000035], [18.340629942000078, 49.44775123000005], [18.350067636000063, 49.44586472300006], [18.357478738000054, 49.440354865000074], [18.358730576000028, 49.43501750200005], [18.359019696000075, 49.43378480600006], [18.36020267500004, 49.43354118700006], [18.365929879000078, 49.43236174400005], [18.37235554700004, 49.422634911000046], [18.369367786000055, 49.41370070500005], [18.366475156000035, 49.40505096600003], [18.40359555400005, 49.396745484000064], [18.414944856000034, 49.36837600500007], [18.407495296000036, 49.360415612000054], [18.399514535000037, 49.35658020600005], [18.40288507500003, 49.35041588200005], [18.393164674000047, 49.34704097600007], [18.37898717300004, 49.331083085000046], [18.367244752000033, 49.32537685200003], [18.329396211000073, 49.318691099000034], [18.322436011000036, 49.31505901100007], [18.30301236300005, 49.309889878000035], [18.300930745000073, 49.30526257400004], [18.27746002400005, 49.30308029100007], [18.251675314000067, 49.296189394000066], [18.248295103000032, 49.29487839600006], [18.212570612000036, 49.29340970000004], [18.203377201000023, 49.29303174300003], [18.199687711000024, 49.29087108500005], [18.19745857600003, 49.289565648000064], [18.19253666000003, 49.288510434000045], [18.184187449000035, 49.28672043800003], [18.183704616000057, 49.274933375000046], [18.183499375000054, 49.26992298500005], [18.17558745200006, 49.26642319200005], [18.163313843000026, 49.26099403400008], [18.16223155600005, 49.25771234200005], [18.155054075000066, 49.25239758500004], [18.15146335000003, 49.24973873700003], [18.14725392500003, 49.24662175600008], [18.146065984000074, 49.23048492400005], [18.152479478000032, 49.229246388000035], [18.155077236000068, 49.22874472400008], [18.15306782600004, 49.22062136200003], [18.148582581000028, 49.205713211000045], [18.14121017100007, 49.19619611500008], [18.13481173400004, 49.191706828000065], [18.13086820600006, 49.18893996000003], [18.13032744900005, 49.169351378000044], [18.132877246000078, 49.16595295700006], [18.136512380000056, 49.161107978000075], [18.130360601000064, 49.15820663200003], [18.118748289000052, 49.152729951000026], [18.118427826000072, 49.14427501700004], [18.118398181000032, 49.14349288100004], [18.116504579000036, 49.142029611000055], [18.10743147200003, 49.135018417000026], [18.114565988000038, 49.12651588300008], [18.12039610200003, 49.11956786600007], [18.11672807800005, 49.11726148900004], [18.11009698400005, 49.11309199400006], [18.111336065000046, 49.10851378000007], [18.113892023000062, 49.098007188000054], [18.115302221000036, 49.09221038800007], [18.109675956000046, 49.08441662800004], [18.105986591000033, 49.079881088000036], [18.096956711000075, 49.06721994800006], [18.093164453000043, 49.066525898000066], [18.091535761000046, 49.06622781900006], [18.091835708000076, 49.064933686000074], [18.093439507000028, 49.05801402600008], [18.069229646000053, 49.03753424800004], [18.056168489000072, 49.03167479100006], [18.036235861000023, 49.02761631900006], [18.03030463700003, 49.026408666000066], [18.02842885900003, 49.025043596000046], [18.02385991700004, 49.021718613000075], [18.01439324200004, 49.02210007600007], [18.006733625000038, 49.02191381500006], [18.006556628000055, 49.021993965000036], [17.993333344000064, 49.027981932000046], [17.97666927800003, 49.02303386500006], [17.948839209000027, 49.02413391400006], [17.93132238100003, 49.02228156100006], [17.91911202500006, 49.014403489000074], [17.912815617000035, 49.00776613700003], [17.91343830900007, 49.00372524900007], [17.914399307000053, 48.997488960000055], [17.901826087000074, 48.97679891700005], [17.90161913000003, 48.97645835600008], [17.901607487000035, 48.976292029000035], [17.900340064000034, 48.95818641500006], [17.89514139000005, 48.95084598200003], [17.889029064000056, 48.94343175200004], [17.884914351000077, 48.92775341000004], [17.869082169000023, 48.923231162000036], [17.85558476800003, 48.92639229100007], [17.85175195900007, 48.92728994600003], [17.844409246000055, 48.92643001400006], [17.81769168900007, 48.92751157200007], [17.78331154400007, 48.92498726200006], [17.782769647000066, 48.921228564000046], [17.782235935000074, 48.917526645000066], [17.77755167500004, 48.913538119000066], [17.76248888600003, 48.905942940000045], [17.75539124100004, 48.90236406200006], [17.75191257800003, 48.89797156900005], [17.75056438400003, 48.89626921000007], [17.746258246000025, 48.89083186700003], [17.736469644000067, 48.881394294000074], [17.720888270000046, 48.87458852600008], [17.720115700000065, 48.874251076000064], [17.717157301000043, 48.87177649200004], [17.706116734000034, 48.86254149300004], [17.703206496000064, 48.86023063700003], [17.692728445000057, 48.86100810200003], [17.68728653100004, 48.86141188900007], [17.68182445700006, 48.859402869000064], [17.667718767000054, 48.85421461800007], [17.64693006600004, 48.85426588300004], [17.63601996500006, 48.86812635700005], [17.63594045700006, 48.87712099700008], [17.62803464600006, 48.877074898000046], [17.627959719000046, 48.87707446100006], [17.627804411000056, 48.877352819000066], [17.625009632000058, 48.88236190400005], [17.61549829200004, 48.89274792700007], [17.612748208000028, 48.89626921000007], [17.601775172000032, 48.91031938400005], [17.58708292800003, 48.911181628000065], [17.58287477600004, 48.91142859200005], [17.580450793000068, 48.91265998700004], [17.56152854800007, 48.92227257700006], [17.55329411300005, 48.91871344000003], [17.547982459000025, 48.91641760400006], [17.543036502000064, 48.92065562300007], [17.53950096400007, 48.92275365900008], [17.54876570700003, 48.93670020400003], [17.553116704000047, 48.94324991500008], [17.551153405000036, 48.94531715100004], [17.549031283000033, 48.947257035000064], [17.54296757900005, 48.949874151000074], [17.524853380000025, 48.95609413100004], [17.523029923000024, 48.95696188200003], [17.520970232000025, 48.956831359000034], [17.520045069000048, 48.95651750900004], [17.518988453000077, 48.956159065000065], [17.517098071000078, 48.95486561100006], [17.51338223600004, 48.95427856100008], [17.50861408000003, 48.953051636000055], [17.507498330000033, 48.956136436000065], [17.503978774000075, 48.96079312000006], [17.503269940000052, 48.96168950200007], [17.50087625200007, 48.96471653000003], [17.49885551600005, 48.96639991100005], [17.496892913000067, 48.96268782700008], [17.49603370600005, 48.96106271600007], [17.48121009700003, 48.95708262100004], [17.475353340000026, 48.959296530000074], [17.466517258000067, 48.96263665300006], [17.445562945000063, 48.954606184000056], [17.434400752000045, 48.950328418000026], [17.401227403000064, 48.97140241400007], [17.39853809600004, 48.97542112900004], [17.395067967000045, 48.98060665100007], [17.385752746000037, 48.97863909500006], [17.37607130200007, 48.97659418500007], [17.355995622000023, 48.97794596800003], [17.353197786000067, 48.979632983000045], [17.353633330000036, 48.98458031200005], [17.357683166000072, 48.988646059000075], [17.35785306400004, 48.992544440000074], [17.358096232000037, 48.99812402200007], [17.362940839000032, 49.00483137400005], [17.348673504000033, 49.00690420600006], [17.335988240000063, 49.01477266100005], [17.320636251000053, 49.01376702200008], [17.31321756500006, 49.01228310000005], [17.310177313000054, 49.01660727900003], [17.304710210000053, 49.01818520100005], [17.28607948900003, 49.01707275800004], [17.284422078000034, 49.01566325500005], [17.282727735000037, 49.014222344000075], [17.27585947400007, 49.01492479600006], [17.27534307800005, 49.02233311500004], [17.27512076100004, 49.02552251000003], [17.271760175000054, 49.02710538000008], [17.269939647000058, 49.02796286700004], [17.26870120500007, 49.030520753000076], [17.267186053000046, 49.03365015900005], [17.260940653000034, 49.03383002100003], [17.259867717000077, 49.03345987600005], [17.25172697900007, 49.03065146200004], [17.250863926000022, 49.03645566400007], [17.250559787000043, 49.03850105600003], [17.244806879000066, 49.03847099500007], [17.24423137900004, 49.038467988000036], [17.242471847000047, 49.038752583000075], [17.237006976000032, 49.03963649700006], [17.23020160300007, 49.04039246100007], [17.22857592500003, 49.03934740100004], [17.227797297000052, 49.03737737600005], [17.227238201000034, 49.03664031100004], [17.224905039000078, 49.03356446600003], [17.22324889500004, 49.03242888700004], [17.21953555600004, 49.036320137000075], [17.22029520500007, 49.03932448300003], [17.225989815000048, 49.04844895300005], [17.22843008800004, 49.052359], [17.230710583000075, 49.065567258000044], [17.227313517000027, 49.07344466500007], [17.22223383000005, 49.07430898400003], [17.220049480000057, 49.074680655000066], [17.217715619000046, 49.081273872000054], [17.21356974200006, 49.09298608100005], [17.201106147000075, 49.09208755100008], [17.17159678200005, 49.08292598100007], [17.15118545300004, 49.078387031000034], [17.14821039700007, 49.07597465200007], [17.144750869000063, 49.073169430000064], [17.142043428000022, 49.074495942000055], [17.139002688000062, 49.07598575500003], [17.136200770000073, 49.07557511600004], [17.12805499700005, 49.074381301000074], [17.11579451800003, 49.07649373000004], [17.113824359000034, 49.07847727400008], [17.117302167000048, 49.08346950200007], [17.118809442000043, 49.08563312300004], [17.11687896500007, 49.08788591900003], [17.11345396100006, 49.091882772000076], [17.114091377000022, 49.10256321300005], [17.124062698000046, 49.101875809000035], [17.134510438000063, 49.10115556100004], [17.140662616000043, 49.104008803000056], [17.140148165000028, 49.10851378000007], [17.14318330900005, 49.11733740400007], [17.148503663000042, 49.13280448000006], [17.15426631200006, 49.13495839700005], [17.16109586300007, 49.133966291000036], [17.16795449500006, 49.13296996100007], [17.17073, 49.13645474000003], [17.170955501000037, 49.13673786800007], [17.17378982500003, 49.13827395100003], [17.175851720000026, 49.137777655000036], [17.177767367000058, 49.137316560000045], [17.179222481000068, 49.13864830600005], [17.179595318000054, 49.13898953200004], [17.18003671300005, 49.13885861800003], [17.185471732000053, 49.137246633000075], [17.192020418000027, 49.15324308300006], [17.193308805000072, 49.15639022000005], [17.19415071900005, 49.15733427200007], [17.199434084000075, 49.16325860000006], [17.198654745000056, 49.16598414200007], [17.19817000100005, 49.16767941000006], [17.199621750000063, 49.17073899500008], [17.20204508000006, 49.17584620300005], [17.19708066100003, 49.182925183000066], [17.191600823000044, 49.17965720900003], [17.18047733000003, 49.17302356600004], [17.169812168000078, 49.17639776400006], [17.152371247000076, 49.17290211300008], [17.147591186000056, 49.17479557200005], [17.152623206000044, 49.17770192900008], [17.15453222700006, 49.18347833800004], [17.160014242000045, 49.18696417900003], [17.164830865000056, 49.19002691800006], [17.158996708000075, 49.19229757900007], [17.15184827400003, 49.195079759000066], [17.150450228000068, 49.201751297000044], [17.149721097000054, 49.205230742000026], [17.143032567000034, 49.209956367000075], [17.13576444000006, 49.215091493000045], [17.139003311000067, 49.21709166100004], [17.13907772700003, 49.21913741800006], [17.140933148000045, 49.22141404200005], [17.14255720500006, 49.22289506200008], [17.144033673000024, 49.22424149100004], [17.144996594000077, 49.22593403400003], [17.146649242000024, 49.226723367000034], [17.145914461000075, 49.233310576000065], [17.13913737200005, 49.238627930000064], [17.130960092000066, 49.24504388400004], [17.131596611000077, 49.24858256200008], [17.142313323000053, 49.254706663000036], [17.14908739400005, 49.258577728000034], [17.15274274500007, 49.266774301000055], [17.153941073000055, 49.269461371000034], [17.159901390000073, 49.275057401000026], [17.16585495000004, 49.27058614900005], [17.17543670400005, 49.26903793500003], [17.178923072000032, 49.271578514000055], [17.18051073600003, 49.27827817000008], [17.18025407500005, 49.27885035200006], [17.178146965000053, 49.28354780400008], [17.182922589000043, 49.28849749200003], [17.189322916000037, 49.28934413600007], [17.19055932300006, 49.289695411000025], [17.19181212700005, 49.29005134400006], [17.19204191600005, 49.29125566500005], [17.19311516600004, 49.29688054400003], [17.198508743000048, 49.29440180800003], [17.209552571000074, 49.289326376000076], [17.214067684000042, 49.29118200900007], [17.225715137000066, 49.29665537000005], [17.226910291000024, 49.29721699600003], [17.230011190000027, 49.29701122100005], [17.245679256000074, 49.29597149400007], [17.249005529000044, 49.296978581000076], [17.251406819000067, 49.29878346600003], [17.252128029000062, 49.29932555000005], [17.255284492000044, 49.302644857000075], [17.26144404400003, 49.29961487000003], [17.270990967000046, 49.29491857900007], [17.29010796400007, 49.30091162800005], [17.291071385000066, 49.30082760300007], [17.298258367000074, 49.309543148000046], [17.300068939000028, 49.311738802000036], [17.300950801000056, 49.31218866300003], [17.311983947000044, 49.31781696100006], [17.314772427000037, 49.32576942700007], [17.316453221000074, 49.33056288600005], [17.324597013000073, 49.33189623000004], [17.333566408000024, 49.33336474600003], [17.336596259000032, 49.33700783100005], [17.339827198000023, 49.340892705000044], [17.347757010000066, 49.34176223900005], [17.35675027700006, 49.34274838600004], [17.352780094000025, 49.347713095000074], [17.352484726000057, 49.35522102900006], [17.347337826000057, 49.35788742200003], [17.34428186400004, 49.35947058800008], [17.335224401000062, 49.37650437600007], [17.333189682000068, 49.38052244000005], [17.333129249000024, 49.38292655400005], [17.335858612000038, 49.389473819000045], [17.347354216000042, 49.39610778700006], [17.35555032800005, 49.407637657000066], [17.361366442000076, 49.408306], [17.363800737000076, 49.40858573100007], [17.365406687000075, 49.409649271000035], [17.370199704000072, 49.41282344800004], [17.38166073700006, 49.405704928000034], [17.381422626000074, 49.40329794200005], [17.378431437000074, 49.39996189100003], [17.377300185000024, 49.398700215000076], [17.375875842000028, 49.38995451200003], [17.375865677000036, 49.38071859400003], [17.389600960000053, 49.38099748500008], [17.390573690000053, 49.38433453500005], [17.39153155500003, 49.38762059100003], [17.411454435000053, 49.38512975100008], [17.41202127200006, 49.38447727500005], [17.417196533000038, 49.37852011500007], [17.428987319000043, 49.37941951300007], [17.44217612800003, 49.379787984000075], [17.448585346000073, 49.37996704600005], [17.465904445000035, 49.370115508000026], [17.467574074000026, 49.36768442300007], [17.470182151000074, 49.36414962400005], [17.47067756100006, 49.362378996000075], [17.472393673000056, 49.35624549500005], [17.473811584000032, 49.35471552700005], [17.47705994300003, 49.355749066000044], [17.480349257000057, 49.358507014000054], [17.48624464900007, 49.36155755800007], [17.49771978900003, 49.37013209400004], [17.514442789000043, 49.38322153400003], [17.514217847000054, 49.391005085000074], [17.513525087000062, 49.39142753500005], [17.509042599000054, 49.39416098800007], [17.51307532000004, 49.39860193800007], [17.504167063000068, 49.40142037500004], [17.523152786000026, 49.40220852600004], [17.524714835000054, 49.40033832100005], [17.527393928000038, 49.39713070700003], [17.536018441000067, 49.40153584900003], [17.54310212400003, 49.40515398200006], [17.570939230000022, 49.40556834600005], [17.57585272400007, 49.40607239700006], [17.587652, 49.406439626000065], [17.591434761000073, 49.40421541100005], [17.591574337000054, 49.40383484100005], [17.59365949900007, 49.39814940100007], [17.603831367000055, 49.39868661100007], [17.61116714600007, 49.40018855900007], [17.61997283900007, 49.39728062900008], [17.630139625000027, 49.40008309800004], [17.633778893000056, 49.40594667900007], [17.633905149000043, 49.406150102000026], [17.638388297000063, 49.408621880000055], [17.648928574000024, 49.414433247000034], [17.646023800000023, 49.418281844000035], [17.64436544000006, 49.42047903900004], [17.645120762000033, 49.421114672000044], [17.647045853000066, 49.42273471400006], [17.638021050000077, 49.429238843000064], [17.63603031100007, 49.430537109000056], [17.63546241800003, 49.43090746200005], [17.635360155000058, 49.431231739000054], [17.634191238000028, 49.43493839900003], [17.62924299900004, 49.43757229600004], [17.622822084000063, 49.44099008300003], [17.623296937000077, 49.448371232000056], [17.628861219000044, 49.44833805600007], [17.62985249700006, 49.44833214600004], [17.631973328000072, 49.44831950100007], [17.647910848000038, 49.450812893000034], [17.654692913000076, 49.44459142100004], [17.658374808000076, 49.441213865000066], [17.664466912000023, 49.43945398500006], [17.670192348000057, 49.44287105600006], [17.669201814000076, 49.44637843600003], [17.668402470000046, 49.449208834000046], [17.67384689900007, 49.46099653700003], [17.67928828400005, 49.462516132000076], [17.68496987700007, 49.46063624900006], [17.686680895000052, 49.46007012000007], [17.68851039200007, 49.46111685600005], [17.692285235000043, 49.46327660800006], [17.69687834800004, 49.45690495500003], [17.706211128000064, 49.45291188400006], [17.71124720100005, 49.45016673400005], [17.711159415000054, 49.44758351200005], [17.711002259000054, 49.442959012000074], [17.733884614000033, 49.43485157200007], [17.749989768000034, 49.438421875000074], [17.75820236000004, 49.44024250000007], [17.76399637700007, 49.439513343000044], [17.765079653000043, 49.43937701600004], [17.77363478600006, 49.43808601100005], [17.778068596000026, 49.44414786500005], [17.779928443000074, 49.44997059500008], [17.781765544000052, 49.455722113000036], [17.77765456000003, 49.45774959100004], [17.789247802000034, 49.46222483300005], [17.79113325800006, 49.463869370000054], [17.79917943600003, 49.47088742900007], [17.794074676000037, 49.47835033300004], [17.786902695000038, 49.48883541300006], [17.791660152000077, 49.488588813000035], [17.796723189000033, 49.48832637300006], [17.807953261000023, 49.49147060200005], [17.810420442000066, 49.49645403300008], [17.813599276000048, 49.50287492500007], [17.823428319000072, 49.50184178500007], [17.82561739500005, 49.50161168900007], [17.835769308000067, 49.50450832100006], [17.841998475000025, 49.51693013500005], [17.84187373000003, 49.51731549500005], [17.84038439400007, 49.52191633500007], [17.845053025000027, 49.52359498200008], [17.848240453000074, 49.52029285200007], [17.862400808000075, 49.517996321000055], [17.865453218000027, 49.51630503900003], [17.874146919000054, 49.51148802700004], [17.87955273700004, 49.51260246600003], [17.88671633200005, 49.50859662200003], [17.899449179000044, 49.51145575100003], [17.90136257200004, 49.51873502800004], [17.912851042000057, 49.526070866000055], [17.91685655300006, 49.53780894000005], [17.954363709000063, 49.53973035300004], [17.962093980000077, 49.53719913700007]]]]}}, {"type": "Feature", "properties": {"NUTS_ID": "CZ063", "LEVL_CODE": 3, "CNTR_CODE": "CZ", "NAME_LATN": "Kraj Vysočina", "NUTS_NAME": "Kraj Vysočina", "MOUNT_TYPE": null, "URBN_TYPE": 3, "COAST_TYPE": null, "NAME_ENGL": "Czechia", "NAME_FREN": "Tchéquie", "ISO3_CODE": "CZE", "SVRG_UN": "UN Member State", "CAPT": "Prague", "EU_STAT": "T", "EFTA_STAT": "F", "CC_STAT": "F", "NAME_GERM": "Tschechien"}, "geometry": {"type": "MultiPolygon", "coordinates": [[[[15.496953093000059, 49.86118464900005], [15.525270857000066, 49.84819986700006], [15.528893297000025, 49.846455631000026], [15.535097903000064, 49.84171353500005], [15.536334957000065, 49.84076807100007], [15.536985602000073, 49.840749954000046], [15.543222941000067, 49.84057627700008], [15.560007426000027, 49.83280584600004], [15.56675688100006, 49.82800867900005], [15.574821756000063, 49.82725851500004], [15.57588663000007, 49.82290905800005], [15.57937957300004, 49.81941701800008], [15.590949884000054, 49.81746788400005], [15.592436791000068, 49.81388228600008], [15.591602683000076, 49.81287052700003], [15.589965851000045, 49.81088507800007], [15.608992528000044, 49.80877657700006], [15.621298614000068, 49.81162207300008], [15.639192182000045, 49.81575954500005], [15.638217607000058, 49.81230810800008], [15.638044862000072, 49.81169633400003], [15.641653409000071, 49.80675056700005], [15.655693639000049, 49.80777274400003], [15.659945002000029, 49.81318911400007], [15.661839791000034, 49.81560313500006], [15.665330310000058, 49.813407479000034], [15.667027487000041, 49.812339896000026], [15.677670902000045, 49.81115894100003], [15.685079169000062, 49.810336946000064], [15.684770810000032, 49.808871433000036], [15.683877602000052, 49.80462634700007], [15.68917657000003, 49.80206882500005], [15.694621018000078, 49.80412673300003], [15.701455037000073, 49.79997985800003], [15.705311015000063, 49.802253619000055], [15.708718762000046, 49.804263072000026], [15.712750873000061, 49.79869137800006], [15.71953601100006, 49.78931546700005], [15.727805059000048, 49.78783518400007], [15.728128492000053, 49.78777728500006], [15.728150458000073, 49.78758610300008], [15.728700369000023, 49.78279987500008], [15.738551850000022, 49.78008411500008], [15.74740418500005, 49.78145389300005], [15.754519896000033, 49.782554953000044], [15.762195922000046, 49.78078145400008], [15.769219957000075, 49.779158593000034], [15.77561184700005, 49.779914129000076], [15.780477047000034, 49.78048920700007], [15.779161815000066, 49.77504194800008], [15.776704960000075, 49.77009816700007], [15.773400772000059, 49.76344934600007], [15.77661706300006, 49.755945119000046], [15.785330596000051, 49.75762905900007], [15.79547255700004, 49.759589050000045], [15.810191690000067, 49.75536290100007], [15.818889030000037, 49.75286572600004], [15.819130022000024, 49.75279653300004], [15.823020162000034, 49.75322440700006], [15.826092381000024, 49.74884025500006], [15.830729403000078, 49.74222307900004], [15.850626125000076, 49.73733019800005], [15.85698108500003, 49.74094058500003], [15.863252573000068, 49.74450354900006], [15.864447234000068, 49.731727618000036], [15.859473526000045, 49.72992127500004], [15.858952523000028, 49.72973205800008], [15.849958087000061, 49.71975151100003], [15.856389265000075, 49.710165431000064], [15.869110896000052, 49.70331945400005], [15.87678892300005, 49.70354442900003], [15.880319446000044, 49.70364787800003], [15.895600819000038, 49.697335879000036], [15.903710126000021, 49.69774115000007], [15.912593150000077, 49.68958563400008], [15.91586747100007, 49.68657947600008], [15.923198390000039, 49.68553599400008], [15.925418402000048, 49.686236533000056], [15.927636416000041, 49.68768346200005], [15.948580139000057, 49.686628839000036], [15.957471737000049, 49.69127966600007], [15.956497420000062, 49.69509225200005], [15.954759864000039, 49.70189145900008], [15.961398390000056, 49.70153031700005], [15.967810794000059, 49.701181476000045], [15.972949133000043, 49.703701497000054], [15.971317462000059, 49.70587561700006], [15.970318082000063, 49.70749443500006], [15.969885067000064, 49.710391506000065], [15.970416260000036, 49.713376467000046], [15.970589778000033, 49.714351527000076], [15.97194625700007, 49.71715389700006], [15.972191483000074, 49.71948434600006], [15.982414711000047, 49.72733204900004], [15.991250839000031, 49.72997660300007], [15.991724347000059, 49.73011831900004], [15.99186757800004, 49.73035340200005], [15.996149937000041, 49.73738196900007], [16.002132927000048, 49.73934755300007], [16.004998215000057, 49.73665137100005], [16.009752887000047, 49.73781339800007], [16.007212907000053, 49.73416023800007], [16.00799954000007, 49.72972693100007], [16.00903319300005, 49.72390146200007], [16.020954845000063, 49.71694678000006], [16.029860942000028, 49.71696023000004], [16.033730863000073, 49.71696607500007], [16.03612921900003, 49.71610781800007], [16.04690802700003, 49.71225059600005], [16.05072139200007, 49.71412345200008], [16.054503511000064, 49.71598096200006], [16.070071287000076, 49.71373438900008], [16.072577478000028, 49.71271549800008], [16.075929221000024, 49.71130064100004], [16.077788638000072, 49.710807482000064], [16.080792771000063, 49.70884965300007], [16.082621721000066, 49.70703289000005], [16.082506350000074, 49.70518634300004], [16.084288353000034, 49.704501582000034], [16.090182236000032, 49.69653369500003], [16.09719299300002, 49.68705591500003], [16.10326358700007, 49.68359491900003], [16.126328348000072, 49.68841502500004], [16.139913513000067, 49.69125407200005], [16.143602085000055, 49.687812301000065], [16.144926894000037, 49.68657613500005], [16.149413261000063, 49.68413234800005], [16.151066014000037, 49.67806790900005], [16.16653523800005, 49.68111195500006], [16.16777576800007, 49.68135606700008], [16.174519845000077, 49.67877910300007], [16.174805409000044, 49.678669987000035], [16.18460319600007, 49.674233779000076], [16.18707254700007, 49.67511159800006], [16.19319431400004, 49.677287799000055], [16.19838498300004, 49.672793994000074], [16.201346948000037, 49.67094106700006], [16.207511717000045, 49.66708454900004], [16.225562025000045, 49.66359704900003], [16.22996983200005, 49.662578359000065], [16.243295293000074, 49.65949870700007], [16.257868142000063, 49.64482349300005], [16.273021391000043, 49.63982215100003], [16.27125108200005, 49.632827691000045], [16.27063770700005, 49.63040425500003], [16.27684954600005, 49.62775013300006], [16.277334418000066, 49.62758959900003], [16.28388325900005, 49.62542137400004], [16.285442228000022, 49.62282686400005], [16.28717147800006, 49.61994896500005], [16.291970599000024, 49.61966746300004], [16.296831886000064, 49.619143594000036], [16.29890004400005, 49.62043106200008], [16.302895529000068, 49.62291832900007], [16.315933244000064, 49.61984963000003], [16.328461136000044, 49.61516850700008], [16.329085004000035, 49.61493539500003], [16.330974105000053, 49.614721141000075], [16.347128481000027, 49.61288897500003], [16.349228545000074, 49.609786695000025], [16.351978347000056, 49.60572460100008], [16.35476022900002, 49.604021153000076], [16.356303500000024, 49.60304754300006], [16.358265301000074, 49.602092363000054], [16.360506290000046, 49.60140258900003], [16.362078188000055, 49.60134287500006], [16.37065635700003, 49.60101700600006], [16.37711168000004, 49.59177839900008], [16.393628169000067, 49.58061059900007], [16.389654622000023, 49.56192291700006], [16.38541487400005, 49.55725295600007], [16.382307018000063, 49.556393125000056], [16.373084693000067, 49.553841643000055], [16.379394621000074, 49.543189839000036], [16.388787113000035, 49.53908186600006], [16.393959797000036, 49.54008186900006], [16.399219285000072, 49.53969941200006], [16.40792260300003, 49.53906652900008], [16.41613244800004, 49.53027864100005], [16.417485689000046, 49.523490346000074], [16.409716638000077, 49.51108202100005], [16.40306720500007, 49.509443376000036], [16.396671758000025, 49.50157040600004], [16.379250901000034, 49.491850397000064], [16.37299930100005, 49.491942331000075], [16.370904843000062, 49.494555098000035], [16.368200666000064, 49.497928468000055], [16.364160637000055, 49.50105659600007], [16.35832276600007, 49.50067488800005], [16.36107415300006, 49.492091654000035], [16.363816373000077, 49.48714248700003], [16.371130383000036, 49.483774622000055], [16.375886689000026, 49.48387353100003], [16.377991218000034, 49.48391729600007], [16.377751482000065, 49.48095168700007], [16.37763061900006, 49.479456576000075], [16.380627541000024, 49.47644534400007], [16.380680204000043, 49.47639242900004], [16.38946433600006, 49.47611398200007], [16.388541458000077, 49.469859119000034], [16.380079997000053, 49.46694733800007], [16.373671482000077, 49.46474202200005], [16.377769511000054, 49.46049848700005], [16.381055210000056, 49.45709612500008], [16.37862248600004, 49.451871622000056], [16.36755189300004, 49.448980592000055], [16.36321650900004, 49.45275663600006], [16.357612033000066, 49.450168], [16.352284071000042, 49.44994619500005], [16.35076720400002, 49.45454236200004], [16.34850904600006, 49.460307690000036], [16.349526646000072, 49.46302250600007], [16.351928403000045, 49.469430061000025], [16.33121250100004, 49.47066512500004], [16.314474878000055, 49.46568803000008], [16.311176154000066, 49.45731680000006], [16.29190567200004, 49.449912468000036], [16.29211144100003, 49.446605040000065], [16.313593741000034, 49.448975275000066], [16.322485349000033, 49.44995632400003], [16.332866766000052, 49.44662614600003], [16.336482713000066, 49.44016163500004], [16.32866455900006, 49.43732439000007], [16.322197723000045, 49.42893057900005], [16.314211371000056, 49.43089533800003], [16.293676322000067, 49.42817970600004], [16.29079309800005, 49.42967590900008], [16.28515376000007, 49.43260235400004], [16.27554151100003, 49.43038547700007], [16.269580192000035, 49.428957540000056], [16.262311238000052, 49.42512692500003], [16.26050814900003, 49.41872277300007], [16.25410953100004, 49.41447605400003], [16.255627496000045, 49.412078113000064], [16.25973622500004, 49.40558752100003], [16.25728896800007, 49.40578738600004], [16.253603098000042, 49.404049988000054], [16.248924342000066, 49.40428496000004], [16.246056043000067, 49.40324024300003], [16.244705570000065, 49.40274836200007], [16.239415148000035, 49.401967048000074], [16.23483891500007, 49.39365860000004], [16.228185584000073, 49.39418211700007], [16.230147957000042, 49.38795602600004], [16.230384620000052, 49.38720515500006], [16.235844001000032, 49.37989391800005], [16.234138897000037, 49.37813689200004], [16.234650651000038, 49.37379762900008], [16.230322009000076, 49.37016163100003], [16.227512339000043, 49.36981760500004], [16.226168345000076, 49.36965304200004], [16.22738954500005, 49.368972529000075], [16.23177656000007, 49.36652786800005], [16.22645867800003, 49.36256626800008], [16.217094015000043, 49.35558998600004], [16.22354103200007, 49.349137307000035], [16.22924006900007, 49.349786650000055], [16.234648341000025, 49.350402863000056], [16.236294996000026, 49.34899895400008], [16.254534715000034, 49.33714582700003], [16.27134871000004, 49.334782887000074], [16.27228616000002, 49.331771040000035], [16.248020604000033, 49.33170282000003], [16.246952574000034, 49.33169981700007], [16.23934557700005, 49.325590549000026], [16.26655782900002, 49.31889187000007], [16.26951726300007, 49.31816336300005], [16.270015331000025, 49.317779786000074], [16.272509909000064, 49.315858640000044], [16.273262265000028, 49.31673543100004], [16.274599567000053, 49.31829391400004], [16.277636164000057, 49.32044258500008], [16.280407059000026, 49.32094816000006], [16.286148624000077, 49.32082315000008], [16.287894168000037, 49.321984361000034], [16.28970014400005, 49.32057508300005], [16.294028293000054, 49.312424960000044], [16.285093806000077, 49.302735066000025], [16.280709220000062, 49.302702500000066], [16.27294610900003, 49.29449183400004], [16.269828732000065, 49.294091223000066], [16.26073111000005, 49.29292209500005], [16.255470305000074, 49.28386917600005], [16.258086954000078, 49.27569375000007], [16.269894669000053, 49.27236330200003], [16.278195038000035, 49.270022125000025], [16.287367774000074, 49.26388208700007], [16.287635676000036, 49.25773838300006], [16.268583809000063, 49.252609119000056], [16.264418982000052, 49.25235043300006], [16.251247738000075, 49.25153233800006], [16.24591721200005, 49.240059563000045], [16.237146042000063, 49.230250098000056], [16.23670353800003, 49.220699652000064], [16.235044897000023, 49.210816847000046], [16.243565232000037, 49.21147382400005], [16.24508007700007, 49.21159062900006], [16.266698422000047, 49.20540041500004], [16.273264588000075, 49.20120114700006], [16.27189809500004, 49.19574986600003], [16.26823471700004, 49.19468180700005], [16.267716088000043, 49.194530601000054], [16.26910054800004, 49.18601128700004], [16.269755690000068, 49.18572610000007], [16.274599310000042, 49.18361764100007], [16.26998573800006, 49.17752610700006], [16.260268129000053, 49.18001294000004], [16.26061424100004, 49.177486601000055], [16.254664767000065, 49.17462415300008], [16.246937992000028, 49.17462819600007], [16.235352807000027, 49.17463425700004], [16.227441918000068, 49.16647994900006], [16.226573054000028, 49.16422447200006], [16.235756496000022, 49.15834218300006], [16.237457280000058, 49.15425066600005], [16.238896874000034, 49.15078748600007], [16.24467277800005, 49.14614663100008], [16.233598518000065, 49.136128453000026], [16.220840173000056, 49.13500813700006], [16.219751118000033, 49.135594956000034], [16.211190631000022, 49.14020763000008], [16.205202901000064, 49.13808652400007], [16.20394890600005, 49.134481797000035], [16.218807095000045, 49.124764850000076], [16.225035615000024, 49.12202454200008], [16.226909015000047, 49.12124693800007], [16.236793437000074, 49.117143973000054], [16.239934878000042, 49.11591391300004], [16.24495179400003, 49.113949492000074], [16.24848034000007, 49.11169603600007], [16.25602288600004, 49.109571620000054], [16.246532023000043, 49.099645029000044], [16.229346512000063, 49.09871460100004], [16.22462665200004, 49.09845906700008], [16.216169551000064, 49.093734366000035], [16.221239462000028, 49.08974892600003], [16.226724371000046, 49.08543725800007], [16.216442149000045, 49.07866871900006], [16.215968776000068, 49.075707960000045], [16.21056688300007, 49.072430602000054], [16.197685327000045, 49.07389726400004], [16.17616138900007, 49.07000941900003], [16.17121007700007, 49.072064975000046], [16.168407079000076, 49.07322865000003], [16.13823115100007, 49.06729989100006], [16.130228631000023, 49.057632467000076], [16.138288463000038, 49.05300507000004], [16.14533033600003, 49.04896211500005], [16.14163558300004, 49.04592613600005], [16.129401229000052, 49.04548964000003], [16.126787747000037, 49.04539639600006], [16.125431348000063, 49.04406609600005], [16.119554829000037, 49.038302646000034], [16.103770858000075, 49.04043213300008], [16.099120479000078, 49.03763982100003], [16.08766531200007, 49.03882089200005], [16.084886251000057, 49.03682414900004], [16.086861749000036, 49.03258551600004], [16.085036332000072, 49.03171331600004], [16.075634052000055, 49.03903014600007], [16.06209672400007, 49.03646584000006], [16.054474369000047, 49.04129426000003], [16.048232262000056, 49.04040293800006], [16.039739361000045, 49.04238389000005], [16.039120405000062, 49.04252826000004], [16.03686000700003, 49.046094399000026], [16.03156156700004, 49.04508674600004], [16.032078778000027, 49.03988998400007], [16.032415437000054, 49.03650734000007], [16.024774083000068, 49.035440065000046], [16.02147325100003, 49.029487981000045], [16.007725975000028, 49.02723091800004], [15.993359259000044, 49.02866046200006], [15.982897105000063, 49.03353082500007], [15.980092170000034, 49.03851954600003], [15.97586625200006, 49.037435499000026], [15.972169507000046, 49.04016655700008], [15.971949922000022, 49.04247236600003], [15.971634320000078, 49.045786416000055], [15.96108842600006, 49.057204375000026], [15.950450918000058, 49.05090284600004], [15.94553853800005, 49.047992812000075], [15.942472648000034, 49.048660717000075], [15.931386214000042, 49.05107589800008], [15.933592301000033, 49.043052430000046], [15.934710488000064, 49.03898561900007], [15.918838876000052, 49.03034114800005], [15.91063394400004, 49.02953979600005], [15.907207150000033, 49.03026202700005], [15.905226730000038, 49.03425363800005], [15.904853033000052, 49.03500683800007], [15.88378056700003, 49.039332013000035], [15.88608831700003, 49.03302452500003], [15.882915470000057, 49.02861398700003], [15.879716834000021, 49.024167599000066], [15.878082659000029, 49.01499206900007], [15.873087610000027, 49.01266422500004], [15.875416940000036, 49.00844566200004], [15.871377967000058, 49.008828633000064], [15.866694216000042, 49.007028415000036], [15.867536615000063, 49.01097005400004], [15.864455637000049, 49.01167675700003], [15.850344539000048, 49.01491350900005], [15.844872545000044, 49.01123983800005], [15.834753013000068, 49.013293023000074], [15.82725898600006, 49.00778549200004], [15.818030929000031, 49.009828146000075], [15.81428754500007, 49.00559169700006], [15.814022746000035, 49.00529202000007], [15.813818231000027, 49.00520633300005], [15.80025626400004, 48.999524164000036], [15.801726658000064, 48.99527765900007], [15.802236859000061, 48.99380419400006], [15.796430611000062, 48.99092895000007], [15.79472137700003, 48.99008254100005], [15.794312305000062, 48.98918956000006], [15.792018407000057, 48.98418211300003], [15.781289037000022, 48.980408143000034], [15.772441092000065, 48.98054613800008], [15.75815385900006, 48.98076896500004], [15.757070074000069, 48.97775190600004], [15.756306197000072, 48.97414917000003], [15.754922198000031, 48.96762170100004], [15.749439389000031, 48.96795420900003], [15.745643420000022, 48.96818441700003], [15.739861144000031, 48.96256365900007], [15.740572174000022, 48.95995455900004], [15.741044940000052, 48.95821975900003], [15.737951164000037, 48.95210646600003], [15.730668163000075, 48.947067118000064], [15.725806612000042, 48.95186403900004], [15.721776473000034, 48.95609157300004], [15.716613659000075, 48.961507262000055], [15.704819025000063, 48.96753131600008], [15.692596674000072, 48.966774721000036], [15.68991311800005, 48.96477138300003], [15.685705054000039, 48.96162996500004], [15.674942937000026, 48.96308484600007], [15.662089521000041, 48.964822440000034], [15.663047153000036, 48.95859425900005], [15.66349243600007, 48.95569826000008], [15.657735999000067, 48.95140832700008], [15.65847007700006, 48.94820792500008], [15.651850204000027, 48.94666459300004], [15.646811638000031, 48.93833609500007], [15.639424461000033, 48.943309932000034], [15.636026231000073, 48.942151968000076], [15.62397790600005, 48.942470925000066], [15.621923958000025, 48.94544760800005], [15.623899321000067, 48.95033497800006], [15.61817994100005, 48.95168611200006], [15.616623251000021, 48.953573077000044], [15.612507640000047, 48.95856187500004], [15.602668116000075, 48.95754890000006], [15.601946663000035, 48.95365748300003], [15.58898277000003, 48.95454941400004], [15.586756448000074, 48.94715961600008], [15.574274213000024, 48.95580713600003], [15.577368765000074, 48.958517166000036], [15.578395831000023, 48.95941661000006], [15.579080026000042, 48.965449773000046], [15.563927533000026, 48.96916487400006], [15.545834238000054, 48.97239983500003], [15.523787664000054, 48.97634161600007], [15.522117250000065, 48.979167440000026], [15.52448690600005, 48.98732963800006], [15.525113376000036, 48.98784741900005], [15.52919795500003, 48.99122334700007], [15.52865356500007, 48.99487893000003], [15.516915720000043, 48.997305132000065], [15.50867790500007, 48.99794708700006], [15.507611945000065, 48.99722400300004], [15.49602313500003, 48.98936284600006], [15.49021932200003, 48.992224141000065], [15.487872566000021, 48.99601527000004], [15.492860994000068, 48.99996074200004], [15.491803364000077, 49.00461841300006], [15.497136387000069, 49.005511530000035], [15.500473148000026, 49.00726888500003], [15.504276385000026, 49.00778192700005], [15.50908025700005, 49.01624927600005], [15.51213957300007, 49.016625986000065], [15.516641586000048, 49.01654514200004], [15.518521332000034, 49.020946801000036], [15.522431723000068, 49.021199299000045], [15.525446160000058, 49.02139394500006], [15.531919634000076, 49.02624998500005], [15.530170659000078, 49.02949078100005], [15.526193198000044, 49.03686089400003], [15.528504732000044, 49.03961554300008], [15.536612621000074, 49.03992887000004], [15.539234193000027, 49.04003018000003], [15.546118535000062, 49.044026658000064], [15.548096375000057, 49.04943628400008], [15.544832382000038, 49.05324757400007], [15.540412887000059, 49.058408118000045], [15.54138729400006, 49.060324620000074], [15.544694088000028, 49.06091336700007], [15.54720427500007, 49.06086656800005], [15.549996836000048, 49.06161568200008], [15.55054453200006, 49.061762603000034], [15.55511640800006, 49.06110416000007], [15.556064924000054, 49.06679219500006], [15.554535378000026, 49.06896960600005], [15.552044520000038, 49.07251551100006], [15.553655400000025, 49.07607031800006], [15.564228624000066, 49.07351266100005], [15.571312989000035, 49.071798957000055], [15.576060436000034, 49.074472574000026], [15.577640665000047, 49.07309385100007], [15.586446610000053, 49.07213808900008], [15.595762931000024, 49.07578426800006], [15.596781710000073, 49.07892476000006], [15.593515945000036, 49.08302253800008], [15.59255511200007, 49.084228161000055], [15.593945637000047, 49.08451996300005], [15.602878879000059, 49.08639460200004], [15.601214088000063, 49.090131797000026], [15.585833063000052, 49.09700979200005], [15.583294929000033, 49.09814478000004], [15.583539846000065, 49.09846679100008], [15.588373818000036, 49.104822382000066], [15.57703544900005, 49.10603630300005], [15.575563704000047, 49.10353444500004], [15.574624545000063, 49.10193794400004], [15.56581456400005, 49.10851378000007], [15.563499513000068, 49.10966447100003], [15.559248277000052, 49.11142435900007], [15.551990854000053, 49.11347034900007], [15.551684254000065, 49.116463054000064], [15.561790247000033, 49.117692229000056], [15.568734343000074, 49.11853682800006], [15.56959368300005, 49.12143848000005], [15.567509019000056, 49.12886391700005], [15.546649088000038, 49.134934034000025], [15.537341329000071, 49.134977898000045], [15.538314878000051, 49.12811582000006], [15.538389263000056, 49.12759151700004], [15.535823183000048, 49.12554561700006], [15.528730146000044, 49.127801214000044], [15.519579063000037, 49.13071127300003], [15.510446970000032, 49.12904889300006], [15.508896806000052, 49.12715021200006], [15.502689664000059, 49.119547544000056], [15.50163434600006, 49.11944294400007], [15.499688028000037, 49.11904840300008], [15.49739210100006, 49.11929486900004], [15.494595735000075, 49.11898466200006], [15.492325779000055, 49.11937756800006], [15.485284398000033, 49.12213297100004], [15.457871101000023, 49.12211275100003], [15.452955131000067, 49.12531400300003], [15.441313449000063, 49.132895], [15.430697633000023, 49.12929965500007], [15.428170376000025, 49.124500477000026], [15.426752768000028, 49.12180848700007], [15.42393792300004, 49.11767288000004], [15.421840273000043, 49.118586522000044], [15.420684723000022, 49.12425477100004], [15.420536896000044, 49.12497990000003], [15.411579914000072, 49.127992420000055], [15.394341092000047, 49.13379038900007], [15.39087997100006, 49.134739026000034], [15.380578987000035, 49.13816752400004], [15.37574617200005, 49.14657750400005], [15.374783012000023, 49.14825357700005], [15.371679221000022, 49.148686818000044], [15.360330739000062, 49.15027089000006], [15.358960251000042, 49.155283481000026], [15.358743987000025, 49.15607447300005], [15.35754004200004, 49.15602006900008], [15.350366376000068, 49.15569590200005], [15.33957822900004, 49.16840766900003], [15.346807192000028, 49.18372651300007], [15.350315901000045, 49.19116179300005], [15.343250536000028, 49.203485887000056], [15.345235629000058, 49.21526889300003], [15.33199796200006, 49.21910544800005], [15.314251027000068, 49.21796012400006], [15.308183769000038, 49.21484228500003], [15.306455507000067, 49.213954166000065], [15.301067612000054, 49.21463307000005], [15.28491123300006, 49.21666886200006], [15.282123892000072, 49.214076127000055], [15.278951921000044, 49.21112561600006], [15.26411157800004, 49.21372436300004], [15.253602321000074, 49.206123837000064], [15.255011742000022, 49.21238293300007], [15.256333434000055, 49.21773268600003], [15.256427655000039, 49.21811406000006], [15.230751930000054, 49.22407089600006], [15.217016998000076, 49.22723357500007], [15.215491904000032, 49.22711463400003], [15.206736243000023, 49.22643178900006], [15.20314701500007, 49.229950452000026], [15.199151346000065, 49.233867565000025], [15.192042460000039, 49.23567882700007], [15.189051551000034, 49.23034437500007], [15.18661774800006, 49.22880318400007], [15.166483957000025, 49.21605358000005], [15.139395316000048, 49.221159930000056], [15.136455824000052, 49.23250389100008], [15.135719523000034, 49.235345394000035], [15.130426568000075, 49.24284746600006], [15.120860810000067, 49.24813795600005], [15.108038777000047, 49.245191893000026], [15.105095257000073, 49.24451557300006], [15.099129443000038, 49.24085062700004], [15.092127005000066, 49.245452114000045], [15.081496704000074, 49.246703651000075], [15.078948533000073, 49.25097167000007], [15.097276080000029, 49.25075297700005], [15.100662431000046, 49.25071256900003], [15.098903784000072, 49.258908604000055], [15.103965574000028, 49.262961801000074], [15.10347157600006, 49.27029814600007], [15.083161838000024, 49.27262161900006], [15.074928792000037, 49.27301437300008], [15.071105350000039, 49.27319676800005], [15.06396688500007, 49.272731055000065], [15.048402364000026, 49.28037357100004], [15.04606887400007, 49.28368541300006], [15.041519008000023, 49.290142880000076], [15.030110793000063, 49.29650989100003], [15.024007633000053, 49.29363185700004], [15.021729686000072, 49.292052385000034], [15.004213764000042, 49.28598190900004], [15.002621142000066, 49.28542995600003], [14.99083302200006, 49.275800788000026], [14.978988088000051, 49.277232069000036], [14.971733980000067, 49.285238449000076], [14.968929992000028, 49.28833322000003], [14.96316808000006, 49.29046625500007], [14.95482017300003, 49.29355661500006], [14.949923047000027, 49.29756800900003], [14.949671850000072, 49.29870306200007], [14.948678057000052, 49.30319360200008], [14.934962794000057, 49.30768006200003], [14.930424514000038, 49.30916459900004], [14.927298517000054, 49.30987315100003], [14.924264917000073, 49.31051201100007], [14.926235089000045, 49.31300661800003], [14.928858605000073, 49.316328482000074], [14.926703684000074, 49.321032150000065], [14.91461911700003, 49.32744847200007], [14.903883759000053, 49.33314842800007], [14.909833591000051, 49.34069961500006], [14.913156417000039, 49.34148539900008], [14.913883062000025, 49.34165723700005], [14.921933530000047, 49.35065663700004], [14.925776375000055, 49.35301627600006], [14.925022568000031, 49.363046980000036], [14.912848925000048, 49.36702799600005], [14.895912193000072, 49.372566634000066], [14.888249281000071, 49.375864421000074], [14.89266083700005, 49.38198560100005], [14.890903884000068, 49.383967135000034], [14.894100051000066, 49.39307574500003], [14.897605632000023, 49.39438249900007], [14.901020936000066, 49.39565560200003], [14.902866399000061, 49.39962854300006], [14.904221334000056, 49.410307716000034], [14.90443760100004, 49.41201226000004], [14.905860941000071, 49.414254551000056], [14.911053760000073, 49.42243517700007], [14.909613836000062, 49.42328846000004], [14.903885631000037, 49.42668293100007], [14.911151970000049, 49.433231859000045], [14.912517583000067, 49.44369291500004], [14.919768529000066, 49.44773268000006], [14.921443080000074, 49.448665633000076], [14.930054928000061, 49.46778352500007], [14.925348910000025, 49.47033490100006], [14.917941504000055, 49.47435083900007], [14.92520608700005, 49.481777812000075], [14.925722783000026, 49.48230605800006], [14.93059691600007, 49.48482695000007], [14.926683207000053, 49.50069465300004], [14.916135458000042, 49.507695639000076], [14.910887909000053, 49.51117865900005], [14.902971671000046, 49.51446269500008], [14.903309403000037, 49.51849855200004], [14.908938964000072, 49.522215051000046], [14.925342971000077, 49.52338634700004], [14.92766160900004, 49.522826628000075], [14.935766938000029, 49.52087], [14.945445680000034, 49.52762305200008], [14.935406459000035, 49.53681673800003], [14.929209180000043, 49.542492063000054], [14.93201872700007, 49.54910091800008], [14.933392583000057, 49.556993111000054], [14.93490057200006, 49.55701131600006], [14.946221310000055, 49.557147986000075], [14.938271039000028, 49.566262936000044], [14.937163586000054, 49.56753262600006], [14.940647873000046, 49.57278712400006], [14.941008211000053, 49.573330533000046], [14.940997835000076, 49.573747737000076], [14.940860018000024, 49.57928916900005], [14.950184714000045, 49.57767170200003], [14.955490505000057, 49.576751356000045], [14.992666758000041, 49.58171094700003], [14.98162588200006, 49.59130311700005], [14.975884621000034, 49.59356646200007], [14.97023858600005, 49.595792267000036], [14.974216498000033, 49.60242253800004], [14.98118512600007, 49.60631657000005], [15.00108711300004, 49.60775242700004], [15.005793667000034, 49.603117086000054], [15.007585332000076, 49.60135253100003], [15.02146698100006, 49.59690150100005], [15.030074910000053, 49.59950362400008], [15.035034823000046, 49.60100297400004], [15.045150933000059, 49.60010742700007], [15.051388803000066, 49.59633175300007], [15.05441520100004, 49.59449992700007], [15.068769967000037, 49.59592904400006], [15.08772822000003, 49.59979966000003], [15.09357312800006, 49.60305869600006], [15.09607186900007, 49.60445195700004], [15.097779980000041, 49.603945026000076], [15.102585070000032, 49.602518976000056], [15.103522224000073, 49.60515484300004], [15.104445485000042, 49.607751637000035], [15.11438796400006, 49.60904314800007], [15.119108015000052, 49.60490433200005], [15.125484406000055, 49.59931313900006], [15.132594415000028, 49.600298707000036], [15.14546051900004, 49.60208216700005], [15.151558943000055, 49.59382229300007], [15.153285749000077, 49.59148346000006], [15.165103005000049, 49.58903938200007], [15.16463701300006, 49.595429111000044], [15.164545826000051, 49.596679480000034], [15.172929733000046, 49.609473078000065], [15.16973181700007, 49.61035950400003], [15.17155027900003, 49.613802141000065], [15.178789578000021, 49.61088484900006], [15.179584529000067, 49.61056449900008], [15.179487572000028, 49.61164711400005], [15.179266908000045, 49.61411101500005], [15.187654421000047, 49.61967251900006], [15.195536073000028, 49.61531375100003], [15.20143758200004, 49.612050056000044], [15.213496204000023, 49.61277320800008], [15.214425246000076, 49.61282892300005], [15.219764245000022, 49.61314910100003], [15.22073815300007, 49.61285655700004], [15.244547469000054, 49.624016651000034], [15.249307155000054, 49.63098461100003], [15.246894722000036, 49.63617413900005], [15.246215600000028, 49.63763503800004], [15.248211363000053, 49.639849954000056], [15.248520835000022, 49.64005880800005], [15.250486813000066, 49.64138558800005], [15.249480940000069, 49.643604538000034], [15.241746832000047, 49.65055982300004], [15.237198208000052, 49.654650401000026], [15.236151693000068, 49.65923336900005], [15.234744456000044, 49.665396040000076], [15.21665822600005, 49.66565497300007], [15.215069163000067, 49.665257593000035], [15.20715546200006, 49.663278597000044], [15.201807037000037, 49.667619423000076], [15.196663915000045, 49.67179362400003], [15.190979613000025, 49.66954766200007], [15.186230108000075, 49.66767105300005], [15.181686419000073, 49.67322257400008], [15.17754306300003, 49.696440375000066], [15.183051823000028, 49.71028632900004], [15.188625381000065, 49.711033], [15.192204631000038, 49.71151250100007], [15.195793088000073, 49.71562451500006], [15.200652203000061, 49.72119257700007], [15.207854465000025, 49.723350835000076], [15.215872107000052, 49.72575343200003], [15.215986213000065, 49.73185370300007], [15.216120481000075, 49.73903190900006], [15.219845510000027, 49.740061827000034], [15.227663392000068, 49.742223360000025], [15.222653447000027, 49.746033871000066], [15.220246704000033, 49.74786441500004], [15.222665993000078, 49.751609373000065], [15.227441193000061, 49.75613847600005], [15.249039405000076, 49.76306424900008], [15.25449182500006, 49.76094549800007], [15.253279251000038, 49.75816734500006], [15.252172881000035, 49.75563251800003], [15.257322153000075, 49.75418307700005], [15.266028534000043, 49.752099255000076], [15.272853338000061, 49.75494613800004], [15.283347417000073, 49.75932361400004], [15.286268577000044, 49.764420001000076], [15.291325045000065, 49.76463363600004], [15.304599168000038, 49.766537923000044], [15.314668778000055, 49.76612036200004], [15.338487189000034, 49.774433646000034], [15.344167823000078, 49.77203584100005], [15.344648447000054, 49.77139260900003], [15.346160090000069, 49.769369538000035], [15.357574882000051, 49.77841847000008], [15.362177678000023, 49.77872531300005], [15.366680379000059, 49.77596939700004], [15.37054382100007, 49.78679614200007], [15.37091805600005, 49.78784488100007], [15.37441192700004, 49.79083739600003], [15.388677440000038, 49.800035087000026], [15.389881167000055, 49.79765524600003], [15.391903108000065, 49.79365774400003], [15.39762462300007, 49.796054671000036], [15.423856514000022, 49.79242339600006], [15.434541893000073, 49.798480762000054], [15.435300107000046, 49.80273704700005], [15.438950098000078, 49.80435107100004], [15.435347869000054, 49.80584277200006], [15.433709329000067, 49.80652129900005], [15.42795780800003, 49.81617051900008], [15.416355903000067, 49.818974368000056], [15.415046975000052, 49.82434213400006], [15.41886011300005, 49.82923243600004], [15.426281498000037, 49.83115563600006], [15.430408631000034, 49.83222515300008], [15.43203171500005, 49.83453836800004], [15.43394160300005, 49.83726033600004], [15.446775213000024, 49.84486102500006], [15.456023963000064, 49.844577996000055], [15.459438590000047, 49.84153683800008], [15.463118013000042, 49.83825984500004], [15.465539474000025, 49.841188318000036], [15.467197940000062, 49.843194038000036], [15.471439059000033, 49.84352118700008], [15.474719943000025, 49.843774266000025], [15.475058905000026, 49.84602722000005], [15.47583922900003, 49.85121374800008], [15.48318699500004, 49.85261405400007], [15.484074319000058, 49.85226862500008], [15.489817716000061, 49.850032759000044], [15.493291197000076, 49.85455503700007], [15.494430420000072, 49.85804189500004], [15.495371366000029, 49.85836645000006], [15.496953093000059, 49.86118464900005]], [[14.927586807000068, 49.35206351200003], [14.930025305000072, 49.350743711000064], [14.93229825000003, 49.35139384100006], [14.933223344000055, 49.357055642000034], [14.930168240000057, 49.35585226200004], [14.927586807000068, 49.35206351200003]]]]}}]}